Date,Open,High,Low,Close,Volume
2011-06-01,2.672,2.672,2.557,2.593,181035.000
2011-06-02,2.510,2.557,2.253,2.329,439600.000
2011-06-03,2.296,2.361,2.253,2.332,154536.000
2011-06-07,2.274,2.408,2.238,2.383,146089.000
2011-06-08,2.372,2.372,2.249,2.325,160759.000
2011-06-09,2.293,2.368,2.267,2.274,120222.000
2011-06-10,2.260,2.347,2.220,2.267,145571.000
2011-06-13,2.217,2.238,2.115,2.188,162822.000
2011-06-14,2.184,2.372,2.166,2.260,278983.000
2011-06-15,2.242,2.300,2.170,2.170,168677.000
2011-06-16,2.126,2.159,2.050,2.065,173850.000
2011-06-17,2.090,2.119,2.021,2.036,191329.000
2011-06-20,2.039,2.090,1.985,2.083,122691.000
2011-06-21,2.097,2.195,2.072,2.177,193911.000
2011-06-22,2.184,2.224,2.141,2.170,151940.000
2011-06-23,2.148,2.318,2.130,2.293,165888.000
2011-06-24,2.264,2.506,2.256,2.434,322825.000
2011-06-27,2.430,2.629,2.412,2.470,280933.000
2011-06-28,2.582,2.582,2.361,2.452,206529.000
2011-06-29,2.484,2.499,2.285,2.303,258981.000
2011-06-30,2.325,2.513,2.318,2.463,275840.000
2011-07-01,2.491,2.491,2.376,2.412,248789.000
2011-07-04,2.434,2.640,2.426,2.636,378249.000
2011-07-05,2.618,2.629,2.538,2.582,190560.000
2011-07-06,2.549,2.571,2.455,2.524,206475.000
2011-07-07,2.618,2.665,2.488,2.542,337855.000
2011-07-08,2.542,2.727,2.517,2.625,269603.000
2011-07-11,2.578,2.665,2.564,2.582,161734.000
2011-07-12,2.535,2.538,2.415,2.437,245143.000
2011-07-13,2.528,2.698,2.484,2.633,324294.000
2011-07-14,2.643,2.672,2.575,2.647,244478.000
2011-07-15,2.636,2.871,2.578,2.795,375737.000
2011-07-18,2.799,2.846,2.723,2.777,197814.000
2011-07-19,2.708,2.712,2.611,2.633,219355.000
2011-07-20,2.687,2.705,2.575,2.633,145934.000
2011-07-21,2.625,2.640,2.499,2.502,188971.000
2011-07-22,2.528,2.600,2.491,2.513,122733.000
2011-07-25,2.473,2.531,2.347,2.390,197070.000
2011-07-26,2.394,2.546,2.365,2.520,173242.000
2011-07-27,2.455,2.560,2.444,2.502,150079.000
2011-07-28,2.441,2.444,2.336,2.383,187806.000
2011-07-29,2.408,2.708,2.329,2.560,313507.000
2011-08-01,2.510,2.625,2.430,2.510,207920.000
2011-08-02,2.455,2.481,2.340,2.437,193883.000
2011-08-03,2.358,2.466,2.336,2.387,141944.000
2011-08-04,2.397,2.510,2.390,2.397,115022.000
2011-08-05,2.271,2.300,2.180,2.184,248269.000
2011-08-08,2.155,2.260,1.985,2.076,250347.000
2011-08-09,1.981,2.159,1.913,2.086,270885.000
2011-08-10,2.166,2.220,2.104,2.108,182983.000
2011-08-11,2.014,2.249,2.003,2.231,189873.000
2011-08-12,2.253,2.329,2.220,2.307,180534.000
2011-08-15,2.311,2.528,2.209,2.484,308527.000
2011-08-16,2.470,2.542,2.430,2.455,197818.000
2011-08-18,2.466,2.557,2.318,2.340,252459.000
2011-08-19,2.220,2.303,2.180,2.293,155451.000
2011-08-22,2.271,2.307,2.173,2.227,128073.000
2011-08-23,2.235,2.325,2.209,2.307,104654.000
2011-08-24,2.321,2.340,2.202,2.217,125208.000
2011-08-25,2.256,2.571,2.217,2.560,465354.000
2011-08-26,2.510,2.578,2.484,2.575,258558.000
2011-08-29,2.437,2.437,2.278,2.336,451871.000
2011-08-30,2.372,2.481,2.318,2.321,220005.000
2011-08-31,2.329,2.444,2.274,2.383,130434.000
2011-09-01,2.383,2.455,2.361,2.412,114653.000
2011-09-05,2.293,2.321,2.206,2.238,138286.000
2011-09-06,2.202,2.260,2.184,2.206,113505.000
2011-09-07,2.253,2.350,2.198,2.314,130072.000
2011-09-08,2.314,2.343,2.264,2.282,100766.000
2011-09-09,2.311,2.390,2.209,2.249,106628.000
2011-09-13,2.148,2.267,2.133,2.264,103205.000
2011-09-14,2.271,2.289,2.133,2.227,147226.000
2011-09-15,2.238,2.321,2.224,2.278,170642.000
2011-09-16,2.311,2.473,2.300,2.437,369535.000
2011-09-19,2.368,2.372,2.278,2.293,105998.000
2011-09-20,2.274,2.408,2.256,2.343,77127.000
2011-09-21,2.343,2.510,2.296,2.459,183686.000
2011-09-22,2.394,2.415,2.321,2.329,156447.000
2011-09-23,2.224,2.376,2.195,2.300,151810.000
2011-09-26,2.231,2.350,2.068,2.090,198138.000
2011-09-27,2.148,2.184,2.043,2.137,137617.000
2011-09-28,2.177,2.177,2.039,2.076,96703.000
2011-09-29,2.039,2.123,2.018,2.090,113157.000
2011-09-30,2.104,2.155,2.076,2.090,142040.000
2011-10-10,2.057,2.090,1.877,1.895,209655.000
2011-10-11,2.076,2.108,1.909,1.949,214649.000
2011-10-12,1.913,2.220,1.891,2.206,274472.000
2011-10-13,2.166,2.231,2.155,2.202,145064.000
2011-10-14,2.180,2.227,2.119,2.206,86952.000
2011-10-17,2.249,2.332,2.227,2.271,117115.000
2011-10-18,2.224,2.235,2.072,2.083,138012.000
2011-10-19,2.115,2.177,2.079,2.097,82374.000
2011-10-20,2.076,2.086,1.967,2.003,92459.000
2011-10-21,2.039,2.141,1.992,2.086,140826.000
2011-10-24,2.112,2.318,2.050,2.267,240590.000
2011-10-25,2.264,2.354,2.220,2.307,199573.000
2011-10-26,2.311,2.412,2.293,2.347,244161.000
2011-10-27,2.354,2.412,2.296,2.336,146500.000
2011-10-28,2.437,2.510,2.394,2.448,284957.000
2011-10-31,2.448,2.466,2.303,2.394,141766.000
2011-11-01,2.350,2.477,2.321,2.383,179309.000
2011-11-02,2.307,2.481,2.300,2.481,190694.000
2011-11-03,2.477,2.506,2.358,2.394,262328.000
2011-11-04,2.437,2.455,2.376,2.430,133396.000
2011-11-07,2.383,2.408,2.300,2.336,129577.000
2011-11-08,2.343,2.390,2.314,2.343,96705.000
2011-11-09,2.361,2.423,2.321,2.415,113552.000
2011-11-10,2.358,2.426,2.329,2.358,158436.000
2011-11-11,2.354,2.379,2.260,2.282,165267.000
2011-11-14,2.321,2.383,2.282,2.340,179250.000
2011-11-15,2.321,2.336,2.213,2.246,217088.000
2011-11-16,2.246,2.249,2.065,2.086,199272.000
2011-11-17,2.104,2.123,2.054,2.068,109618.000
2011-11-18,2.036,2.104,2.025,2.057,143868.000
2011-11-21,2.065,2.065,2.003,2.057,136736.000
2011-11-22,2.039,2.119,2.010,2.094,132818.000
2011-11-23,2.112,2.126,1.974,1.989,188944.000
2011-11-24,1.971,2.047,1.927,2.018,121463.000
2011-11-25,1.978,2.025,1.963,2.000,84462.000
2011-11-28,2.010,2.047,1.971,1.996,98132.000
2011-11-29,2.054,2.079,2.003,2.061,156494.000
2011-11-30,2.057,2.061,1.887,1.898,191657.000
2011-12-01,2.050,2.173,2.021,2.032,411832.000
2011-12-02,2.007,2.083,1.981,2.061,181860.140
2011-12-05,2.054,2.090,1.967,2.057,113491.370
2011-12-07,2.039,2.130,2.025,2.094,148624.000
2011-12-08,2.094,2.123,2.007,2.054,187052.000
2011-12-09,2.032,2.061,2.000,2.021,86862.000
2011-12-12,2.025,2.061,1.974,2.018,86331.000
2011-12-13,2.003,2.050,1.945,1.960,190004.440
2011-12-14,1.960,1.989,1.895,1.931,84931.060
2011-12-15,1.898,1.924,1.721,1.732,192736.510
2011-12-16,1.743,1.855,1.688,1.815,157377.000
2011-12-19,1.775,1.880,1.721,1.840,128100.000
2011-12-20,1.822,1.920,1.811,1.833,94637.000
2011-12-21,1.884,1.938,1.826,1.837,146608.000
2011-12-22,1.826,1.916,1.786,1.877,109849.000
2011-12-23,1.869,1.934,1.844,1.866,99465.000
2011-12-26,1.858,1.906,1.837,1.866,73776.000
2011-12-27,1.862,1.934,1.858,1.887,138797.000
2011-12-28,1.866,1.916,1.750,1.822,113179.000
2011-12-29,1.804,1.866,1.790,1.826,128592.000
2011-12-30,1.840,1.927,1.822,1.927,261487.000
2012-01-04,1.927,1.927,1.768,1.772,147910.000
2012-01-05,1.772,1.913,1.761,1.855,244080.000
2012-01-06,1.840,1.898,1.768,1.840,133151.000
2012-01-09,1.844,2.007,1.804,1.996,221138.000
2012-01-20,2.340,2.415,2.191,2.358,586675.000
2012-01-30,2.368,2.415,2.303,2.332,332988.000
2012-01-31,2.336,2.365,2.256,2.307,173265.000
2012-02-01,2.285,2.365,2.231,2.238,185158.000
2012-02-02,2.256,2.423,2.238,2.408,244623.000
2012-02-03,2.387,2.452,2.329,2.434,229964.000
2012-02-06,2.437,2.444,2.354,2.376,157808.000
2012-02-07,2.343,2.358,2.271,2.289,122086.000
2012-02-08,2.285,2.441,2.285,2.401,172272.000
2012-02-10,2.365,2.430,2.365,2.405,182118.000
2012-02-13,2.361,2.368,2.285,2.321,215066.000
2012-02-14,2.311,2.336,2.253,2.293,108546.000
2012-02-15,2.289,2.350,2.238,2.300,201305.000
2012-02-16,2.300,2.325,2.206,2.238,273692.000
2012-02-17,2.271,2.282,2.220,2.238,150690.000
2012-02-20,2.343,2.347,2.235,2.238,224205.000
2012-02-21,2.249,2.271,2.198,2.253,150264.000
2012-02-22,2.253,2.311,2.235,2.300,317397.000
2012-02-23,2.300,2.350,2.289,2.303,226267.000
2012-02-24,2.325,2.390,2.267,2.390,364104.000
2012-02-27,2.401,2.506,2.350,2.408,447617.000
2012-02-28,2.412,2.611,2.401,2.528,460141.000
2012-02-29,2.535,2.535,2.444,2.473,263024.000
2012-03-01,2.466,2.596,2.459,2.520,291621.000
2012-03-02,2.520,2.618,2.517,2.611,290973.000
2012-03-05,2.629,2.719,2.517,2.535,350417.000
2012-03-06,2.513,2.546,2.401,2.419,331374.000
2012-03-07,2.365,2.448,2.347,2.365,201371.000
2012-03-08,2.408,2.495,2.383,2.448,288782.000
2012-03-09,2.401,2.415,2.314,2.390,530536.000
2012-03-12,2.394,2.394,2.307,2.329,270647.000
2012-03-13,2.347,2.394,2.321,2.383,237530.000
2012-03-14,2.408,2.452,2.235,2.249,439964.000
2012-03-15,2.253,2.285,2.166,2.166,258048.000
2012-03-16,2.173,2.224,2.133,2.220,167865.000
2012-03-19,2.198,2.220,2.148,2.202,167464.000
2012-03-20,2.191,2.195,2.094,2.101,203040.000
2012-03-21,2.148,2.155,2.083,2.112,150404.000
2012-03-22,2.115,2.177,2.065,2.144,179388.000
2012-03-23,2.115,2.123,2.061,2.079,119016.000
2012-03-26,2.083,2.104,2.068,2.090,82461.000
2012-03-27,2.115,2.133,2.094,2.101,111209.000
2012-03-28,2.097,2.112,1.989,1.996,204482.000
2012-03-29,1.996,1.996,1.880,1.920,188865.000
2012-03-30,1.942,1.978,1.927,1.971,106312.000
2012-04-05,1.971,2.000,1.877,1.981,183792.000
2012-04-06,1.967,2.079,1.942,2.072,193875.000
2012-04-09,2.039,2.039,1.967,1.985,93197.000
2012-04-10,1.974,2.036,1.924,2.032,196998.000
2012-04-11,1.960,2.054,1.953,2.014,105143.000
2012-04-12,2.018,2.198,1.985,2.195,275779.000
2012-04-13,2.202,2.296,2.148,2.184,337744.000
2012-04-16,2.144,2.202,2.104,2.141,133673.000
2012-04-17,2.126,2.159,2.068,2.072,118951.000
2012-04-18,2.083,2.195,2.083,2.170,159600.000
2012-04-19,2.184,2.209,2.148,2.206,137391.000
2012-04-20,2.184,2.293,2.166,2.285,258074.000
2012-04-23,2.271,2.300,2.202,2.227,197381.000
2012-04-24,2.220,2.481,2.213,2.350,478040.000
2012-04-25,2.300,2.387,2.285,2.387,208923.000
2012-04-26,2.394,2.405,2.242,2.285,283414.000
2012-04-27,2.303,2.347,2.246,2.278,166617.000
2012-05-02,2.336,2.415,2.307,2.358,261172.000
2012-05-03,2.358,2.379,2.296,2.303,161487.000
2012-05-04,2.296,2.340,2.282,2.332,140295.000
2012-05-07,2.296,2.343,2.249,2.293,255730.000
2012-05-08,2.278,2.285,2.238,2.271,175129.000
2012-05-09,2.238,2.246,2.119,2.133,213676.000
2012-05-10,2.133,2.170,2.101,2.123,129428.000
2012-05-11,2.123,2.148,2.079,2.083,162519.000
2012-05-14,2.126,2.133,2.039,2.054,206960.000
2012-05-15,2.039,2.097,2.003,2.083,134454.000
2012-05-16,2.076,2.076,1.985,1.989,150305.000
2012-05-17,2.003,2.065,1.989,2.054,133389.000
2012-05-18,2.003,2.043,1.953,1.974,157863.000
2012-05-21,1.974,2.018,1.967,1.992,85694.000
2012-05-22,2.014,2.072,2.014,2.065,113598.000
2012-05-24,2.032,2.043,1.956,1.971,194073.000
2012-05-25,1.974,1.989,1.931,1.938,98929.000
2012-05-28,1.938,2.007,1.902,2.007,137202.000
2012-05-29,2.003,2.061,1.949,2.050,286808.000
2012-05-30,2.025,2.032,1.931,1.967,217125.000
2012-05-31,1.956,1.992,1.916,1.963,153251.000
2012-06-01,1.967,2.032,1.949,1.996,158353.000
2012-06-04,1.934,1.945,1.851,1.858,171777.000
2012-06-05,1.873,1.880,1.808,1.808,246144.000
2012-06-06,1.822,1.840,1.804,1.830,188860.000
2012-06-07,1.869,1.887,1.775,1.790,131302.000
2012-06-08,1.804,1.811,1.631,1.645,397557.000
2012-06-11,1.660,1.688,1.613,1.638,265509.000
2012-06-12,1.605,1.634,1.515,1.544,298155.000
2012-06-13,1.562,1.681,1.533,1.656,260116.000
2012-06-14,1.627,1.645,1.573,1.584,130478.000
2012-06-15,1.609,1.840,1.609,1.772,422951.000
2012-06-18,1.764,1.797,1.736,1.790,198733.000
2012-06-19,1.768,1.848,1.754,1.804,149924.000
2012-06-20,1.833,1.895,1.786,1.797,143707.000
2012-06-21,1.793,1.797,1.663,1.678,144832.000
2012-06-25,1.670,1.736,1.631,1.631,164358.000
2012-06-26,1.645,1.717,1.638,1.678,134923.000
2012-06-27,1.681,1.699,1.641,1.663,81776.000
2012-06-28,1.663,1.699,1.609,1.616,100847.000
2012-06-29,1.631,1.797,1.605,1.772,184554.000
2012-07-02,1.797,1.797,1.714,1.768,155645.000
2012-07-03,1.754,1.815,1.721,1.761,123727.000
2012-07-04,1.761,1.887,1.761,1.815,197669.000
2012-07-05,1.797,1.833,1.768,1.783,102896.000
2012-07-06,1.696,1.786,1.623,1.764,165454.000
2012-07-09,1.736,1.736,1.609,1.609,160952.000
2012-07-10,1.613,1.725,1.609,1.681,123709.000
2012-07-11,1.663,1.703,1.634,1.663,75444.000
2012-07-12,1.649,1.692,1.587,1.670,194730.000
2012-07-13,1.641,1.764,1.623,1.707,110700.000
2012-07-16,1.714,1.739,1.660,1.660,108602.000
2012-07-17,1.660,1.728,1.649,1.725,91601.000
2012-07-18,1.707,1.725,1.660,1.717,75612.000
2012-07-19,1.710,1.750,1.670,1.721,136263.000
2012-07-20,1.667,1.699,1.649,1.660,106734.000
2012-07-23,1.627,1.645,1.591,1.645,150493.000
2012-07-24,1.623,1.703,1.620,1.641,100943.000
2012-07-25,1.641,1.667,1.576,1.584,98404.000
2012-07-26,1.584,1.645,1.573,1.587,72903.000
2012-07-27,1.613,1.692,1.587,1.623,109660.000
2012-07-30,1.627,1.739,1.627,1.660,118426.000
2012-07-31,1.674,1.761,1.663,1.750,153134.000
2012-08-01,1.743,1.793,1.714,1.772,121867.000
2012-08-02,1.772,1.786,1.736,1.772,89077.000
2012-08-03,1.768,1.783,1.725,1.768,94387.000
2012-08-06,1.761,1.793,1.750,1.750,153312.000
2012-08-07,1.746,1.768,1.692,1.699,159825.000
2012-08-08,1.696,1.732,1.692,1.728,117541.000
2012-08-09,1.725,1.728,1.681,1.728,85750.000
2012-08-10,1.739,1.775,1.739,1.743,105498.000
2012-08-13,1.750,1.775,1.721,1.725,107990.000
2012-08-14,1.725,1.822,1.692,1.808,180370.000
2012-08-15,1.772,1.801,1.717,1.750,116142.000
2012-08-16,1.725,1.728,1.663,1.681,146815.000
2012-08-17,1.681,1.750,1.670,1.736,103996.000
2012-08-20,1.710,1.714,1.616,1.660,155795.000
2012-08-21,1.660,1.670,1.620,1.638,130219.000
2012-08-22,1.641,1.645,1.573,1.594,125182.000
2012-08-23,1.598,1.620,1.547,1.576,131289.000
2012-08-24,1.566,1.569,1.482,1.486,188179.000
2012-08-27,1.482,1.486,1.370,1.392,167759.000
2012-08-28,1.399,1.519,1.363,1.486,159108.000
2012-08-29,1.461,1.468,1.421,1.453,69483.000
2012-08-30,1.410,1.486,1.406,1.453,89873.000
2012-08-31,1.439,1.508,1.421,1.421,85619.000
2012-09-03,1.432,1.461,1.417,1.428,101129.000
2012-09-04,1.428,1.443,1.287,1.305,207755.000
2012-09-05,1.298,1.305,1.186,1.215,172190.000
2012-09-06,1.218,1.262,1.193,1.254,103560.000
2012-09-07,1.280,1.497,1.265,1.428,281737.000
2012-09-10,1.424,1.435,1.334,1.377,236777.000
2012-09-11,1.356,1.370,1.320,1.359,87436.000
2012-09-12,1.381,1.406,1.301,1.345,122452.000
2012-09-13,1.338,1.363,1.312,1.312,82442.000
2012-09-14,1.345,1.403,1.301,1.370,153272.000
2012-09-17,1.359,1.359,1.236,1.247,114714.000
2012-09-18,1.236,1.236,1.168,1.175,122501.000
2012-09-19,1.179,1.197,1.066,1.113,184346.000
2012-09-20,1.103,1.103,0.990,0.994,181346.000
2012-09-21,0.990,1.001,0.929,0.947,157512.000
2012-09-24,0.925,0.990,0.842,0.958,179056.000
2012-09-25,0.947,0.947,0.882,0.896,98825.000
2012-09-26,0.900,0.914,0.846,0.860,70789.000
2012-09-27,0.860,1.084,0.857,1.001,215387.000
2012-09-28,0.972,1.045,0.951,1.037,150957.000
2012-10-08,1.041,1.074,0.954,0.976,106386.000
2012-10-09,0.990,1.110,0.990,1.095,164815.000
2012-10-10,1.095,1.099,1.063,1.095,99765.000
2012-10-11,1.099,1.099,1.056,1.070,95747.000
2012-10-12,1.088,1.146,1.066,1.095,101451.000
2012-10-15,1.099,1.103,1.009,1.027,89119.000
2012-10-16,1.037,1.117,1.016,1.070,126346.000
2012-10-17,1.088,1.128,1.074,1.121,121881.000
2012-10-18,1.128,1.193,1.117,1.175,159178.000
2012-10-19,1.179,1.193,1.157,1.182,100713.000
2012-10-22,1.164,1.211,1.131,1.197,134089.000
2012-10-23,1.200,1.207,1.124,1.135,116808.000
2012-10-24,1.124,1.171,1.110,1.131,89952.000
2012-10-25,1.142,1.150,1.095,1.103,123377.000
2012-10-26,1.124,1.135,0.990,1.001,171380.000
2012-10-29,0.990,1.045,0.980,1.005,129641.000
2012-10-30,1.005,1.077,0.998,1.059,142921.000
2012-10-31,1.070,1.103,1.048,1.084,75125.000
2012-11-01,1.084,1.211,1.081,1.164,138003.000
2012-11-02,1.164,1.233,1.160,1.218,163336.000
2012-11-05,1.222,1.283,1.207,1.247,146754.000
2012-11-06,1.240,1.251,1.164,1.236,130179.000
2012-11-07,1.211,1.254,1.182,1.226,88168.000
2012-11-08,1.186,1.218,1.164,1.164,84728.000
2012-11-09,1.160,1.186,1.146,1.179,62170.000
2012-11-12,1.168,1.254,1.164,1.251,145349.000
2012-11-13,1.247,1.247,1.164,1.179,99935.000
2012-11-14,1.207,1.207,1.146,1.164,75263.000
2012-11-15,1.135,1.168,1.063,1.081,76519.000
2012-11-16,1.063,1.081,0.998,1.063,147558.000
2012-11-19,1.034,1.066,1.001,1.059,98369.000
2012-11-20,1.059,1.066,0.998,1.056,79758.000
2012-11-21,1.041,1.135,1.023,1.121,107926.000
2012-11-22,1.113,1.121,1.066,1.081,48589.000
2012-11-23,1.095,1.146,1.077,1.121,80318.000
2012-11-26,1.113,1.117,1.063,1.074,57372.000
2012-11-27,1.056,1.095,1.048,1.092,88752.000
2012-11-28,1.070,1.095,1.056,1.059,72136.000
2012-11-29,1.059,1.063,0.933,0.933,204974.000
2012-11-30,0.918,0.983,0.918,0.954,96646.000
2012-12-03,0.958,0.965,0.846,0.867,140727.000
2012-12-04,0.867,0.943,0.839,0.918,116924.000
2012-12-05,0.904,1.197,0.893,1.168,402363.000
2012-12-06,1.153,1.229,1.139,1.211,361015.000
2012-12-07,1.211,1.399,1.200,1.396,456567.000
2012-12-10,1.443,1.540,1.341,1.504,481814.000
2012-12-11,1.461,1.522,1.421,1.428,260683.000
2012-12-12,1.435,1.529,1.421,1.475,227396.000
2012-12-13,1.457,1.468,1.406,1.410,189649.000
2012-12-14,1.403,1.822,1.396,1.815,774137.000
2012-12-17,1.822,1.866,1.750,1.830,487780.000
2012-12-18,1.804,1.920,1.764,1.840,411629.000
2012-12-19,1.822,1.873,1.801,1.815,271576.000
2012-12-20,1.786,1.804,1.670,1.790,293475.000
2012-12-21,1.779,1.801,1.696,1.703,245271.000
2012-12-24,1.692,1.826,1.685,1.721,217778.000
2012-12-25,1.710,1.960,1.678,1.898,449881.000
2012-12-26,1.895,1.913,1.840,1.884,308014.000
2012-12-27,1.906,1.953,1.848,1.924,283630.000
2012-12-28,1.913,2.032,1.884,1.967,242349.000
2012-12-31,2.007,2.173,1.985,2.119,378684.000
2013-01-04,2.227,2.274,2.083,2.108,443851.000
2013-01-07,2.104,2.238,2.068,2.220,357169.000
2013-01-08,2.220,2.246,2.061,2.112,312479.000
2013-01-09,2.097,2.119,2.039,2.061,251329.000
2013-01-10,2.061,2.148,2.036,2.065,240030.000
2013-01-11,2.065,2.126,1.913,1.945,251268.000
2013-01-14,1.927,2.506,1.927,2.506,939895.000
2013-01-15,2.517,2.806,2.506,2.694,984064.000
2013-01-16,2.694,2.803,2.553,2.770,682700.000
2013-01-17,2.727,2.936,2.640,2.741,675772.000
2013-01-18,2.788,2.987,2.690,2.954,665367.000
2013-01-21,2.944,3.450,2.831,3.450,782136.000
2013-01-22,3.363,3.884,3.316,3.732,1068769.000
2013-01-23,3.562,3.707,3.305,3.577,635698.000
2013-01-24,3.569,3.768,3.305,3.360,857236.000
2013-01-25,3.378,3.407,3.175,3.251,614312.000
2013-01-28,3.255,3.945,3.255,3.945,1163995.000
2013-01-29,4.029,4.119,3.786,4.058,1082894.000
2013-01-30,3.956,4.043,3.848,4.039,583624.000
2013-01-31,4.018,4.043,3.848,3.956,415884.000
2013-02-01,3.927,4.481,3.844,4.437,824080.000
2013-02-04,4.376,4.568,4.177,4.285,857419.000
2013-02-05,4.188,4.340,3.989,4.202,426891.000
2013-02-06,4.173,4.275,4.083,4.231,380826.000
2013-02-07,4.173,4.213,3.671,3.866,586126.000
2013-02-08,3.841,3.938,3.699,3.830,462024.000
2013-02-18,3.888,4.097,3.822,3.884,421813.000
2013-02-19,3.848,3.960,3.801,3.851,486508.000
2013-02-20,3.866,3.917,3.446,3.667,659157.000
2013-02-21,3.558,3.558,3.218,3.414,740244.000
2013-02-22,3.378,3.446,3.179,3.240,468595.000
2013-02-25,3.291,3.667,3.276,3.562,616300.000
2013-02-26,3.490,4.271,3.450,3.866,1034814.000
2013-02-27,3.924,4.217,3.866,3.927,700676.000
2013-02-28,3.971,4.644,3.931,4.644,1119891.000
2013-03-01,4.618,4.730,4.416,4.665,1037823.000
2013-03-04,4.445,4.644,4.112,4.191,1098779.000
2013-03-05,4.209,4.980,4.206,4.980,1168987.000
2013-03-06,5.186,5.262,4.976,5.096,1138281.000
2013-03-07,4.987,5.049,4.553,4.911,892670.000
2013-03-08,4.933,4.998,4.448,4.593,925868.000
2013-03-11,4.542,4.636,4.228,4.510,573293.000
2013-03-12,4.499,4.568,4.032,4.181,840769.000
2013-03-13,4.170,4.492,4.141,4.314,836901.000
2013-03-14,4.282,4.314,4.029,4.162,577853.000
2013-03-15,4.159,4.510,3.848,4.354,943574.000
2013-03-18,4.173,4.282,3.996,4.047,745294.000
2013-03-19,4.029,4.184,3.935,4.101,529771.000
2013-03-20,4.076,4.741,4.065,4.680,1309370.000
2013-03-21,4.640,4.719,4.528,4.629,715317.000
2013-03-22,4.625,4.694,4.564,4.654,411825.000
2013-03-25,4.691,4.745,4.524,4.557,452893.000
2013-03-26,4.495,4.495,4.311,4.332,559773.000
2013-03-27,4.343,4.524,4.253,4.336,385996.000
2013-03-28,3.920,3.920,3.537,3.566,1175043.000
2013-03-29,3.566,3.692,3.428,3.602,569848.000
2013-04-01,3.631,3.775,3.595,3.699,385541.000
2013-04-02,3.696,3.884,3.627,3.718,463054.000
2013-04-03,3.761,3.844,3.671,3.721,224589.000
2013-04-08,3.482,3.595,3.407,3.533,407714.000
2013-04-09,3.555,3.652,3.526,3.537,380491.000
2013-04-10,3.515,3.522,3.244,3.341,507767.000
2013-04-11,3.410,3.450,3.302,3.345,311788.000
2013-04-12,3.360,3.370,3.124,3.161,805322.000
2013-04-15,3.175,3.218,2.983,3.038,570956.000
2013-04-16,2.954,3.110,2.871,3.106,655492.000
2013-04-17,3.088,3.114,2.853,3.012,642703.000
2013-04-18,2.915,3.265,2.868,3.233,901244.000
2013-04-19,3.197,3.775,3.175,3.645,1478380.000
2013-04-22,3.558,3.692,3.526,3.642,692914.000
2013-04-23,3.678,3.699,3.215,3.226,802659.000
2013-04-24,3.106,3.482,3.034,3.341,733380.000
2013-04-25,3.197,3.334,3.103,3.135,446855.000
2013-04-26,3.193,3.276,3.070,3.088,336738.000
2013-05-02,3.052,3.168,2.980,3.164,237572.000
2013-05-03,3.190,3.634,3.146,3.461,720126.000
2013-05-06,3.501,3.761,3.443,3.671,840544.000
2013-05-07,3.616,3.696,3.515,3.649,424170.000
2013-05-08,3.685,3.873,3.530,3.696,628787.000
2013-05-09,3.656,3.656,3.486,3.605,483613.000
2013-05-10,3.558,3.710,3.519,3.627,386248.000
2013-05-13,3.598,3.631,3.486,3.530,323879.000
2013-05-14,3.530,3.533,3.237,3.302,498160.000
2013-05-15,3.302,3.349,3.251,3.305,242082.000
2013-05-16,3.273,3.728,3.215,3.671,813115.000
2013-05-17,3.660,3.750,3.530,3.699,595807.000
2013-05-20,3.732,4.101,3.696,3.913,876974.000
2013-05-21,3.848,3.996,3.826,3.956,447574.000
2013-05-22,3.956,4.025,3.891,3.978,413113.000
2013-05-23,3.924,3.992,3.739,3.747,507409.000
2013-05-24,3.757,3.898,3.671,3.808,332809.000
2013-05-27,3.772,3.877,3.663,3.710,358546.000
2013-05-28,3.710,4.173,3.645,4.137,783617.000
2013-05-29,4.141,4.170,4.000,4.021,532597.000
2013-05-30,4.000,4.130,3.942,3.992,425441.000
2013-05-31,4.011,4.097,3.913,3.917,361862.000
2013-06-03,3.895,3.989,3.844,3.888,343792.000
2013-06-04,3.888,4.039,3.841,3.967,442156.000
2013-06-05,3.924,3.960,3.783,3.851,305745.000
2013-06-06,3.772,3.837,3.573,3.605,435270.000
2013-06-07,3.605,3.652,3.345,3.388,402000.000
2013-06-13,3.309,3.316,3.034,3.121,381342.000
2013-06-14,3.197,3.269,3.124,3.218,328553.000
2013-06-17,3.255,3.399,3.179,3.284,309210.000
2013-06-18,3.360,3.573,3.360,3.461,389599.000
2013-06-19,3.396,3.399,3.251,3.284,369977.000
2013-06-20,3.290,3.302,2.792,2.856,903066.000
2013-06-21,2.723,2.978,2.665,2.914,614002.000
2013-06-24,2.816,2.816,2.260,2.260,1166671.000
2013-06-25,2.057,2.231,1.675,2.162,1717162.000
2013-06-26,2.173,2.173,1.930,2.034,1017151.000
2013-06-27,2.086,2.173,1.907,1.942,835867.000
2013-06-28,1.884,2.254,1.768,2.156,926643.000
2013-07-01,2.063,2.144,1.849,2.028,800196.000
2013-07-02,2.046,2.057,1.809,1.942,813753.000
2013-07-03,1.913,1.913,1.751,1.785,771158.000
2013-07-04,1.722,1.924,1.600,1.809,805159.000
2013-07-05,1.797,1.924,1.791,1.809,641446.000
2013-07-08,1.699,1.745,1.577,1.589,595006.000
2013-07-09,1.600,1.658,1.577,1.594,512150.000
2013-07-10,1.600,1.826,1.589,1.826,747241.000
2013-07-11,1.884,2.370,1.884,2.370,1733611.000
2013-07-12,2.463,2.659,2.324,2.370,2118543.000
2013-07-15,2.463,2.613,2.196,2.468,1341659.000
2013-07-16,2.376,2.428,2.254,2.393,1016227.000
2013-07-17,2.387,2.439,2.231,2.254,673688.000
2013-07-18,2.219,2.277,2.046,2.069,806687.000
2013-07-19,2.069,2.115,1.832,1.843,827367.000
2013-07-22,1.728,1.884,1.664,1.838,658377.000
2013-07-23,1.866,2.312,1.832,2.150,1247443.000
2013-07-24,2.052,2.104,1.913,2.034,899721.000
2013-07-25,2.052,2.185,2.000,2.063,689874.000
2013-07-26,2.005,2.034,1.913,1.965,465050.000
2013-07-29,1.866,1.895,1.803,1.832,498130.000
2013-07-30,1.884,2.133,1.861,1.988,674541.000
2013-07-31,2.063,2.167,1.913,1.936,454468.000
2013-08-01,2.023,2.127,1.947,2.127,762750.000
2013-08-02,2.185,2.231,2.052,2.069,577417.000
2013-08-05,2.069,2.138,2.040,2.138,531430.000
2013-08-06,2.098,2.173,2.046,2.127,596179.000
2013-08-07,2.104,2.243,2.086,2.133,743764.000
2013-08-08,2.092,2.202,2.075,2.110,545859.000
2013-08-09,2.156,2.185,2.028,2.086,497634.000
2013-08-12,2.104,2.434,2.086,2.364,1348363.000
2013-08-13,2.353,2.497,2.318,2.463,1203496.000
2013-08-14,2.468,2.653,2.393,2.422,1164744.000
2013-08-15,2.416,2.474,2.277,2.289,586756.000
2013-08-16,2.277,2.879,2.179,2.509,2531434.000
2013-08-19,2.300,2.723,2.300,2.630,1585603.000
2013-08-20,2.584,2.897,2.515,2.752,1531867.000
2013-08-21,2.735,2.810,2.607,2.700,626804.000
2013-08-22,2.671,2.897,2.642,2.723,790806.000
2013-08-23,2.723,2.792,2.428,2.532,1043961.000
2013-08-26,2.538,2.723,2.463,2.694,743274.000
2013-08-27,2.688,2.763,2.613,2.682,586884.000
2013-08-28,2.601,2.659,2.480,2.538,682203.000
2013-08-29,2.636,2.688,2.520,2.544,551253.000
2013-08-30,2.486,2.665,2.474,2.526,520290.000
2013-09-02,2.601,2.653,2.538,2.607,500231.000
2013-09-03,2.630,2.868,2.590,2.868,1157571.000
2013-09-04,2.844,2.983,2.781,2.798,892620.000
2013-09-05,2.798,2.827,2.740,2.769,343230.000
2013-09-09,2.914,3.406,2.914,3.406,2204493.000
2013-09-10,3.574,3.707,3.325,3.585,2085294.000
2013-09-11,3.562,3.996,3.446,3.730,1708230.000
2013-09-12,3.631,4.407,3.562,4.181,1830540.000
2013-09-13,4.042,4.314,3.927,4.031,1191319.000
2013-09-16,4.037,4.280,3.718,4.025,1434366.000
2013-09-17,3.996,4.123,3.765,3.788,940026.000
2013-09-18,3.765,3.903,3.626,3.788,617002.000
2013-09-23,3.794,3.892,3.689,3.840,723795.000
2013-09-24,3.828,3.834,3.313,3.487,1456189.000
2013-09-25,3.435,3.591,3.319,3.348,779930.000
2013-09-26,3.307,3.307,3.041,3.134,860711.000
2013-09-27,3.116,3.336,3.099,3.273,687519.000
2013-09-30,3.273,3.354,3.226,3.261,373601.000
2013-10-08,3.261,3.527,3.047,3.452,737574.000
2013-10-09,3.400,3.765,3.342,3.649,844084.000
2013-10-10,3.678,3.765,3.446,3.493,776268.000
2013-10-11,3.568,3.782,3.539,3.730,922986.000
2013-10-14,3.678,3.730,3.603,3.614,552939.000
2013-10-15,3.614,3.620,3.406,3.452,484463.000
2013-10-16,3.417,3.423,3.290,3.336,452396.000
2013-10-17,3.406,3.469,3.331,3.331,313615.000
2013-10-18,3.336,3.585,3.307,3.446,515652.000
2013-10-21,3.452,3.550,3.342,3.522,603012.000
2013-10-22,3.493,3.493,3.336,3.360,514900.000
2013-10-23,3.429,4.002,3.423,3.666,1543357.000
2013-10-24,3.684,3.996,3.562,3.909,1477784.000
2013-10-25,3.869,4.372,3.828,4.158,1441107.000
2013-10-28,4.141,4.152,3.892,3.985,878762.000
2013-10-29,3.996,4.719,3.996,4.557,2141540.000
2013-10-30,4.488,4.772,4.378,4.719,1325822.000
2013-10-31,4.633,4.673,4.343,4.430,1112968.000
2013-11-01,4.419,4.552,4.285,4.413,844921.000
2013-11-04,4.476,4.540,4.181,4.233,739668.000
2013-11-05,4.083,4.309,3.886,4.291,987035.000
2013-11-06,4.147,4.187,3.944,3.996,715289.000
2013-11-07,4.031,4.175,3.967,4.066,686503.000
2013-11-08,3.967,4.222,3.956,4.100,720081.000
2013-11-11,4.100,4.222,3.967,4.141,615850.000
2013-11-12,4.147,4.546,4.147,4.517,1087326.000
2013-11-13,4.413,4.447,4.066,4.100,826421.000
2013-11-14,4.054,4.118,3.892,3.990,964412.000
2013-11-15,4.013,4.355,3.944,4.118,967029.000
2013-11-18,4.187,4.569,4.054,4.540,1281561.000
2013-11-19,4.511,4.557,4.355,4.384,835383.000
2013-11-20,4.488,4.604,4.343,4.482,705238.000
2013-11-21,4.413,4.465,4.187,4.453,944674.000
2013-11-22,4.419,4.430,4.297,4.297,538784.000
2013-11-25,4.141,4.366,4.118,4.199,532328.000
2013-11-26,4.199,4.274,4.141,4.181,392019.000
2013-11-27,4.147,4.384,4.123,4.239,576656.000
2013-11-28,4.239,4.366,4.222,4.268,619040.000
2013-11-29,4.372,4.424,4.233,4.256,620163.000
2013-12-02,4.280,4.523,4.228,4.343,1222331.000
2013-12-03,4.303,4.384,4.083,4.222,802436.000
2013-12-04,4.199,4.401,4.118,4.256,891804.000
2013-12-05,4.245,4.268,4.123,4.158,607480.000
2013-12-06,4.181,4.187,4.048,4.077,481103.000
2013-12-09,4.083,4.135,4.013,4.019,418044.000
2013-12-10,4.083,4.106,4.025,4.077,324033.000
2013-12-11,4.025,4.048,3.724,3.817,925204.000
2013-12-12,3.741,3.834,3.713,3.747,398062.000
2013-12-13,3.724,3.730,3.591,3.649,430343.000
2013-12-16,3.620,3.811,3.620,3.765,555667.000
2013-12-17,3.788,3.840,3.689,3.747,367680.000
2013-12-18,3.736,3.822,3.707,3.770,232740.000
2013-12-19,3.782,3.822,3.620,3.620,356201.000
2013-12-20,3.626,3.666,3.278,3.278,681333.000
2013-12-23,3.284,3.435,3.215,3.302,412153.000
2013-12-24,3.331,3.400,3.099,3.157,519364.000
2013-12-25,3.157,3.209,3.059,3.169,505899.000
2013-12-26,3.157,3.157,3.001,3.012,402300.000
2013-12-27,3.018,3.267,3.001,3.186,630661.000
2013-12-30,3.209,3.244,3.157,3.180,435744.000
2013-12-31,3.174,3.556,3.128,3.475,826864.000
2014-01-02,3.400,3.504,3.360,3.464,489910.000
2014-01-03,3.417,3.423,3.203,3.290,551114.000
2014-01-06,3.267,3.331,3.041,3.140,582118.000
2014-01-07,3.059,3.192,3.047,3.116,338407.000
2014-01-08,3.122,3.302,3.059,3.192,457768.000
2014-01-09,3.151,3.325,3.128,3.226,485518.000
2014-01-10,3.203,3.302,3.134,3.226,381197.000
2014-01-13,3.215,3.278,3.035,3.099,478875.000
2014-01-14,3.082,3.203,3.012,3.169,362427.000
2014-01-15,3.157,3.180,3.076,3.140,297988.000
2014-01-16,3.134,3.215,3.088,3.151,299593.000
2014-01-17,3.111,3.122,3.012,3.030,423513.000
2014-01-20,3.030,3.030,2.897,2.925,307219.000
2014-01-21,2.937,3.076,2.937,2.960,265794.000
2014-01-22,2.960,3.250,2.954,3.209,619084.000
2014-01-23,3.197,3.209,3.128,3.157,375535.000
2014-01-24,3.122,3.221,3.082,3.134,485283.000
2014-01-27,3.076,3.116,2.954,2.978,442997.000
2014-01-28,3.012,3.093,2.966,3.041,389683.000
2014-01-29,3.064,3.122,3.041,3.076,312104.000
2014-01-30,3.070,3.070,2.972,2.983,291413.000
2014-02-07,2.937,2.972,2.810,2.972,418757.000
2014-02-10,2.972,3.093,2.954,3.082,581226.000
2014-02-11,3.059,3.522,3.001,3.331,1310465.000
2014-02-12,3.255,3.446,3.244,3.296,694621.000
2014-02-13,3.232,3.620,3.215,3.458,1218192.000
2014-02-14,3.394,3.441,3.307,3.377,582339.000
2014-02-17,3.388,3.429,3.255,3.313,608921.000
2014-02-18,3.278,3.290,3.111,3.134,596061.000
2014-02-19,3.105,3.406,3.105,3.331,988174.000
2014-02-20,3.290,3.475,3.186,3.192,766324.000
2014-02-21,3.226,3.238,3.088,3.099,479996.000
2014-02-24,3.012,3.030,2.833,2.844,667820.000
2014-02-25,2.850,2.954,2.752,2.763,548387.000
2014-02-26,2.769,2.879,2.752,2.816,407937.000
2014-02-27,2.839,2.954,2.758,2.891,555086.000
2014-02-28,2.850,2.891,2.682,2.827,446237.000
2014-03-03,2.763,2.798,2.711,2.775,427431.000
2014-03-04,2.746,2.763,2.636,2.740,527585.000
2014-03-05,2.688,2.740,2.538,2.578,533016.000
2014-03-06,2.584,2.665,2.468,2.619,527382.000
2014-03-07,2.607,2.717,2.590,2.636,488654.000
2014-03-10,2.578,2.590,2.318,2.353,544320.000
2014-03-11,2.353,2.399,2.231,2.312,450789.000
2014-03-12,2.329,2.451,2.277,2.376,515107.000
2014-03-13,2.451,2.630,2.387,2.497,626625.000
2014-03-14,2.422,2.480,2.329,2.358,450392.000
2014-03-17,2.410,2.463,2.370,2.445,372979.000
2014-03-18,2.445,2.468,2.364,2.393,431814.000
2014-03-19,2.376,2.376,2.260,2.312,363028.000
2014-03-20,2.300,2.341,2.202,2.231,454881.000
2014-03-21,2.214,2.717,2.191,2.630,1251811.000
2014-03-24,2.619,2.711,2.538,2.630,842538.000
2014-03-25,2.619,2.642,2.497,2.520,415754.000
2014-03-26,2.555,2.607,2.486,2.578,360206.000
2014-03-27,2.544,2.769,2.474,2.619,803133.000
2014-03-28,2.578,2.729,2.561,2.625,532649.000
2014-03-31,2.665,2.717,2.561,2.619,321130.000
2014-04-01,2.590,2.688,2.578,2.636,281242.000
2014-04-02,2.630,2.758,2.596,2.700,460397.000
2014-04-03,2.729,2.763,2.613,2.619,453650.000
2014-04-04,2.578,2.648,2.515,2.630,342090.000
2014-04-08,2.625,3.035,2.625,2.914,1342920.000
2014-04-09,2.908,2.954,2.844,2.862,557346.000
2014-04-10,2.873,3.099,2.844,2.960,770068.000
2014-04-11,2.949,3.041,2.897,2.983,593255.000
2014-04-14,2.954,3.012,2.862,2.914,421741.000
2014-04-15,2.873,2.885,2.700,2.735,534688.000
2014-04-16,2.711,2.827,2.671,2.746,376646.000
2014-04-17,2.763,2.798,2.653,2.694,304885.000
2014-04-18,2.665,2.682,2.590,2.636,323544.000
2014-04-21,2.607,2.694,2.561,2.572,298156.000
2014-04-22,2.584,2.856,2.567,2.787,523281.000
2014-04-23,2.798,3.012,2.798,2.925,1191028.110
2014-04-24,2.995,3.012,2.821,2.885,634004.000
2014-04-25,2.885,3.053,2.816,2.897,714335.000
2014-04-28,2.897,2.914,2.729,2.769,526045.000
2014-04-29,2.763,2.897,2.706,2.844,413621.000
2014-04-30,2.856,2.879,2.804,2.833,259596.000
2014-05-05,2.810,2.816,2.653,2.746,403270.000
2014-05-06,2.706,2.804,2.694,2.723,267770.000
2014-05-07,2.700,2.723,2.665,2.665,241910.000
2014-05-08,2.653,2.839,2.642,2.711,379620.000
2014-05-09,2.711,2.827,2.694,2.781,321914.000
2014-05-12,2.839,2.983,2.763,2.949,601991.000
2014-05-13,2.943,2.960,2.862,2.885,305833.000
2014-05-14,2.873,3.006,2.873,2.931,416121.000
2014-05-15,2.925,2.954,2.839,2.862,312627.000
2014-05-16,2.862,2.949,2.856,2.908,311773.000
2014-05-19,2.908,2.914,2.833,2.908,261105.000
2014-05-20,2.897,2.949,2.850,2.891,205766.000
2014-05-21,2.868,2.972,2.798,2.943,263168.000
2014-05-22,2.943,3.134,2.920,2.978,619141.000
2014-05-23,2.983,3.105,2.960,3.088,415356.000
2014-05-26,3.128,3.128,3.018,3.088,315989.000
2014-05-27,3.059,3.157,3.041,3.088,284407.000
2014-05-28,3.082,3.116,2.978,3.099,427037.000
2014-05-29,3.093,3.180,3.035,3.041,362238.000
2014-05-30,3.035,3.111,3.018,3.041,318773.000
2014-06-03,3.041,3.151,3.041,3.047,278113.000
2014-06-04,3.047,3.053,2.897,2.943,323889.000
2014-06-05,2.925,3.006,2.920,3.001,246291.000
2014-06-06,3.006,3.030,2.920,2.972,186435.000
2014-06-09,2.954,3.064,2.937,3.030,313522.000
2014-06-10,3.053,3.186,3.024,3.186,621982.000
2014-06-11,3.145,3.238,3.116,3.203,433233.000
2014-06-12,3.159,3.263,3.145,3.222,367441.000
2014-06-13,3.215,3.687,3.201,3.506,1239504.000
2014-06-16,3.465,3.590,3.437,3.513,878182.000
2014-06-17,3.458,3.548,3.409,3.451,541847.000
2014-06-18,3.451,3.465,3.291,3.326,538550.000
2014-06-19,3.326,3.381,3.201,3.270,483081.000
2014-06-20,3.263,3.319,3.243,3.319,372070.000
2014-06-23,3.319,3.388,3.256,3.263,430859.000
2014-06-24,3.270,3.319,3.256,3.284,284593.000
2014-06-25,3.284,3.291,3.173,3.263,271262.000
2014-06-26,3.222,3.305,3.222,3.298,342885.000
2014-06-27,3.277,3.333,3.222,3.298,367520.000
2014-06-30,3.284,3.402,3.277,3.361,447237.000
2014-07-01,3.361,3.388,3.305,3.326,284943.000
2014-07-02,3.326,3.354,3.291,3.347,286041.000
2014-07-03,3.347,3.416,3.305,3.395,446904.000
2014-07-04,3.402,3.430,3.326,3.361,342311.000
2014-07-07,3.361,3.375,3.284,3.326,343061.000
2014-07-08,3.312,3.375,3.263,3.375,346087.000
2014-07-09,3.368,3.368,3.131,3.180,587891.000
2014-07-10,3.187,3.236,3.152,3.194,360257.000
2014-07-11,3.187,3.215,3.173,3.194,318320.000
2014-07-14,3.201,3.229,3.125,3.229,463116.000
2014-07-16,3.215,3.222,3.090,3.152,617702.000
2014-07-17,3.145,3.159,3.097,3.138,320072.000
2014-07-18,3.111,3.180,3.097,3.145,375115.000
2014-07-21,3.145,3.145,3.097,3.111,272995.000
2014-07-22,3.097,3.284,3.090,3.236,613698.000
2014-07-23,3.215,3.305,3.201,3.256,555703.000
2014-07-24,3.263,3.631,3.256,3.534,1805823.000
2014-07-25,3.562,3.604,3.479,3.576,853913.000
2014-07-28,3.604,4.048,3.590,3.965,1867879.000
2014-07-29,3.993,4.187,3.930,3.993,1201827.000
2014-07-30,3.993,4.187,3.930,3.944,810025.000
2014-07-31,3.944,4.048,3.875,4.027,637784.000
2014-08-01,4.006,4.173,3.909,3.909,854509.000
2014-08-04,3.909,4.069,3.840,4.069,830623.000
2014-08-05,4.083,4.180,3.916,3.993,752175.000
2014-08-06,3.944,3.944,3.777,3.875,834647.000
2014-08-07,3.875,3.895,3.756,3.770,596434.000
2014-08-08,3.791,3.854,3.743,3.798,555651.000
2014-08-11,3.812,3.944,3.812,3.916,621331.000
2014-08-12,3.875,3.881,3.784,3.840,480852.000
2014-08-13,3.826,3.916,3.763,3.875,533364.000
2014-08-14,3.895,3.944,3.777,3.798,523693.000
2014-08-15,3.798,3.861,3.736,3.826,675089.000
2014-08-18,3.833,3.902,3.805,3.875,589023.000
2014-08-19,3.875,3.888,3.777,3.826,580821.000
2014-08-20,3.819,3.819,3.729,3.750,573285.000
2014-08-21,3.736,3.750,3.597,3.659,632230.000
2014-08-22,3.625,3.708,3.604,3.666,481561.000
2014-08-25,3.666,3.666,3.548,3.569,509434.000
2014-08-26,3.555,3.611,3.520,3.555,461165.000
2014-08-27,3.555,3.694,3.541,3.590,573146.000
2014-08-28,3.590,3.597,3.520,3.527,438969.000
2014-08-29,3.527,3.597,3.520,3.597,343726.000
2014-09-01,3.590,3.652,3.541,3.631,487782.000
2014-09-02,3.666,3.763,3.590,3.736,788004.000
2014-09-03,3.750,3.833,3.722,3.770,766928.000
2014-09-04,3.770,3.805,3.687,3.805,628158.000
2014-09-05,3.805,3.868,3.770,3.819,597878.000
2014-09-09,3.805,3.826,3.715,3.743,566697.000
2014-09-10,3.701,3.708,3.638,3.652,531593.000
2014-09-11,3.652,3.805,3.631,3.680,713461.000
2014-09-12,3.680,3.687,3.611,3.680,408654.000
2014-09-15,3.652,3.652,3.597,3.638,515418.000
2014-09-16,3.645,3.743,3.590,3.597,828340.000
2014-09-17,3.631,3.666,3.562,3.604,556747.000
2014-09-18,3.569,3.743,3.548,3.652,768309.000
2014-09-19,3.631,3.701,3.604,3.687,570754.000
2014-09-22,3.652,3.659,3.437,3.465,790191.000
2014-09-23,3.465,3.520,3.458,3.493,462158.000
2014-09-24,3.472,3.631,3.451,3.618,760552.000
2014-09-25,3.645,3.652,3.527,3.548,677167.000
2014-09-26,3.534,3.541,3.465,3.506,453633.000
2014-09-29,3.520,3.555,3.486,3.506,605358.000
2014-09-30,3.520,3.534,3.493,3.520,483982.000
2014-10-08,3.541,3.604,3.520,3.604,674687.000
2014-10-09,3.604,3.625,3.534,3.562,662393.000
2014-10-10,3.534,3.562,3.513,3.534,659349.000
2014-10-13,3.506,3.520,3.451,3.493,519875.000
2014-10-14,3.486,3.562,3.472,3.506,575883.000
2014-10-15,3.500,3.548,3.437,3.534,597659.000
2014-10-16,3.493,3.666,3.479,3.562,1323735.000
2014-10-17,3.562,3.576,3.465,3.506,700511.000
2014-10-20,3.527,3.555,3.486,3.541,611170.000
2014-10-21,3.520,3.534,3.472,3.486,486323.000
2014-10-22,3.479,3.555,3.465,3.493,559460.000
2014-10-23,3.506,3.659,3.506,3.590,1585479.000
2014-10-24,3.652,3.666,3.527,3.548,820989.000
2014-10-27,3.493,3.513,3.409,3.437,729568.000
2014-10-28,3.458,3.555,3.458,3.541,530650.000
2014-10-29,3.555,3.687,3.520,3.631,1065276.000
2014-10-30,3.638,3.805,3.569,3.722,1520633.000
2014-10-31,3.770,4.361,3.743,4.138,3593084.000
2014-11-03,4.229,4.298,4.104,4.194,1916834.000
2014-11-04,4.222,4.243,3.965,4.013,1318992.000
2014-11-05,4.013,4.083,3.881,3.993,1285876.000
2014-11-06,3.993,4.048,3.937,4.006,645123.000
2014-11-07,3.986,4.381,3.958,4.055,2234369.000
2014-11-10,4.152,4.291,4.020,4.215,1621348.000
2014-11-11,4.194,4.562,4.166,4.305,2981390.000
2014-11-12,4.250,4.263,4.111,4.256,1389462.000
2014-11-13,4.243,4.368,4.138,4.152,1340384.000
2014-11-14,4.118,4.125,3.979,4.069,901526.000
2014-11-17,4.083,4.111,3.916,3.951,889594.000
2014-11-18,3.937,3.986,3.812,3.847,930296.000
2014-11-19,3.840,3.881,3.798,3.861,591656.000
2014-11-20,3.826,3.902,3.770,3.861,683544.000
2014-11-21,3.854,4.020,3.770,3.979,1146731.000
2014-11-24,3.847,4.083,3.784,3.965,2227368.000
2014-11-25,3.944,4.131,3.902,4.104,1567802.000
2014-11-26,4.111,4.375,4.062,4.263,2184918.000
2014-11-27,4.361,4.472,4.201,4.333,2103856.000
2014-11-28,4.305,5.118,4.243,5.118,4844839.000
2014-12-01,5.229,5.534,4.916,4.944,4465213.000
2014-12-02,4.909,5.784,4.868,5.590,3490411.000
2014-12-03,5.590,6.125,5.305,5.576,3997530.000
2014-12-04,5.604,6.180,5.437,6.173,3450180.000
2014-12-05,6.236,7.055,5.868,6.569,4413697.000
2014-12-08,6.347,7.243,6.201,7.055,3928342.000
2014-12-09,6.868,7.263,6.000,6.000,4045420.000
2014-12-10,5.923,6.451,5.520,6.333,3527844.000
2014-12-11,6.069,6.604,5.986,6.145,2237995.000
2014-12-12,6.131,6.340,5.979,6.159,1643909.000
2014-12-15,6.027,6.027,5.694,5.909,1800936.000
2014-12-16,5.854,6.472,5.812,6.472,2469072.000
2014-12-17,6.479,7.361,6.340,7.145,4400166.000
2014-12-18,7.180,7.277,6.618,6.819,2470250.000
2014-12-19,6.770,7.027,6.506,6.895,1935405.000
2014-12-22,6.826,7.701,6.763,7.131,3467391.000
2014-12-23,6.888,7.090,6.548,6.722,1797850.000
2014-12-24,6.715,6.791,5.979,6.250,2010271.000
2014-12-25,6.444,6.722,6.229,6.680,1997275.000
2014-12-26,6.625,7.020,6.562,6.965,2437073.000
2014-12-29,7.319,7.625,6.722,6.840,2586148.000
2014-12-30,6.847,7.305,6.805,7.243,2366078.000
2014-12-31,7.319,7.506,7.104,7.479,2400065.000
2015-01-05,7.583,7.784,7.312,7.604,2860436.000
2015-01-06,7.486,7.861,7.277,7.437,2166421.000
2015-01-07,7.284,7.472,7.104,7.229,1700120.000
2015-01-08,7.243,7.291,6.826,6.868,1407714.000
2015-01-09,6.826,7.500,6.694,6.951,2508500.000
2015-01-12,6.805,6.930,6.548,6.736,1553290.000
2015-01-13,6.652,6.826,6.625,6.673,816874.000
2015-01-14,6.743,7.034,6.687,6.763,1263029.000
2015-01-15,6.791,7.138,6.694,7.138,1242170.000
2015-01-16,7.173,7.326,7.020,7.152,1555846.000
2015-01-19,6.208,6.597,6.083,6.083,2137123.000
2015-01-20,6.083,6.243,5.895,6.083,1491018.000
2015-01-21,6.118,6.618,6.027,6.493,1940530.000
2015-01-22,6.437,6.562,6.312,6.409,1255016.000
2015-01-23,6.451,6.638,6.409,6.479,1459181.000
2015-01-26,6.451,6.506,6.312,6.437,1057605.000
2015-01-27,6.444,6.458,6.083,6.194,1339494.000
2015-01-28,6.111,6.409,6.062,6.243,1240877.000
2015-01-29,6.076,6.208,6.027,6.131,1016753.000
2015-01-30,6.152,6.284,6.034,6.152,930116.000
2015-02-02,5.923,6.062,5.888,5.944,860932.000
2015-02-03,6.048,6.194,5.937,6.166,883349.000
2015-02-04,6.201,6.229,5.993,6.000,807623.000
2015-02-05,6.409,6.500,6.034,6.055,1913729.000
2015-02-06,5.986,6.166,5.784,5.861,1030408.000
2015-02-09,5.854,5.979,5.659,5.868,946586.000
2015-02-10,5.847,6.076,5.798,6.041,724875.000
2015-02-11,6.048,6.097,5.979,6.013,554349.000
2015-02-12,6.027,6.131,5.937,6.104,608715.000
2015-02-13,6.152,6.326,6.090,6.166,887743.000
2015-02-16,6.166,6.208,6.013,6.145,721202.000
2015-02-17,6.173,6.277,6.152,6.194,680491.000
2015-02-25,6.229,6.236,6.034,6.062,577392.000
2015-02-26,6.062,6.256,5.923,6.250,1025544.000
2015-02-27,6.243,6.312,6.173,6.194,793570.000
2015-03-02,6.222,6.263,6.111,6.222,1018797.000
2015-03-03,6.187,6.187,5.916,5.923,1059476.000
2015-03-04,5.937,6.006,5.854,5.902,814973.000
2015-03-05,5.854,5.875,5.708,5.770,828604.000
2015-03-06,5.763,5.861,5.750,5.812,557047.000
2015-03-09,5.833,6.437,5.729,6.305,2205323.000
2015-03-10,6.201,6.284,6.041,6.041,1385706.000
2015-03-11,6.055,6.256,6.055,6.104,903354.000
2015-03-12,6.340,6.868,6.256,6.618,3305137.000
2015-03-13,6.826,7.319,6.756,6.888,3163988.000
2015-03-16,6.965,7.243,6.840,7.180,2218472.000
2015-03-17,7.250,7.451,7.069,7.173,1959841.000
2015-03-18,7.145,7.298,7.097,7.250,1831000.000
2015-03-19,7.229,7.229,6.979,7.027,1580300.000
2015-03-20,7.027,7.277,6.937,7.118,1976394.000
2015-03-23,7.125,7.284,7.125,7.194,1782055.000
2015-03-24,7.194,7.305,7.048,7.138,1559193.000
2015-03-25,7.090,7.118,6.819,6.833,1591468.000
2015-03-26,6.798,7.187,6.694,6.972,1487891.000
2015-03-27,6.965,7.097,6.798,6.951,1047638.870
2015-03-30,7.055,7.548,6.965,7.354,2582613.000
2015-03-31,7.618,8.006,7.333,7.416,2733183.000
2015-04-01,7.465,7.687,7.277,7.562,1643316.000
2015-04-02,7.652,7.687,7.326,7.451,1405837.000
2015-04-03,7.381,7.548,7.319,7.486,1434941.000
2015-04-07,7.694,8.256,7.694,8.152,2960472.000
2015-04-08,8.236,9.034,8.041,8.923,3371646.000
2015-04-09,8.944,9.708,8.791,8.979,3173063.000
2015-04-10,8.979,10.229,8.875,10.229,3340209.000
2015-04-13,10.766,10.900,10.058,10.383,4807153.000
2015-04-14,10.350,10.350,10.016,10.183,2472375.000
2015-04-15,10.183,11.000,10.016,10.475,3417642.000
2015-04-16,10.216,10.850,10.141,10.766,2467407.000
2015-04-17,11.183,11.183,10.600,10.708,2609523.000
2015-04-20,10.850,10.933,10.066,10.183,3447257.000
2015-04-21,10.200,10.516,9.916,10.400,2415936.000
2015-04-22,10.416,10.750,10.350,10.725,2773141.000
2015-04-23,10.750,10.800,10.400,10.483,2319688.000
2015-04-24,10.183,10.358,9.941,10.050,2442836.000
2015-04-27,10.108,10.433,10.100,10.283,2460563.000
2015-04-28,10.308,11.083,10.116,10.516,4763544.000
2015-04-29,10.483,10.558,10.100,10.475,2151188.000
2015-04-30,10.625,10.983,10.500,10.516,2890635.000
2015-05-04,10.516,10.516,10.166,10.366,1427575.000
2015-05-05,10.275,10.366,9.516,9.816,2299341.000
2015-05-06,9.783,10.183,9.508,9.700,1949911.000
2015-05-07,9.700,9.833,9.516,9.658,1258707.000
2015-05-08,9.691,9.916,9.516,9.808,1374468.000
2015-05-11,9.766,10.033,9.508,9.958,2123077.000
2015-05-12,9.916,10.083,9.641,9.900,1989655.000
2015-05-13,10.083,10.141,9.716,9.833,1756561.000
2015-05-14,9.933,9.975,9.675,9.841,1438027.000
2015-05-15,9.766,9.833,9.325,9.475,1752716.000
2015-05-18,9.266,9.391,9.075,9.250,1537084.000
2015-05-19,9.241,9.716,9.141,9.591,1917812.000
2015-05-20,9.941,10.058,9.600,9.716,2589666.000
2015-05-21,9.766,9.841,9.616,9.758,1405846.000
2015-05-22,9.858,10.183,9.783,10.158,2621907.000
2015-05-25,10.225,10.525,10.225,10.433,2730369.000
2015-05-26,10.458,10.516,10.166,10.450,2792208.000
2015-05-27,10.450,10.691,10.266,10.333,2341217.000
2015-05-28,10.350,10.358,9.458,9.516,2733061.000
2015-05-29,9.525,9.658,9.191,9.366,2014932.000
2015-06-01,9.375,9.916,9.258,9.850,2158362.000
2015-06-02,9.841,9.850,9.533,9.741,1904822.000
2015-06-03,9.741,9.891,9.516,9.791,1975231.000
2015-06-04,9.808,10.416,9.650,10.241,3682532.000
2015-06-05,10.516,10.600,9.958,10.183,2855456.000
2015-06-08,10.200,11.141,10.091,11.008,5086050.000
2015-06-09,11.066,11.141,10.500,10.750,3286967.000
2015-06-10,10.600,10.708,10.375,10.500,2198386.000
2015-06-11,10.500,10.575,10.225,10.333,1706960.000
2015-06-12,10.333,10.458,10.191,10.358,1903388.000
2015-06-15,10.375,10.433,9.850,9.866,2192176.000
2015-06-16,9.766,9.983,9.516,9.633,1812179.000
2015-06-17,9.791,9.841,9.475,9.708,1715942.000
2015-06-18,9.666,9.666,9.108,9.416,1602554.000
2015-06-19,9.308,9.425,8.683,8.791,1565520.000
2015-06-23,8.800,9.075,8.358,9.058,1805488.000
2015-06-24,9.100,9.208,8.850,9.200,1531996.000
2015-06-25,9.583,9.625,8.900,8.991,2079164.000
2015-06-26,8.800,9.058,7.750,8.075,2555321.000
2015-06-29,8.333,8.391,7.225,7.900,2612943.000
2015-06-30,7.883,8.716,7.750,8.716,2548103.000
2015-07-01,8.558,8.758,8.050,8.200,1835406.000
2015-07-02,8.183,8.525,7.750,8.058,1982826.000
2015-07-03,8.250,8.258,7.258,7.491,2597458.000
2015-07-06,8.516,8.525,7.675,8.166,3381526.000
2015-07-07,7.983,8.808,7.608,8.808,4808311.000
2015-07-08,8.108,8.266,7.591,7.591,4996696.000
2015-07-09,7.591,8.633,6.691,8.483,4344355.000
2015-07-10,8.141,9.400,7.941,8.983,4650987.000
2015-07-13,8.600,9.008,8.366,8.633,3268196.000
2015-07-14,8.433,8.583,7.858,8.158,2580229.000
2015-07-15,7.983,8.233,7.766,7.916,1626423.000
2015-07-16,7.933,8.066,7.783,7.933,1388939.000
2015-07-17,7.983,8.216,7.875,8.116,1680637.000
2015-07-20,8.100,8.100,7.875,7.933,1358683.000
2015-07-21,7.858,7.966,7.750,7.908,1131643.000
2015-07-22,7.841,7.883,7.716,7.866,1138090.000
2015-07-23,7.816,8.058,7.775,7.991,1483696.000
2015-07-24,8.000,8.016,7.700,7.750,1339309.000
2015-07-27,7.641,7.700,6.633,6.966,1787859.000
2015-07-28,6.758,7.233,6.725,7.116,2011200.000
2015-07-29,7.100,7.116,6.916,7.100,971682.000
2015-07-30,7.108,7.133,6.791,6.816,770278.000
2015-07-31,6.733,6.950,6.616,6.900,1202746.000
2015-08-03,6.766,7.308,6.725,7.283,1405122.000
2015-08-04,7.241,7.425,7.091,7.316,774937.000
2015-08-05,7.266,7.391,7.075,7.091,551802.000
2015-08-06,7.016,7.208,6.958,7.041,450218.000
2015-08-07,7.108,7.200,7.050,7.108,622010.000
2015-08-10,7.150,7.425,7.058,7.366,1053111.000
2015-08-11,7.358,7.391,7.258,7.300,828493.000
2015-08-12,7.175,7.241,7.066,7.075,686822.000
2015-08-13,7.025,7.158,6.950,7.075,606344.000
2015-08-14,7.175,7.225,7.083,7.133,823789.000
2015-08-17,7.108,7.175,6.975,7.050,679642.000
2015-08-18,7.016,7.216,6.558,6.825,1176324.000
2015-08-19,6.683,6.791,6.516,6.791,958894.000
2015-08-20,6.741,6.741,6.516,6.641,677634.000
2015-08-21,6.516,6.591,6.150,6.183,933367.000
2015-08-24,5.850,5.908,5.225,5.225,1518029.000
2015-08-25,4.808,5.225,4.366,4.483,2192333.000
2015-08-26,4.600,5.125,4.350,4.858,2491919.000
2015-08-27,5.066,5.683,4.816,5.600,1849235.000
2015-08-28,5.675,5.841,5.391,5.625,1608029.000
2015-08-31,5.525,5.825,5.333,5.825,1464297.000
2015-09-01,5.683,6.275,5.441,6.241,2657661.000
2015-09-02,5.916,6.600,5.816,6.466,2815746.000
2015-09-07,6.225,6.233,5.675,5.675,1376110.000
2015-09-08,5.666,5.891,5.425,5.766,747292.000
2015-09-09,5.791,5.925,5.666,5.850,851073.000
2015-09-10,5.766,5.916,5.716,5.808,465205.000
2015-09-11,5.783,5.866,5.666,5.733,426450.000
2015-09-14,5.758,5.766,5.308,5.658,756452.000
2015-09-15,5.508,5.641,5.350,5.408,542839.000
2015-09-16,5.425,5.833,5.366,5.683,569243.000
2015-09-17,5.641,5.883,5.575,5.575,620798.000
2015-09-18,5.633,5.733,5.541,5.608,318272.000
2015-09-21,5.516,5.675,5.475,5.616,386111.000
2015-09-22,5.625,5.816,5.616,5.733,492955.000
2015-09-23,5.650,5.691,5.500,5.516,371150.000
2015-09-24,5.566,5.608,5.491,5.525,258632.000
2015-09-25,5.508,5.525,5.308,5.391,446420.000
2015-09-28,5.400,5.425,5.291,5.375,199087.000
2015-09-29,5.308,5.400,5.200,5.250,333603.000
2015-09-30,5.266,5.425,5.258,5.341,364659.000
2015-10-08,5.641,5.675,5.516,5.516,494070.000
2015-10-09,5.558,5.725,5.533,5.683,474612.000
2015-10-12,5.733,6.083,5.691,5.958,849665.000
2015-10-13,5.933,5.983,5.841,5.875,359798.000
2015-10-14,5.800,5.891,5.716,5.750,418980.000
2015-10-15,5.725,5.908,5.716,5.908,485900.000
2015-10-16,5.941,6.016,5.900,5.958,570001.000
2015-10-19,5.991,6.058,5.891,5.983,723371.000
2015-10-20,5.933,6.083,5.925,6.033,715163.000
2015-10-21,6.008,6.391,5.916,5.950,1332629.000
2015-10-22,5.975,6.100,5.916,6.041,822805.000
2015-10-23,6.091,6.208,6.050,6.158,937425.000
2015-10-26,6.266,6.441,6.133,6.200,1085917.000
2015-10-27,6.183,6.300,6.050,6.166,580436.000
2015-10-28,6.150,6.166,5.975,5.991,544811.000
2015-10-29,6.016,6.066,5.975,5.991,316703.000
2015-10-30,6.016,6.116,5.991,6.066,535930.000
2015-11-02,5.991,6.033,5.850,5.883,484435.000
2015-11-03,5.891,5.941,5.775,5.808,391265.000
2015-11-04,5.833,6.350,5.808,6.341,1307244.000
2015-11-05,6.266,7.075,6.225,6.658,2292189.000
2015-11-06,6.616,6.941,6.533,6.925,1463194.000
2015-11-09,7.016,7.750,6.983,7.383,2413887.000
2015-11-10,7.266,7.491,7.108,7.225,1125027.000
2015-11-11,7.183,7.250,6.916,7.058,1021735.000
2015-11-12,7.100,7.141,6.833,6.933,671139.000
2015-11-13,6.783,7.000,6.758,6.800,587555.000
2015-11-16,6.708,6.925,6.675,6.883,559848.000
2015-11-17,6.941,7.183,6.900,7.016,1046486.000
2015-11-18,6.983,7.183,6.858,6.950,793704.000
2015-11-19,6.933,7.025,6.875,7.016,471120.000
2015-11-20,7.016,7.091,6.950,7.058,598036.000
2015-11-23,7.058,7.100,6.916,6.975,607975.000
2015-11-24,6.941,6.975,6.733,6.833,664214.000
2015-11-25,6.775,6.908,6.741,6.866,513462.000
2015-11-26,6.900,6.916,6.766,6.791,552210.000
2015-11-27,6.750,6.766,6.208,6.375,728025.000
2015-11-30,6.366,6.491,6.183,6.383,658493.000
2015-12-01,6.350,6.483,6.191,6.391,680253.000
2015-12-02,6.350,7.133,6.316,7.025,1615760.000
2015-12-03,6.925,7.225,6.808,6.975,1425976.000
2015-12-04,6.858,6.916,6.666,6.700,764532.000
2015-12-07,6.750,6.808,6.633,6.725,402792.000
2015-12-08,6.658,6.675,6.516,6.566,503101.000
2015-12-09,6.533,6.700,6.516,6.591,429384.000
2015-12-10,6.558,6.716,6.525,6.566,417603.000
2015-12-11,6.525,6.533,6.375,6.458,379508.000
2015-12-14,6.375,6.691,6.358,6.658,587236.000
2015-12-15,6.625,6.675,6.483,6.533,364487.000
2015-12-16,6.583,6.608,6.500,6.508,392762.000
2015-12-17,6.575,6.716,6.566,6.658,648274.000
2015-12-18,6.625,7.058,6.616,6.791,1022944.000
2015-12-21,6.716,7.200,6.691,7.025,1281142.000
2015-12-22,7.016,7.116,6.916,6.958,698091.000
2015-12-23,6.991,7.250,6.933,7.000,1039018.000
2015-12-24,6.983,7.066,6.800,6.883,640229.000
2015-12-25,6.916,6.991,6.875,6.941,399845.000
2015-12-28,6.958,6.983,6.583,6.583,822408.000
2015-12-29,6.591,6.683,6.575,6.675,619802.000
2015-12-30,6.675,6.691,6.558,6.683,532667.000
2015-12-31,6.683,6.708,6.583,6.591,491258.000
2016-01-04,6.600,6.625,5.958,6.041,563497.000
2016-01-05,5.991,6.241,5.891,6.100,663269.000
2016-01-06,6.116,6.233,6.091,6.208,515706.000
2016-01-07,6.108,6.108,5.691,5.716,174761.000
2016-01-08,5.941,6.008,5.683,5.866,747527.000
2016-01-11,5.766,5.833,5.500,5.566,732013.000
2016-01-12,5.625,5.691,5.466,5.608,561642.000
2016-01-13,5.675,5.716,5.516,5.525,391709.000
2016-01-14,5.425,5.600,5.333,5.575,666314.000
2016-01-15,5.483,5.600,5.283,5.316,448202.000
2016-01-18,5.216,5.400,5.183,5.275,421040.000
2016-01-19,5.308,5.583,5.275,5.525,501109.000
2016-01-20,5.516,5.600,5.300,5.383,603752.000
2016-01-21,5.333,5.558,5.200,5.200,606145.000
2016-01-22,5.266,5.308,5.116,5.266,466752.000
2016-01-25,5.266,5.300,5.208,5.241,376431.000
2016-01-26,5.200,5.200,4.816,4.825,647901.000
2016-01-27,4.875,4.916,4.600,4.833,569037.000
2016-01-28,4.783,4.841,4.641,4.675,302540.000
2016-01-29,4.716,5.000,4.675,4.933,544435.000
2016-02-01,4.916,4.941,4.716,4.766,417732.000
2016-02-02,4.766,4.958,4.750,4.891,369104.000
2016-02-03,4.808,4.841,4.741,4.808,274572.000
2016-02-04,4.841,4.933,4.833,4.891,373099.000
2016-02-05,4.900,4.908,4.858,4.866,270893.000
2016-02-15,4.650,4.808,4.641,4.758,278499.000
2016-02-16,4.800,4.958,4.791,4.941,428386.000
2016-02-17,4.958,5.116,4.925,5.058,585167.000
2016-02-18,5.083,5.116,5.008,5.008,406178.000
2016-02-19,5.008,5.050,4.925,4.966,318898.000
2016-02-22,5.041,5.191,4.983,5.175,617739.000
2016-02-23,5.175,5.175,4.975,5.033,425874.000
2016-02-24,4.983,5.058,4.941,5.058,300103.000
2016-02-25,5.033,5.041,4.600,4.658,622072.000
2016-02-26,4.741,4.791,4.650,4.758,392154.000
2016-02-29,4.758,4.775,4.450,4.566,566896.000
2016-03-01,4.616,4.741,4.583,4.683,377910.000
2016-03-02,4.725,5.041,4.700,5.016,676613.000
2016-03-03,5.008,5.083,4.966,5.025,553089.000
2016-03-04,5.008,5.350,4.991,5.266,1381249.000
2016-03-07,5.225,5.341,5.183,5.216,606352.000
2016-03-08,5.233,5.233,4.883,5.166,643156.000
2016-03-09,5.050,5.116,4.966,5.075,325900.000
2016-03-10,5.133,5.225,5.041,5.058,474020.000
2016-03-11,5.016,5.116,4.966,5.066,383736.000
2016-03-14,5.108,5.316,5.108,5.150,655158.000
2016-03-15,5.166,5.233,5.066,5.200,417920.000
2016-03-16,5.158,5.308,5.141,5.225,664886.000
2016-03-17,5.233,5.333,5.183,5.283,610996.000
2016-03-18,5.283,5.408,5.266,5.383,797215.000
2016-03-21,5.391,5.650,5.391,5.600,920432.000
2016-03-22,5.575,5.716,5.508,5.533,625482.000
2016-03-23,5.525,5.575,5.441,5.516,430278.000
2016-03-24,5.441,5.458,5.350,5.366,372406.000
2016-03-25,5.358,5.433,5.350,5.425,237070.000
2016-03-28,5.450,5.475,5.308,5.333,358621.000
2016-03-29,5.358,5.366,5.250,5.291,318317.000
2016-03-30,5.333,5.516,5.325,5.516,539699.000
2016-03-31,5.525,5.558,5.466,5.466,418387.000
2016-04-01,5.450,5.508,5.350,5.483,369341.000
2016-04-05,5.450,5.608,5.350,5.516,592308.000
2016-04-06,5.500,5.558,5.441,5.533,435259.000
2016-04-07,5.533,5.541,5.425,5.425,377719.000
2016-04-08,5.391,5.491,5.350,5.408,376553.000
2016-04-11,5.433,5.600,5.433,5.533,786386.000
2016-04-12,5.516,5.525,5.450,5.491,298599.000
2016-04-13,5.541,5.741,5.525,5.608,856760.000
2016-04-14,5.666,5.683,5.591,5.633,323646.000
2016-04-15,5.633,5.716,5.600,5.666,497224.000
2016-04-18,5.616,5.641,5.541,5.541,350654.000
2016-04-19,5.575,5.608,5.525,5.575,218239.000
2016-04-20,5.575,5.583,5.233,5.366,606586.000
2016-04-21,5.366,5.458,5.308,5.358,558799.000
2016-04-22,5.316,5.450,5.275,5.391,359677.000
2016-04-25,5.400,5.400,5.283,5.350,349257.000
2016-04-26,5.333,5.433,5.316,5.425,291699.000
2016-04-27,5.416,5.441,5.366,5.408,239553.000
2016-04-28,5.416,5.566,5.383,5.483,457460.000
2016-04-29,5.466,5.466,5.391,5.408,404977.000
2016-05-03,5.416,5.533,5.366,5.500,489102.000
2016-05-04,5.500,5.558,5.483,5.533,412435.000
2016-05-05,5.508,5.533,5.475,5.533,239516.000
2016-05-06,5.541,5.541,5.366,5.366,346545.000
2016-05-09,5.350,5.375,5.200,5.225,411171.000
2016-05-10,5.216,5.241,5.158,5.166,292599.000
2016-05-11,5.183,5.300,5.183,5.241,327289.000
2016-05-12,5.191,5.266,5.141,5.250,325885.000
2016-05-13,5.225,5.266,5.208,5.225,184266.000
2016-05-16,5.200,5.233,5.141,5.233,215224.000
2016-05-17,5.233,5.241,5.133,5.183,250424.000
2016-05-18,5.175,5.200,5.075,5.183,534150.000
2016-05-19,5.158,5.200,5.141,5.141,170777.000
2016-05-20,5.133,5.208,5.091,5.183,206703.000
2016-05-23,5.208,5.216,5.141,5.166,323646.000
2016-05-24,5.158,5.166,5.091,5.108,259294.000
2016-05-25,5.141,5.166,5.091,5.125,204235.000
2016-05-26,5.116,5.158,5.075,5.116,261396.000
2016-05-27,5.116,5.175,5.091,5.158,222818.000
2016-05-30,5.141,5.166,5.100,5.166,380946.000
2016-05-31,5.150,5.408,5.150,5.391,946467.000
2016-06-01,5.358,5.391,5.300,5.333,556750.000
2016-06-02,5.325,5.333,5.283,5.316,293036.000
2016-06-03,5.325,5.366,5.275,5.350,423389.000
2016-06-06,5.358,5.375,5.308,5.358,338332.000
2016-06-07,5.366,5.375,5.333,5.366,229282.000
2016-06-08,5.383,5.383,5.316,5.350,268188.000
2016-06-13,5.316,5.325,5.208,5.208,344816.000
2016-06-14,5.216,5.275,5.200,5.266,273637.000
2016-06-15,5.208,5.333,5.200,5.300,378172.000
2016-06-16,5.297,5.327,5.257,5.297,386670.000
2016-06-17,5.297,5.337,5.267,5.307,315173.000
2016-06-20,5.317,5.327,5.287,5.327,270731.000
2016-06-21,5.337,5.377,5.307,5.337,380749.000
2016-06-22,5.327,5.457,5.307,5.457,478002.000
2016-06-23,5.397,5.427,5.357,5.387,335614.000
2016-06-24,5.367,5.427,5.247,5.297,427664.000
2016-06-27,5.297,5.367,5.267,5.337,325214.000
2016-06-28,5.307,5.367,5.287,5.357,336519.000
2016-06-29,5.357,5.417,5.347,5.417,369611.000
2016-06-30,5.417,5.467,5.387,5.427,362204.000
2016-07-01,5.417,5.457,5.407,5.437,348930.000
2016-07-04,5.417,5.587,5.397,5.537,608257.000
2016-07-05,5.527,5.557,5.497,5.537,422037.000
2016-07-06,5.527,5.547,5.487,5.517,322950.000
2016-07-07,5.517,5.527,5.467,5.507,312853.000
2016-07-08,5.517,5.517,5.457,5.467,261342.000
2016-07-11,5.477,5.517,5.467,5.477,365372.000
2016-07-12,5.477,5.617,5.467,5.607,711832.000
2016-07-13,5.607,5.777,5.587,5.717,798288.000
2016-07-14,5.697,5.727,5.637,5.667,359699.000
2016-07-15,5.677,5.727,5.637,5.717,352033.000
2016-07-18,5.717,5.807,5.697,5.767,506934.000
2016-07-19,5.767,5.777,5.677,5.697,362787.000
2016-07-20,5.687,5.717,5.677,5.687,310926.000
2016-07-21,5.677,5.737,5.677,5.717,340261.000
2016-07-22,5.717,5.717,5.647,5.667,295549.000
2016-07-25,5.657,5.707,5.637,5.707,264682.000
2016-07-26,5.697,5.847,5.697,5.837,546556.000
2016-07-27,5.847,5.897,5.637,5.737,818678.000
2016-07-28,5.707,5.837,5.697,5.807,479910.000
2016-07-29,5.807,5.967,5.757,5.927,671425.000
2016-08-01,5.907,6.067,5.897,6.007,759324.000
2016-08-02,5.967,5.987,5.897,5.977,449165.000
2016-08-03,5.937,5.947,5.877,5.907,424622.000
2016-08-04,5.897,5.907,5.657,5.717,1344462.000
2016-08-05,5.717,5.797,5.677,5.767,725948.000
2016-08-08,5.767,5.837,5.737,5.837,398479.000
2016-08-09,5.817,5.877,5.797,5.877,415676.000
2016-08-10,5.877,5.907,5.847,5.867,436655.000
2016-08-11,5.867,6.077,5.857,5.947,935576.000
2016-08-12,5.927,6.257,5.907,6.227,1370021.000
2016-08-15,6.277,6.527,6.237,6.407,1897552.000
2016-08-16,6.407,6.407,6.187,6.247,1099558.000
2016-08-17,6.247,6.327,6.207,6.277,560725.000
2016-08-18,6.287,6.317,6.157,6.227,691504.000
2016-08-19,6.217,6.247,6.157,6.237,505334.000
2016-08-22,6.227,6.237,6.087,6.127,979432.000
2016-08-23,6.107,6.177,6.097,6.127,890656.000
2016-08-24,6.137,6.157,6.107,6.157,732281.000
2016-08-25,6.147,6.177,6.067,6.167,617389.000
2016-08-26,6.177,6.197,6.127,6.177,502233.000
2016-08-29,6.137,6.177,6.107,6.147,565231.000
2016-08-30,6.147,6.197,6.137,6.197,595081.000
2016-08-31,6.187,6.227,6.157,6.217,489746.000
2016-09-01,6.217,6.247,6.147,6.177,480131.000
2016-09-02,6.157,6.187,6.147,6.177,368796.000
2016-09-05,6.187,6.187,6.127,6.147,469936.000
2016-09-06,6.147,6.157,6.087,6.137,574738.000
2016-09-07,6.137,6.147,6.097,6.127,459373.000
2016-09-08,6.117,6.147,6.107,6.127,295218.000
2016-09-09,6.127,6.157,6.087,6.107,327431.000
2016-09-12,6.017,6.047,5.857,5.887,756581.000
2016-09-13,5.907,5.937,5.867,5.917,460931.000
2016-09-14,5.897,5.907,5.777,5.787,421481.000
2016-09-19,5.777,5.867,5.777,5.847,354348.000
2016-09-20,5.847,5.847,5.767,5.807,436678.000
2016-09-21,5.807,5.827,5.757,5.807,405665.000
2016-09-22,5.827,5.907,5.817,5.887,494613.000
2016-09-23,5.887,5.917,5.867,5.877,288798.000
2016-09-26,5.857,5.857,5.767,5.767,439481.000
2016-09-27,5.767,5.797,5.737,5.787,401323.000
2016-09-28,5.787,5.787,5.757,5.777,271366.000
2016-09-29,5.777,5.807,5.777,5.787,303664.000
2016-09-30,5.787,5.827,5.777,5.797,308084.000
2016-10-10,5.827,5.897,5.807,5.847,611381.000
2016-10-11,5.857,5.877,5.837,5.877,363370.000
2016-10-12,5.867,5.887,5.847,5.857,270316.000
2016-10-13,5.807,5.837,5.777,5.797,632367.000
2016-10-14,5.787,5.817,5.767,5.817,335411.000
2016-10-17,5.807,5.817,5.757,5.777,359223.000
2016-10-18,5.757,5.817,5.757,5.817,593737.000
2016-10-19,5.817,5.837,5.777,5.807,482636.000
2016-10-20,5.807,5.817,5.777,5.797,342844.000
2016-10-21,5.807,5.857,5.787,5.857,683896.000
2016-10-24,5.857,6.027,5.847,5.967,915677.000
2016-10-25,5.977,5.987,5.907,5.937,500752.000
2016-10-26,5.947,5.947,5.857,5.877,440452.000
2016-10-27,5.887,5.897,5.847,5.887,324140.000
2016-10-28,5.887,5.957,5.867,5.897,541997.000
2016-10-31,5.877,5.887,5.817,5.877,493596.000
2016-11-01,5.867,5.887,5.837,5.867,525415.000
2016-11-02,5.867,5.867,5.777,5.797,633586.000
2016-11-03,5.787,5.867,5.777,5.857,616871.000
2016-11-04,5.837,5.897,5.827,5.837,508117.000
2016-11-07,5.827,5.847,5.797,5.847,497240.000
2016-11-08,5.847,5.877,5.827,5.877,806694.000
2016-11-09,5.867,5.867,5.737,5.797,722616.000
2016-11-10,5.827,5.887,5.827,5.867,631998.000
2016-11-11,5.867,5.907,5.837,5.907,812269.000
2016-11-14,5.887,5.977,5.887,5.947,975078.000
2016-11-15,5.927,5.967,5.907,5.957,554342.000
2016-11-16,5.957,5.967,5.927,5.957,415842.000
2016-11-17,5.947,5.947,5.907,5.937,505324.000
2016-11-18,5.937,5.937,5.887,5.907,517597.000
2016-11-21,5.907,6.007,5.897,5.967,850243.000
2016-11-22,5.967,6.087,5.957,6.087,1180256.000
2016-11-23,6.067,6.287,6.067,6.177,1752869.000
2016-11-24,6.167,6.247,6.147,6.197,779748.000
2016-11-25,6.207,6.347,6.187,6.347,1013674.000
2016-11-28,6.417,6.507,6.327,6.357,1279689.000
2016-11-29,6.317,6.427,6.277,6.347,887779.000
2016-11-30,6.377,6.447,6.227,6.277,1025963.000
2016-12-01,6.297,6.357,6.277,6.327,646004.000
2016-12-02,6.327,6.327,6.167,6.277,829686.000
2016-12-05,6.227,6.267,6.137,6.187,764365.000
2016-12-06,6.207,6.247,6.177,6.217,602902.000
2016-12-07,6.207,6.217,6.137,6.207,493404.000
2016-12-08,6.227,6.277,6.157,6.247,671452.000
2016-12-09,6.227,6.477,6.207,6.377,1514199.000
2016-12-12,6.377,6.497,6.167,6.227,1256874.000
2016-12-13,6.207,6.227,6.057,6.147,645771.000
2016-12-14,6.147,6.237,6.127,6.127,597705.000
2016-12-15,6.097,6.137,5.937,5.977,827612.000
2016-12-16,5.967,6.017,5.937,5.977,396813.000
2016-12-19,5.947,5.957,5.897,5.927,494010.000
2016-12-20,5.927,5.927,5.807,5.837,636638.000
2016-12-21,5.847,5.887,5.837,5.887,369920.000
2016-12-22,5.877,5.887,5.837,5.867,341341.000
2016-12-23,5.867,5.867,5.797,5.807,382912.000
2016-12-26,5.787,5.857,5.747,5.847,302058.000
2016-12-27,5.847,5.857,5.797,5.807,268841.000
2016-12-28,5.807,5.837,5.767,5.787,336055.000
2016-12-29,5.797,5.817,5.777,5.807,338758.000
2016-12-30,5.807,5.827,5.787,5.827,302607.000
2017-01-03,5.837,5.907,5.817,5.887,459840.000
2017-01-04,5.877,5.907,5.867,5.887,449329.000
2017-01-05,5.897,5.907,5.877,5.897,344372.000
2017-01-06,5.897,5.897,5.837,5.857,358154.000
2017-01-09,5.857,5.897,5.837,5.877,361081.000
2017-01-10,5.877,5.887,5.867,5.877,241053.000
2017-01-11,5.867,5.897,5.857,5.867,303430.000
2017-01-12,5.857,5.897,5.857,5.877,428006.000
2017-01-13,5.867,5.917,5.847,5.887,434301.000
2017-01-16,5.877,5.887,5.797,5.867,683165.000
2017-01-17,5.847,5.887,5.827,5.877,545552.000
2017-01-18,5.867,5.917,5.857,5.897,574269.000
2017-01-19,5.877,5.967,5.877,5.907,437712.000
2017-01-20,5.897,5.957,5.897,5.947,393328.000
2017-01-23,5.947,5.987,5.927,5.947,420299.000
2017-01-24,5.957,6.007,5.927,5.997,470244.000
2017-01-25,5.997,6.007,5.977,5.987,304401.000
2017-01-26,5.997,6.067,5.987,6.057,420712.000
2017-02-03,6.067,6.087,5.957,5.987,315472.000
2017-02-06,5.987,6.047,5.987,6.037,516786.000
2017-02-07,6.037,6.047,5.997,6.027,396884.000
2017-02-08,6.017,6.027,5.967,6.027,360272.000
2017-02-09,6.027,6.057,6.007,6.037,342855.000
2017-02-10,6.047,6.087,6.037,6.057,482743.000
2017-02-13,6.067,6.167,6.057,6.137,638364.000
2017-02-14,6.137,6.147,6.097,6.127,362404.000
2017-02-15,6.127,6.267,6.117,6.177,756613.000
2017-02-16,6.177,6.227,6.147,6.187,411161.000
2017-02-17,6.187,6.217,6.097,6.117,423774.000
2017-02-20,6.127,6.307,6.127,6.287,898755.000
2017-02-21,6.277,6.347,6.267,6.297,646584.000
2017-02-22,6.297,6.297,6.227,6.297,462966.000
2017-02-23,6.277,6.297,6.207,6.237,335327.000
2017-02-24,6.227,6.267,6.207,6.227,332500.000
2017-02-27,6.227,6.227,6.147,6.157,407341.000
2017-02-28,6.157,6.237,6.147,6.207,369719.000
2017-03-01,6.217,6.277,6.197,6.217,346993.000
2017-03-02,6.237,6.267,6.147,6.157,403628.000
2017-03-03,6.137,6.157,6.087,6.127,342655.000
2017-03-06,6.127,6.187,6.117,6.177,404511.000
2017-03-07,6.167,6.187,6.127,6.177,294672.000
2017-03-08,6.157,6.177,6.127,6.147,244438.000
2017-03-09,6.137,6.157,6.087,6.107,378169.000
2017-03-10,6.107,6.137,6.087,6.127,390182.000
2017-03-13,6.117,6.177,6.097,6.167,545304.000
2017-03-14,6.157,6.187,6.137,6.167,404484.000
2017-03-15,6.147,6.207,6.147,6.207,546560.000
2017-03-16,6.207,6.257,6.177,6.247,635953.000
2017-03-17,6.177,6.187,6.027,6.037,1583647.000
2017-03-20,6.017,6.037,5.947,5.977,715021.000
2017-03-21,5.977,5.987,5.927,5.967,554648.000
2017-03-22,5.927,5.947,5.867,5.887,566123.000
2017-03-23,5.887,5.967,5.877,5.927,433588.000
2017-03-24,5.927,5.967,5.887,5.917,710827.000
2017-03-27,5.847,5.917,5.807,5.867,985012.000
2017-03-28,5.887,5.897,5.827,5.847,481372.000
2017-03-29,5.857,5.877,5.817,5.837,601140.000
2017-03-30,5.847,5.847,5.787,5.807,687285.000
2017-03-31,5.807,5.907,5.807,5.897,633121.000
2017-04-05,5.887,5.947,5.877,5.937,499150.000
2017-04-06,5.927,5.947,5.897,5.927,434391.000
2017-04-07,5.917,5.947,5.897,5.927,514844.000
2017-04-10,5.927,5.937,5.897,5.907,401343.000
2017-04-11,5.897,5.917,5.817,5.877,612437.000
2017-04-12,5.887,5.897,5.827,5.847,455336.000
2017-04-13,5.837,5.867,5.827,5.847,357442.000
2017-04-14,5.837,5.847,5.787,5.807,490500.000
2017-04-17,5.807,5.837,5.777,5.827,531892.000
2017-04-18,5.817,5.827,5.777,5.777,335376.000
2017-04-19,5.757,5.767,5.627,5.637,799668.000
2017-04-20,5.627,5.667,5.617,5.647,437629.000
2017-04-21,5.647,5.717,5.627,5.697,325408.000
2017-04-24,5.697,5.707,5.617,5.657,394995.000
2017-04-25,5.657,5.737,5.657,5.727,377933.000
2017-04-26,5.727,5.737,5.687,5.717,382147.000
2017-04-27,5.697,5.707,5.637,5.697,387392.000
2017-04-28,5.687,5.717,5.647,5.717,286446.000
2017-05-02,5.687,5.687,5.627,5.667,311026.000
2017-05-03,5.647,5.657,5.617,5.637,280310.000
2017-05-04,5.617,5.617,5.447,5.467,696517.000
2017-05-05,5.467,5.487,5.307,5.357,623700.000
2017-05-08,5.327,5.347,5.267,5.297,460089.000
2017-05-09,5.287,5.367,5.277,5.367,324194.000
2017-05-10,5.357,5.527,5.347,5.397,573077.000
2017-05-11,5.377,5.447,5.327,5.427,503643.000
2017-05-12,5.407,5.627,5.367,5.627,917968.000
2017-05-15,5.617,5.677,5.537,5.587,536578.000
2017-05-16,5.567,5.577,5.457,5.567,524872.000
2017-05-17,5.537,5.537,5.477,5.497,417338.000
2017-05-18,5.447,5.497,5.437,5.457,227401.000
2017-05-19,5.467,5.487,5.407,5.417,294270.000
2017-05-22,5.407,5.457,5.337,5.407,679120.000
2017-05-23,5.397,5.567,5.367,5.517,800040.000
2017-05-24,5.507,5.557,5.407,5.537,532376.000
2017-05-25,5.517,5.867,5.507,5.827,1621543.000
2017-05-26,5.807,5.857,5.767,5.827,895365.000
2017-05-31,5.827,5.957,5.787,5.927,1033210.000
2017-06-01,5.927,5.957,5.847,5.917,566182.000
2017-06-02,5.907,6.017,5.867,5.897,770757.000
2017-06-05,5.857,5.897,5.717,5.757,634132.000
2017-06-06,5.737,5.787,5.717,5.767,355341.000
2017-06-07,5.747,5.877,5.737,5.857,645723.000
2017-06-08,5.837,5.877,5.807,5.857,383004.000
2017-06-09,5.877,5.947,5.847,5.877,685468.000
2017-06-12,5.877,5.917,5.827,5.837,504578.000
2017-06-13,5.837,5.867,5.777,5.847,448434.000
2017-06-14,5.847,5.857,5.767,5.807,375444.000
2017-06-15,5.807,5.807,5.757,5.767,337797.000
2017-06-16,5.767,5.807,5.737,5.747,285991.000
2017-06-19,5.757,5.877,5.747,5.857,489704.000
2017-06-20,5.847,5.887,5.817,5.847,313615.000
2017-06-21,5.897,5.907,5.837,5.877,496932.000
2017-06-22,5.877,6.127,5.867,5.977,1426958.000
2017-06-23,5.957,5.997,5.887,5.977,584004.000
2017-06-26,5.987,6.127,5.987,6.027,710769.000
2017-06-27,6.027,6.117,5.997,6.087,546016.000
2017-06-28,6.077,6.217,6.057,6.157,1168796.000
2017-06-29,6.157,6.177,6.097,6.157,488804.000
2017-06-30,6.127,6.157,6.037,6.117,499633.000
2017-07-03,6.127,6.157,6.067,6.127,388349.000
2017-07-04,6.127,6.137,6.027,6.067,488362.000
2017-07-05,6.017,6.107,5.997,6.097,567720.000
2017-07-06,6.087,6.137,6.037,6.127,738911.000
2017-07-07,6.097,6.207,6.067,6.197,760369.000
2017-07-10,6.177,6.387,6.167,6.317,1360815.000
2017-07-11,6.337,7.187,6.337,6.977,3812086.000
2017-07-12,6.997,7.307,6.927,7.067,2998844.000
2017-07-13,7.027,7.627,6.967,7.627,2994534.000
2017-07-14,7.537,7.667,7.387,7.627,1722570.000
2017-07-17,7.677,8.057,7.447,7.537,3273123.000
2017-07-18,7.477,7.867,7.347,7.777,2349431.000
2017-07-19,7.717,7.917,7.607,7.817,1933075.000
2017-07-20,7.807,7.947,7.637,7.697,1537338.000
2017-07-21,7.715,7.835,7.575,7.775,1501020.000
2017-07-24,7.705,7.945,7.615,7.835,1692664.000
2017-07-25,7.865,8.155,7.835,7.885,1954768.000
2017-07-26,7.805,8.065,7.545,7.625,1697412.000
2017-07-27,7.605,7.655,7.415,7.475,1194490.000
2017-07-28,7.495,7.695,7.465,7.625,819195.000
2017-07-31,7.685,7.705,7.335,7.555,1575864.000
2017-08-01,7.525,7.965,7.485,7.925,2035709.000
2017-08-02,7.935,8.225,7.845,8.035,2062069.000
2017-08-03,8.025,8.105,7.855,7.895,984219.000
2017-08-04,7.885,8.175,7.815,8.055,1353951.000
2017-08-07,7.945,8.055,7.785,7.885,860644.000
2017-08-08,7.885,7.995,7.795,7.935,689567.000
2017-08-09,7.845,7.905,7.565,7.615,1042321.000
2017-08-10,7.585,7.705,7.425,7.505,959879.000
2017-08-11,7.365,7.425,6.875,6.905,2440643.000
2017-08-14,7.015,7.135,6.925,7.105,1157664.000
2017-08-15,7.125,7.395,7.095,7.195,1075162.000
2017-08-16,7.175,7.255,7.035,7.225,756806.000
2017-08-17,7.235,7.305,7.175,7.305,553642.000
2017-08-18,7.245,7.485,7.175,7.325,616520.000
2017-08-21,7.315,7.405,7.275,7.345,399154.000
2017-08-22,7.365,7.545,7.255,7.535,875681.000
2017-08-23,7.515,7.865,7.475,7.785,1319151.000
2017-08-24,7.775,7.995,7.725,7.815,924248.000
2017-08-25,7.825,8.055,7.785,7.995,963940.000
2017-08-28,7.985,8.425,7.985,8.235,1603938.000
2017-08-29,8.185,8.625,8.165,8.555,1357983.000
2017-08-30,8.565,8.585,8.235,8.315,1096674.000
2017-08-31,8.275,8.325,8.035,8.165,1151786.000
2017-09-01,8.165,8.275,8.035,8.095,959976.000
2017-09-04,8.065,8.605,8.055,8.605,1352325.000
2017-09-05,8.565,8.825,8.485,8.525,1287518.000
2017-09-06,8.475,8.765,8.365,8.585,791621.000
2017-09-07,8.535,8.635,8.275,8.325,614187.000
2017-09-08,8.345,8.525,8.265,8.375,481276.000
2017-09-11,8.425,8.575,8.185,8.265,699472.000
2017-09-12,8.265,8.425,8.155,8.425,846183.000
2017-09-13,8.375,8.425,8.225,8.315,668237.000
2017-09-14,8.315,8.475,8.125,8.205,883087.000
2017-09-15,8.175,8.205,8.035,8.175,646094.000
2017-09-18,8.135,8.205,8.085,8.135,607612.000
2017-09-19,8.135,8.225,7.965,8.015,764212.000
2017-09-20,8.025,8.255,7.935,8.175,787154.000
2017-09-21,8.145,8.395,8.085,8.345,692407.000
2017-09-22,8.315,8.405,8.195,8.325,593927.000
2017-09-25,8.325,8.335,8.065,8.175,532391.000
2017-09-26,8.145,8.185,7.845,7.935,967460.000
2017-09-27,7.895,7.965,7.785,7.815,727188.000
2017-09-28,7.865,7.865,7.705,7.765,517220.000
2017-09-29,7.805,8.045,7.745,7.995,682280.000
2017-10-09,8.455,8.525,8.145,8.185,1325227.000
2017-10-10,8.215,8.385,8.215,8.355,747925.000
2017-10-11,8.365,8.465,8.225,8.415,658077.000
2017-10-12,8.425,8.465,8.355,8.435,578065.000
2017-10-13,8.445,8.445,8.135,8.245,737375.000
2017-10-16,8.245,8.485,8.175,8.475,1036250.000
2017-10-17,8.505,8.535,8.365,8.395,506372.000
2017-10-18,8.415,8.585,8.395,8.575,871365.000
2017-10-19,8.525,8.605,8.455,8.515,722764.000
2017-10-20,8.475,8.475,8.295,8.365,461808.000
2017-10-23,8.275,8.285,8.035,8.075,1074465.000
2017-10-24,8.085,8.305,8.065,8.275,618871.000
2017-10-25,8.245,8.255,8.135,8.155,418573.000
2017-10-26,8.135,8.205,8.005,8.065,928996.000
2017-10-27,8.075,8.445,8.065,8.445,1360086.000
2017-10-30,8.435,8.615,8.335,8.445,1278246.000
2017-10-31,8.435,8.465,8.275,8.425,627491.000
2017-11-01,8.445,8.475,8.205,8.285,692617.000
2017-11-02,8.245,8.465,8.145,8.425,604308.000
2017-11-03,8.375,8.565,8.235,8.275,743343.000
2017-11-06,8.305,8.305,7.975,8.165,1029902.000
2017-11-07,8.155,8.975,8.135,8.805,2477163.000
2017-11-08,8.885,9.475,8.815,9.015,4262825.000
2017-11-09,9.085,9.455,9.035,9.215,2295289.000
2017-11-10,9.255,9.435,9.035,9.185,1757552.000
2017-11-13,9.235,9.985,9.235,9.785,2566906.000
2017-11-14,9.835,10.145,9.695,9.835,1780302.000
2017-11-15,9.785,10.015,9.655,9.785,1263052.000
2017-11-16,9.785,10.005,9.555,9.985,1200814.000
2017-11-17,10.055,10.345,9.915,10.065,2064149.000
2017-11-20,10.015,11.135,9.935,11.135,2843925.000
2017-11-21,10.955,11.675,10.895,11.335,2495327.000
2017-11-22,11.365,12.125,11.365,11.985,2570231.000
2017-11-23,12.035,12.125,10.955,11.235,2429142.000
2017-11-24,11.175,11.475,10.665,11.445,2630189.000
2017-11-27,11.185,11.185,10.635,10.815,2064085.000
2017-11-28,10.735,10.735,10.285,10.585,1766432.000
2017-11-29,10.615,10.815,10.355,10.705,1564094.000
2017-11-30,10.585,10.615,10.145,10.265,1379635.000
2017-12-01,10.285,10.365,9.845,9.885,1784933.000
2017-12-04,9.935,10.255,9.885,10.185,1454023.000
2017-12-05,10.035,10.375,9.985,10.185,1723681.000
2017-12-06,10.145,10.155,9.675,9.965,1619844.000
2017-12-07,9.935,10.025,9.635,9.715,1181957.000
2017-12-08,9.775,9.975,9.635,9.975,1351315.000
2017-12-11,9.965,10.455,9.765,10.385,2261952.000
2017-12-12,10.285,10.365,9.905,9.905,1743405.000
2017-12-13,9.885,10.085,9.765,10.015,1289248.000
2017-12-14,10.035,10.195,9.795,9.885,1001997.000
2017-12-15,9.785,9.815,9.555,9.605,1099952.000
2017-12-18,9.615,9.795,9.525,9.635,805464.000
2017-12-19,9.675,10.205,9.625,10.165,2397942.000
2017-12-20,10.085,10.195,10.015,10.145,1106245.000
2017-12-21,10.065,10.565,10.045,10.425,1485203.000
2017-12-22,10.385,10.515,10.335,10.405,742900.000
2017-12-25,10.405,10.745,10.045,10.135,1585567.000
2017-12-26,10.145,10.575,10.075,10.545,1123688.000
2017-12-27,10.465,10.665,10.075,10.175,1366566.000
2017-12-28,10.165,10.345,9.905,10.095,1553030.000
2017-12-29,10.095,10.315,9.985,10.185,982915.000
2018-01-02,10.235,10.815,10.205,10.585,2081592.000
2018-01-03,10.615,10.745,10.085,10.215,2962498.000
2018-01-04,10.205,10.255,10.015,10.135,1854509.000
2018-01-05,10.095,10.235,10.035,10.185,1210312.000
2018-01-08,10.135,10.175,9.745,9.845,2158620.000
2018-01-09,9.845,10.085,9.805,9.965,1344345.000
2018-01-10,9.925,10.375,9.805,10.355,2403277.000
2018-01-11,10.295,10.475,10.155,10.285,1443877.000
2018-01-12,10.335,10.565,10.295,10.435,1353991.000
2018-01-15,10.395,11.215,10.385,11.085,3122394.000
2018-01-16,11.055,11.265,10.905,11.085,2444549.000
2018-01-17,11.215,11.685,11.085,11.115,2656294.000
2018-01-18,11.285,11.605,11.165,11.605,2148026.000
2018-01-19,11.685,12.015,11.565,11.685,2571146.000
2018-01-22,11.485,11.825,11.315,11.325,2073867.000
2018-01-23,11.245,11.785,11.215,11.535,2388791.000
2018-01-24,11.545,11.965,11.385,11.525,2591292.000
2018-01-25,11.335,11.355,10.885,11.085,2369984.000
2018-01-26,11.065,11.225,10.905,10.935,2032988.000
2018-01-29,10.935,11.135,10.485,10.625,2090546.000
2018-01-30,10.585,10.725,10.435,10.535,1094739.000
2018-01-31,10.485,10.935,10.415,10.935,1747729.000
2018-02-01,10.835,11.185,10.725,10.915,2005614.000
2018-02-02,10.795,10.985,10.515,10.935,1176512.000
2018-02-05,10.685,11.455,10.615,11.435,2331997.000
2018-02-06,11.115,11.215,10.815,10.885,2582872.000
2018-02-07,11.105,11.185,9.645,9.805,3345716.000
2018-02-08,9.715,9.805,9.415,9.425,2137815.000
2018-02-09,8.965,8.965,8.265,8.575,2824949.000
2018-02-12,8.665,8.725,8.445,8.605,1228782.000
2018-02-13,8.755,9.095,8.725,8.825,1298178.000
2018-02-14,8.845,8.915,8.645,8.885,864190.000
2018-02-22,9.135,9.415,9.135,9.345,1268406.000
2018-02-23,9.465,9.675,9.335,9.495,1013663.000
2018-02-26,9.655,9.735,9.335,9.515,1045758.000
2018-02-27,9.525,9.585,9.075,9.165,1285869.000
2018-02-28,8.985,9.075,8.815,8.935,1214145.000
2018-03-01,8.805,9.035,8.785,8.925,886957.000
2018-03-02,8.805,8.925,8.735,8.835,663124.000
2018-03-05,8.815,8.965,8.685,8.745,754183.000
2018-03-06,8.835,8.995,8.655,8.985,1150162.000
2018-03-07,9.035,9.225,8.925,8.935,1427570.000
2018-03-08,8.935,9.035,8.835,8.995,689755.000
2018-03-09,9.035,9.085,8.865,8.975,943876.000
2018-03-12,9.035,9.055,8.835,8.915,1268701.000
2018-03-13,8.925,9.105,8.885,8.905,1082267.000
2018-03-14,8.865,8.885,8.715,8.805,635594.000
2018-03-15,8.675,8.735,8.545,8.595,1155694.000
2018-03-16,8.605,8.735,8.525,8.525,962983.000
2018-03-19,8.545,8.725,8.495,8.715,808538.000
2018-03-20,8.625,8.765,8.605,8.705,776150.000
2018-03-21,8.835,9.005,8.735,8.785,1445109.000
2018-03-22,8.785,8.855,8.505,8.545,984278.000
2018-03-23,8.135,8.235,7.805,8.225,1825690.000
2018-03-26,8.035,8.085,7.745,7.815,1383598.000
2018-03-27,7.985,8.055,7.745,7.825,1103933.000
2018-03-28,7.735,8.025,7.675,7.775,1099023.000
2018-03-29,7.805,8.055,7.435,7.935,1330602.000
2018-03-30,7.925,7.935,7.765,7.785,752173.000
2018-04-02,7.755,7.875,7.585,7.595,1109316.000
2018-04-03,7.485,7.555,7.395,7.445,890745.000
2018-04-04,7.565,7.895,7.485,7.755,1602488.000
2018-04-09,7.685,7.985,7.615,7.905,1074795.000
2018-04-10,7.905,8.345,7.855,8.305,1390950.000
2018-04-11,8.275,8.805,8.265,8.715,2095970.000
2018-04-12,8.685,8.715,8.305,8.405,1173128.000
2018-04-13,8.525,8.675,8.335,8.455,1300255.000
2018-04-16,8.355,8.355,7.915,7.985,1427072.000
2018-04-17,8.005,8.335,7.995,8.095,1301891.000
2018-04-18,8.335,8.495,8.165,8.385,1475845.000
2018-04-19,8.405,8.575,8.305,8.355,849131.000
2018-04-20,8.395,8.465,8.085,8.235,958690.000
2018-04-23,8.185,8.495,8.145,8.455,1070289.000
2018-04-24,8.515,8.825,8.465,8.745,1461098.000
2018-04-25,8.645,8.695,8.515,8.565,730286.000
2018-04-26,8.545,8.575,8.195,8.305,874235.000
2018-04-27,8.375,8.395,7.515,7.735,2709795.000
2018-05-02,7.855,7.915,7.685,7.765,1190523.000
2018-05-03,7.745,7.765,7.455,7.635,1281355.000
2018-05-04,7.615,7.715,7.545,7.565,710509.000
2018-05-07,7.585,7.715,7.525,7.695,974309.000
2018-05-08,7.715,8.035,7.685,7.895,1373305.000
2018-05-09,7.865,7.915,7.765,7.855,627656.000
2018-05-10,7.915,7.975,7.795,7.895,552735.000
2018-05-11,7.925,8.015,7.845,7.895,772369.000
2018-05-14,7.975,8.115,7.915,8.065,1039297.000
2018-05-15,8.065,8.075,7.905,8.005,669261.000
2018-05-16,7.955,7.955,7.775,7.785,714362.000
2018-05-17,7.795,7.825,7.665,7.705,586494.000
2018-05-18,7.695,7.855,7.645,7.845,578384.000
2018-05-21,7.955,7.995,7.815,7.835,763533.000
2018-05-22,7.835,7.865,7.675,7.745,589871.000
2018-05-23,7.705,7.705,7.505,7.535,991016.000
2018-05-24,7.545,7.565,7.465,7.495,688152.000
2018-05-25,7.495,7.555,7.435,7.475,593335.000
2018-05-28,7.465,7.545,7.395,7.475,569400.000
2018-05-29,7.465,7.515,7.235,7.265,889494.000
2018-05-30,7.175,7.175,6.935,6.965,1124447.000
2018-05-31,6.995,7.075,6.905,7.065,987360.000
2018-06-01,7.035,7.175,6.955,7.075,597211.000
2018-06-04,7.115,7.195,7.035,7.155,593038.000
2018-06-05,7.175,7.185,6.995,7.145,656540.000
2018-06-06,7.135,7.145,6.985,7.025,712743.000
2018-06-07,7.085,7.345,7.065,7.255,1262638.000
2018-06-08,7.215,7.215,6.945,7.005,1099379.000
2018-06-11,6.945,7.015,6.885,6.925,721374.000
2018-06-12,6.915,6.965,6.835,6.945,913300.000
2018-06-13,6.925,6.945,6.835,6.835,530584.000
2018-06-14,6.835,7.035,6.805,6.955,866392.000
2018-06-15,6.965,7.175,6.945,7.055,1248707.000
2018-06-19,6.935,7.035,6.705,6.755,1565874.000
2018-06-20,6.755,6.835,6.645,6.795,763637.000
2018-06-21,6.815,6.925,6.745,6.745,840070.000
2018-06-22,6.685,6.755,6.655,6.735,657818.000
2018-06-25,6.795,6.805,6.265,6.345,1195212.000
2018-06-26,6.275,6.325,5.975,6.245,1124156.000
2018-06-27,6.195,6.285,5.915,5.975,1045142.000
2018-06-28,5.835,5.965,5.755,5.805,1110764.000
2018-06-29,5.895,6.015,5.845,5.975,675299.000
2018-07-02,5.935,5.935,5.435,5.495,1315520.000
2018-07-03,5.575,5.585,5.335,5.555,1274838.000
2018-07-04,5.515,5.635,5.495,5.495,711153.000
2018-07-05,5.505,5.615,5.435,5.485,835768.000
2018-07-06,5.495,5.665,5.335,5.545,988282.000
2018-07-09,5.575,5.915,5.565,5.915,1409954.000
2018-07-10,5.905,5.905,5.775,5.865,896862.000
2018-07-11,5.645,5.715,5.565,5.665,851296.000
2018-07-12,5.621,5.991,5.601,5.901,1140492.000
2018-07-13,5.941,5.961,5.841,5.901,603378.000
2018-07-16,5.871,5.921,5.711,5.751,689845.000
2018-07-17,5.761,5.771,5.681,5.741,375356.000
2018-07-18,5.771,5.871,5.711,5.721,525152.000
2018-07-19,5.771,5.831,5.711,5.751,461372.000
2018-07-20,5.751,6.221,5.631,6.131,1754277.000
2018-07-23,6.061,6.471,6.021,6.441,1781688.000
2018-07-24,6.411,6.611,6.351,6.421,1425894.000
2018-07-25,6.461,6.491,6.351,6.401,614122.000
2018-07-26,6.421,6.501,6.231,6.271,833358.000
2018-07-27,6.321,6.381,6.201,6.271,515126.000
2018-07-30,6.341,6.511,6.281,6.411,706385.000
2018-07-31,6.391,6.511,6.271,6.441,720150.000
2018-08-01,6.441,6.521,6.131,6.171,814081.000
2018-08-02,6.151,6.171,5.901,5.961,931401.000
2018-08-03,5.951,6.121,5.931,5.931,476546.000
2018-08-06,5.961,6.131,5.911,5.961,554010.000
2018-08-07,5.981,6.191,5.901,6.191,690423.000
2018-08-08,6.181,6.181,6.061,6.071,578953.000
2018-08-09,6.061,6.371,6.041,6.311,806783.000
2018-08-10,6.321,6.341,6.181,6.251,424168.000
2018-08-13,6.141,6.181,5.921,6.071,818491.000
2018-08-14,6.051,6.061,5.961,6.021,430240.000
2018-08-15,6.041,6.041,5.771,5.811,670442.000
2018-08-16,5.751,5.911,5.661,5.801,638272.000
2018-08-17,5.901,5.961,5.801,5.831,649476.000
2018-08-20,5.921,6.041,5.891,6.021,681322.000
2018-08-21,6.041,6.281,6.031,6.251,1264474.000
2018-08-22,6.261,6.361,6.151,6.311,982433.000
2018-08-23,6.321,6.441,6.251,6.381,729074.000
2018-08-24,6.331,7.301,6.311,7.051,3040408.000
2018-08-27,7.041,7.451,6.991,7.451,2218424.000
2018-08-28,7.361,7.451,7.261,7.311,1289777.000
2018-08-29,7.271,7.351,7.171,7.291,901883.000
2018-08-30,7.291,7.371,7.101,7.141,994917.000
2018-08-31,7.151,7.341,7.121,7.151,1310865.000
2018-09-03,7.111,7.321,7.111,7.211,711695.000
2018-09-04,7.221,7.571,7.091,7.451,1296342.000
2018-09-05,7.321,7.351,7.071,7.071,1179453.000
2018-09-06,7.071,7.161,6.971,6.991,711777.000
2018-09-07,7.061,7.201,6.951,7.031,809035.000
2018-09-10,7.031,7.091,6.861,6.901,636989.000
2018-09-11,6.921,7.051,6.831,6.931,712967.000
2018-09-12,6.891,6.991,6.841,6.901,564829.000
2018-09-13,7.111,7.121,6.861,6.981,999725.000
2018-09-14,7.001,7.001,6.831,6.861,619750.000
2018-09-17,6.821,6.821,6.701,6.711,517082.000
2018-09-18,6.751,7.141,6.721,7.101,1126807.000
2018-09-19,7.051,7.361,7.051,7.261,1231548.000
2018-09-20,7.291,7.381,7.211,7.251,620348.000
2018-09-21,7.281,7.721,7.201,7.691,1624518.000
2018-09-25,7.541,7.701,7.501,7.571,977014.000
2018-09-26,7.631,7.941,7.541,7.731,1490513.000
2018-09-27,7.671,7.861,7.591,7.761,880363.000
2018-09-28,7.801,8.291,7.801,8.071,2110242.000
2018-10-08,7.721,7.811,7.471,7.471,1686358.000
2018-10-09,7.481,7.721,7.411,7.581,1064084.000
2018-10-10,7.561,7.681,7.401,7.471,995200.000
2018-10-11,7.071,7.181,6.721,6.881,1995143.000
2018-10-12,6.991,7.361,6.891,7.321,1516810.000
2018-10-15,7.411,7.491,7.111,7.131,1402685.000
2018-10-16,7.161,7.561,7.141,7.391,1396921.000
2018-10-17,7.521,7.571,7.161,7.351,1350889.000
2018-10-18,7.311,7.311,7.081,7.111,1001156.000
2018-10-19,6.971,7.801,6.941,7.781,2083667.000
2018-10-22,7.831,8.481,7.801,8.171,2645543.000
2018-10-23,8.221,8.241,7.751,7.861,1602545.000
2018-10-24,7.921,8.351,7.821,8.061,1829424.000
2018-10-25,7.821,8.311,7.731,8.311,1685011.000
2018-10-26,8.311,8.331,7.981,8.201,1299975.000
2018-10-29,8.221,8.261,7.641,7.771,1591628.000
2018-10-30,7.801,8.101,7.751,7.921,1501827.000
2018-10-31,7.971,8.011,7.771,7.931,1152683.000
2018-11-01,8.011,8.071,7.781,7.851,1542776.000
2018-11-02,8.061,8.181,7.851,8.111,2212922.000
2018-11-05,7.971,8.061,7.841,7.941,1291924.000
2018-11-06,7.891,7.951,7.751,7.861,735725.000
2018-11-07,7.851,7.971,7.771,7.831,785597.000
2018-11-08,7.901,7.991,7.841,7.911,793976.000
2018-11-09,7.731,7.751,7.421,7.571,1629269.000
2018-11-12,7.481,7.601,7.401,7.581,920333.000
2018-11-13,7.431,7.671,7.401,7.561,1072497.000
2018-11-14,7.551,7.571,7.441,7.461,774239.000
2018-11-15,7.461,7.661,7.441,7.641,901461.000
2018-11-16,7.631,7.741,7.511,7.591,1059592.000
2018-11-19,7.591,7.901,7.591,7.871,1360887.000
2018-11-20,7.771,7.821,7.541,7.591,1033877.000
2018-11-21,7.521,7.691,7.501,7.631,666157.000
2018-11-22,7.691,7.691,7.501,7.571,500267.000
2018-11-23,7.551,7.601,7.331,7.341,700358.000
2018-11-26,7.361,7.481,7.321,7.361,516569.000
2018-11-27,7.371,7.411,7.181,7.201,733448.000
2018-11-28,7.191,7.331,7.181,7.301,537751.000
2018-11-29,7.371,7.411,7.211,7.221,485284.000
2018-11-30,7.241,7.381,7.191,7.381,594715.000
2018-12-03,7.611,7.681,7.491,7.611,1064097.000
2018-12-04,7.591,7.641,7.551,7.611,534813.000
2018-12-05,7.511,7.531,7.421,7.471,581545.000
2018-12-06,7.381,7.391,7.251,7.271,578866.000
2018-12-07,7.321,7.411,7.291,7.301,340216.000
2018-12-10,7.241,7.291,7.151,7.191,494818.000
2018-12-11,7.231,7.281,7.191,7.251,299089.000
2018-12-12,7.321,7.341,7.221,7.261,366379.000
2018-12-13,7.271,7.501,7.221,7.411,790845.000
2018-12-14,7.361,7.371,7.181,7.191,526675.000
2018-12-17,7.181,7.351,7.121,7.311,571274.000
2018-12-18,7.221,7.341,7.121,7.141,537744.000
2018-12-19,7.161,7.201,6.921,6.961,598007.000
2018-12-20,6.941,6.991,6.651,6.731,990284.000
2018-12-21,6.701,6.721,6.351,6.471,1000616.000
2018-12-24,6.421,6.471,6.331,6.441,509117.000
2018-12-25,6.311,6.451,6.231,6.361,586615.000
2018-12-26,6.371,6.441,6.291,6.321,421140.000
2018-12-27,6.471,6.511,6.301,6.301,624593.000
2018-12-28,6.331,6.481,6.331,6.401,576604.000
2019-01-02,6.411,6.441,6.181,6.211,539386.000
2019-01-03,6.201,6.351,6.171,6.301,415537.000
2019-01-04,6.261,6.841,6.241,6.771,1481159.000
2019-01-07,6.861,6.871,6.651,6.761,865687.000
2019-01-08,6.751,6.761,6.641,6.681,402388.000
2019-01-09,6.761,7.101,6.721,6.961,1233486.000
2019-01-10,6.891,7.221,6.881,7.121,1071817.000
2019-01-11,7.131,7.241,7.071,7.221,696364.000
2019-01-14,7.241,7.271,7.091,7.131,500443.000
2019-01-15,7.131,7.301,7.111,7.261,542160.000
2019-01-16,7.261,7.521,7.251,7.501,977699.000
2019-01-17,7.561,7.591,7.191,7.271,882811.000
2019-01-18,7.361,7.511,7.301,7.451,738793.000
2019-01-21,7.361,7.491,7.341,7.361,659355.000
2019-01-22,7.361,7.461,7.281,7.301,424413.000
2019-01-23,7.311,7.491,7.311,7.371,537876.000
2019-01-24,7.421,7.571,7.391,7.541,679240.000
2019-01-25,7.581,8.061,7.571,8.021,2108361.000
2019-01-28,8.061,8.161,7.901,7.961,1035909.000
2019-01-29,7.981,8.091,7.791,8.021,826631.000
2019-01-30,7.971,8.201,7.881,7.971,712001.000
2019-01-31,8.001,8.221,7.961,8.121,831622.000
2019-02-01,8.221,8.271,7.981,8.221,1014270.000
2019-02-11,8.101,8.231,7.991,8.231,801936.000
2019-02-12,8.221,8.331,8.051,8.211,959936.000
2019-02-13,8.211,8.431,8.141,8.401,1137365.000
2019-02-14,8.321,8.351,8.211,8.271,869185.000
2019-02-15,8.251,8.251,7.921,7.971,1100127.000
2019-02-18,8.071,8.381,8.061,8.381,1255522.000
2019-02-19,8.381,8.641,8.261,8.291,1270882.000
2019-02-20,8.351,8.551,8.271,8.431,832629.000
2019-02-21,8.401,8.571,8.301,8.381,754246.000
2019-02-22,8.371,8.591,8.171,8.561,1184047.000
2019-02-25,8.721,9.661,8.591,9.571,2824935.000
2019-02-26,9.571,9.591,9.171,9.221,2017544.000
2019-02-27,9.261,9.681,9.171,9.421,1979013.000
2019-02-28,9.461,9.631,9.291,9.381,1113099.000
2019-03-01,9.501,9.801,9.221,9.781,1712679.000
2019-03-04,9.721,10.401,9.641,10.011,2456830.000
2019-03-05,9.931,10.311,9.861,10.081,1408422.000
2019-03-06,10.081,10.171,9.861,10.101,1245760.000
2019-03-07,10.081,10.081,9.571,9.761,1782057.000
2019-03-08,9.511,9.721,9.271,9.321,1778162.000
2019-03-11,9.321,9.511,9.071,9.341,1157650.000
2019-03-12,9.511,9.661,9.261,9.381,1411794.000
2019-03-13,9.361,9.571,9.151,9.391,1269427.000
2019-03-14,9.351,9.641,9.291,9.451,1057467.000
2019-03-15,9.361,9.701,9.361,9.521,1045406.000
2019-03-18,9.551,9.961,9.341,9.931,1486454.000
2019-03-19,9.941,9.961,9.631,9.811,957196.000
2019-03-20,9.701,9.901,9.641,9.771,929996.000
2019-03-21,9.791,9.821,9.601,9.711,860140.000
2019-03-22,9.711,9.761,9.521,9.611,713502.000
2019-03-25,9.421,9.421,9.121,9.131,1179883.000
2019-03-26,9.251,9.311,9.031,9.121,935393.000
2019-03-27,9.261,9.491,9.201,9.401,922826.000
2019-03-28,9.331,9.331,9.121,9.241,732467.000
2019-03-29,9.281,9.841,9.231,9.841,1669506.000
2019-04-01,9.851,10.571,9.851,10.201,1951401.000
2019-04-02,10.301,10.501,10.251,10.381,1100384.000
2019-04-03,10.231,10.471,10.171,10.461,792915.000
2019-04-04,10.451,11.021,10.451,10.881,2034365.000
2019-04-08,10.921,11.451,10.741,10.981,1743176.000
2019-04-09,10.891,11.001,10.771,10.831,781332.000
2019-04-10,10.771,10.901,10.421,10.751,947135.000
2019-04-11,10.751,10.981,10.511,10.561,655356.000
2019-04-12,10.511,10.611,10.231,10.441,774324.000
2019-04-15,10.741,11.111,10.681,10.711,1533890.000
2019-04-16,10.691,11.601,10.571,11.601,2379375.000
2019-04-17,11.441,11.611,11.251,11.371,1004109.000
2019-04-18,11.321,11.391,11.131,11.361,507045.000
2019-04-19,11.471,11.821,11.321,11.751,1246036.000
2019-04-22,11.621,11.861,11.101,11.171,1322273.000
2019-04-23,11.121,11.221,10.991,11.091,940687.000
2019-04-24,11.471,11.621,11.181,11.461,1949723.000
2019-04-25,11.401,11.661,11.151,11.151,1111476.000
2019-04-26,11.101,11.271,10.721,10.811,1009421.000
2019-04-29,10.921,11.351,10.881,11.121,1030695.000
2019-04-30,11.011,11.071,10.611,10.871,1116570.000
2019-05-06,10.121,10.371,9.731,9.891,2108667.000
2019-05-07,10.051,10.111,9.741,9.971,1072658.000
2019-05-08,9.741,9.931,9.521,9.621,975450.000
2019-05-09,9.541,9.601,9.071,9.181,1557151.000
2019-05-10,9.361,9.771,9.121,9.701,1192399.000
2019-05-13,9.351,9.561,9.251,9.321,741917.000
2019-05-14,9.221,9.771,9.181,9.511,1182598.000
2019-05-15,9.601,10.131,9.591,9.941,1103988.000
2019-05-16,9.951,10.011,9.801,9.871,634901.000
2019-05-17,9.941,9.951,9.381,9.461,965000.000
2019-05-20,9.371,9.561,9.271,9.401,786435.000
2019-05-21,9.421,9.751,9.381,9.581,731210.000
2019-05-22,9.591,9.591,9.341,9.421,506230.000
2019-05-23,9.261,9.441,9.161,9.311,666855.000
2019-05-24,9.371,9.471,9.331,9.371,495526.000
2019-05-27,9.231,9.441,8.951,9.391,1048425.000
2019-05-28,9.331,9.571,9.281,9.511,880703.000
2019-05-29,9.381,9.611,9.281,9.421,666411.000
2019-05-30,9.341,9.401,9.131,9.241,646284.000
2019-05-31,9.181,9.421,9.131,9.201,686794.000
2019-06-03,9.241,9.351,8.841,8.921,1512719.000
2019-06-04,8.911,8.961,8.621,8.871,974655.000
2019-06-05,8.991,9.161,8.941,8.991,748892.000
2019-06-06,8.991,9.091,8.911,8.941,433665.000
2019-06-10,9.031,9.491,9.001,9.361,1144668.000
2019-06-11,9.361,9.741,9.321,9.671,1251087.000
2019-06-12,9.651,9.681,9.461,9.591,657310.000
2019-06-13,9.561,9.701,9.451,9.611,530000.000
2019-06-14,9.611,9.711,9.471,9.511,483191.000
2019-06-17,9.501,9.811,9.501,9.691,619815.000
2019-06-18,9.691,9.871,9.611,9.821,483555.000
2019-06-19,10.311,10.411,10.031,10.091,1143226.000
2019-06-20,10.191,10.971,10.141,10.821,1529191.000
2019-06-21,10.781,10.891,10.601,10.661,1011129.000
2019-06-24,10.711,10.851,10.631,10.711,659572.000
2019-06-25,10.741,10.741,10.091,10.451,1469227.000
2019-06-26,10.436,10.666,10.356,10.536,546504.000
2019-06-27,10.666,11.016,10.616,10.876,925074.000
2019-06-28,10.896,10.956,10.746,10.946,498093.000
2019-07-01,11.176,11.346,11.036,11.096,960636.000
2019-07-02,11.046,11.406,11.026,11.346,1052744.000
2019-07-03,11.346,11.376,11.036,11.176,769078.000
2019-07-04,11.176,11.446,11.046,11.156,621292.000
2019-07-05,11.116,11.146,10.856,11.086,749196.000
2019-07-08,10.986,11.046,10.616,10.756,778413.000
2019-07-09,10.796,10.876,10.606,10.756,494296.000
2019-07-10,10.776,10.866,10.656,10.726,358220.000
2019-07-11,10.846,10.946,10.696,10.706,484183.000
2019-07-12,10.766,11.396,10.746,11.286,1465366.000
2019-07-15,11.196,11.286,11.006,11.166,841282.000
2019-07-16,11.136,11.156,10.876,10.916,722780.000
2019-07-17,10.866,10.976,10.776,10.856,410020.000
2019-07-18,10.816,10.976,10.726,10.836,422826.000
2019-07-19,10.906,11.246,10.846,11.156,866390.000
2019-07-22,11.126,11.186,10.926,11.016,582283.000
2019-07-23,11.026,11.036,10.816,10.926,504004.000
2019-07-24,11.036,11.176,10.956,11.046,570276.000
2019-07-25,11.086,11.436,11.016,11.366,1087826.000
2019-07-26,11.346,11.416,11.246,11.396,635305.000
2019-07-29,11.416,11.616,11.346,11.456,715576.000
2019-07-30,11.476,11.716,11.456,11.536,796634.000
2019-07-31,11.466,11.486,11.246,11.296,634723.000
2019-08-01,11.226,11.356,11.106,11.266,527981.000
2019-08-02,10.936,11.046,10.826,10.906,969926.000
2019-08-05,10.766,10.806,10.436,10.516,893082.000
2019-08-06,10.266,10.626,10.196,10.536,882499.000
2019-08-07,10.656,10.806,10.536,10.706,793038.000
2019-08-08,11.066,11.666,11.016,11.546,2330715.000
2019-08-09,11.716,12.016,11.596,11.686,2060575.000
2019-08-12,11.776,12.286,11.766,12.286,2733425.000
2019-08-13,12.166,12.246,11.906,12.056,1293736.000
2019-08-14,12.306,12.386,11.966,12.136,1360546.000
2019-08-15,11.806,12.126,11.766,12.106,897376.000
2019-08-16,12.256,12.306,11.946,12.066,986902.000
2019-08-19,12.076,12.106,11.686,12.086,2292956.000
2019-08-20,12.086,12.366,11.936,12.156,1921041.000
2019-08-21,12.036,12.056,11.546,11.616,1990131.000
2019-08-22,11.566,11.616,11.366,11.476,1353071.000
2019-08-23,11.536,11.906,11.516,11.816,1636867.000
2019-08-26,11.586,11.666,11.316,11.416,1415122.000
2019-08-27,11.526,11.646,11.406,11.476,1356713.000
2019-08-28,11.426,11.446,11.216,11.436,829657.000
2019-08-29,11.386,11.406,11.246,11.296,609034.000
2019-08-30,11.456,11.556,11.266,11.326,798500.000
2019-09-02,11.316,11.666,11.276,11.616,1360201.000
2019-09-03,11.646,11.676,11.416,11.466,858653.000
2019-09-04,11.486,11.666,11.476,11.606,973964.000
2019-09-05,11.726,12.016,11.716,11.746,1768051.000
2019-09-06,11.876,11.976,11.786,11.976,986432.000
2019-09-09,12.146,12.166,11.766,11.856,1299839.000
2019-09-10,11.766,11.806,11.576,11.716,796870.000
2019-09-11,11.766,11.876,11.626,11.726,818614.000
2019-09-12,11.826,11.946,11.696,11.846,1150687.000
2019-09-16,11.866,11.886,11.566,11.616,929894.000
2019-09-17,11.526,11.616,11.346,11.406,882655.000
2019-09-18,11.406,11.646,11.406,11.576,820436.000
2019-09-19,11.646,12.056,11.646,12.006,1884020.000
2019-09-20,12.116,12.566,12.096,12.506,2644285.000
2019-09-23,12.506,12.636,12.346,12.546,1403282.000
2019-09-24,12.636,12.706,12.346,12.346,1129103.000
2019-09-25,12.366,13.016,12.356,12.916,1938892.000
2019-09-26,13.026,13.206,12.826,12.876,1686592.000
2019-09-27,13.016,13.166,12.866,13.066,1007706.000
2019-09-30,12.916,13.056,12.736,12.756,1046363.000
2019-10-08,12.766,13.396,12.766,13.366,1386676.000
2019-10-09,13.266,13.686,13.186,13.416,1316693.000
2019-10-10,13.436,13.436,13.156,13.406,879746.000
2019-10-11,13.366,14.116,13.366,13.976,1405422.000
2019-10-14,14.136,14.766,14.086,14.386,1557637.000
2019-10-15,14.416,14.516,13.986,14.346,881955.000
2019-10-16,14.426,14.606,13.796,13.956,1267671.000
2019-10-17,14.066,14.166,13.716,13.866,1126182.000
2019-10-18,13.966,14.206,13.596,13.676,1196799.000
2019-10-21,13.596,14.136,13.596,14.056,945952.000
2019-10-22,14.076,14.096,13.196,13.586,1883531.000
2019-10-23,13.486,13.836,13.396,13.616,967534.000
2019-10-24,13.666,14.166,13.606,14.036,1109214.000
2019-10-25,13.946,14.126,13.746,14.046,691435.000
2019-10-28,14.146,14.206,13.646,13.826,1070131.000
2019-10-29,13.856,14.096,13.726,14.076,788864.000
2019-10-30,13.966,14.126,13.586,13.596,854317.000
2019-10-31,13.586,13.636,13.406,13.426,862569.000
2019-11-01,13.516,14.166,13.446,14.026,1254655.000
2019-11-04,14.146,14.416,13.936,14.086,889824.000
2019-11-05,13.966,14.606,13.956,14.316,1172485.000
2019-11-06,14.226,14.426,14.046,14.126,863325.000
2019-11-07,14.096,14.236,13.916,14.056,711896.000
2019-11-08,14.146,14.186,13.806,13.816,849139.000
2019-11-11,13.666,13.696,13.366,13.446,953515.000
2019-11-12,13.456,13.536,13.326,13.496,516266.000
2019-11-13,13.456,13.626,13.226,13.496,655120.000
2019-11-14,13.596,13.646,13.416,13.486,468899.000
2019-11-15,13.556,13.716,13.406,13.506,569227.000
2019-11-18,13.516,13.716,13.396,13.616,557918.000
2019-11-19,13.616,13.646,13.476,13.576,562120.000
2019-11-20,13.466,13.466,12.936,13.016,1724383.000
2019-11-21,12.916,13.036,12.796,13.026,772563.000
2019-11-22,13.056,13.086,12.716,12.756,773473.000
2019-11-25,12.806,13.006,12.706,12.966,783257.000
2019-11-26,13.056,13.056,12.656,12.786,815297.000
2019-11-27,12.806,12.806,12.556,12.636,476169.000
2019-11-28,12.636,12.706,12.606,12.656,378016.000
2019-11-29,12.706,12.716,12.346,12.456,653866.000
2019-12-02,12.516,12.596,12.396,12.526,553877.000
2019-12-03,12.466,12.626,12.376,12.616,455418.000
2019-12-04,12.506,12.576,12.376,12.476,524545.000
2019-12-05,12.516,12.646,12.466,12.596,557084.000
2019-12-06,12.636,12.886,12.626,12.766,712615.000
2019-12-09,12.786,12.786,12.516,12.576,605992.000
2019-12-10,12.526,12.546,12.416,12.496,556383.000
2019-12-11,12.546,12.846,12.466,12.826,871505.000
2019-12-12,12.826,12.836,12.696,12.766,478998.000
2019-12-13,13.016,13.286,12.936,13.286,1053103.000
2019-12-16,13.286,13.306,13.036,13.296,787952.000
2019-12-17,13.166,13.796,13.146,13.666,1203104.000
2019-12-18,13.596,13.826,13.576,13.626,797091.000
2019-12-19,13.716,13.906,13.606,13.716,675536.000
2019-12-20,13.716,13.846,13.606,13.756,644478.000
2019-12-23,13.846,13.846,13.336,13.406,715792.000
2019-12-24,13.396,13.666,13.396,13.566,459128.000
2019-12-25,13.616,13.726,13.406,13.466,414917.000
2019-12-26,13.506,13.646,13.486,13.636,372033.000
2019-12-27,13.696,14.096,13.596,13.796,1042574.000
2019-12-30,13.626,13.796,13.266,13.736,976970.000
2019-12-31,13.736,13.796,13.476,13.616,704442.000
2020-01-02,13.816,14.116,13.716,14.036,1530231.000
2020-01-03,14.106,14.476,14.086,14.346,1116194.000
2020-01-06,14.176,14.506,14.076,14.236,862083.000
2020-01-07,14.296,14.446,14.116,14.316,728607.000
2020-01-08,14.166,14.216,13.796,13.826,847824.000
2020-01-09,13.976,14.096,13.696,13.956,1031636.000
2020-01-10,13.956,13.976,13.686,13.856,585548.000
2020-01-13,13.916,14.196,13.776,14.156,872133.000
2020-01-14,14.156,14.436,13.926,13.926,1304493.000
2020-01-15,13.956,14.026,13.616,13.686,859439.000
2020-01-16,13.686,13.736,13.366,13.496,1028104.000
2020-01-17,13.546,13.716,13.516,13.556,605436.000
2020-01-20,13.596,13.776,13.516,13.616,746074.000
2020-01-21,13.506,13.506,13.096,13.166,896603.000
2020-01-22,13.086,13.326,12.876,13.256,719464.000
2020-01-23,13.086,13.086,12.556,12.706,1100592.000
2020-02-03,11.156,11.866,11.156,11.156,2259194.000
2020-02-04,11.216,11.826,11.186,11.766,1706172.000
2020-02-05,11.756,12.056,11.486,11.796,1491380.000
2020-02-06,11.976,12.036,11.676,11.936,1185815.000
2020-02-07,11.766,11.856,11.576,11.786,924852.000
2020-02-10,11.676,11.696,11.466,11.666,1339495.000
2020-02-11,11.766,12.106,11.726,11.956,1407507.000
2020-02-12,11.956,11.986,11.766,11.936,1070503.000
2020-02-13,11.876,12.046,11.776,11.816,1013205.000
2020-02-14,11.916,12.306,11.866,12.196,1512434.000
2020-02-17,12.206,12.536,12.096,12.536,1543696.000
2020-02-18,12.496,12.496,12.176,12.366,973612.000
2020-02-19,12.266,12.536,12.246,12.406,874106.000
2020-02-20,12.436,12.786,12.266,12.756,1235444.000
2020-02-21,12.656,12.886,12.616,12.746,995071.000
2020-02-24,12.626,12.626,12.316,12.396,1191794.000
2020-02-25,12.166,12.296,11.946,12.206,1144575.000
2020-02-26,11.936,12.436,11.866,12.156,1176599.000
2020-02-27,12.126,12.316,12.056,12.276,975270.000
2020-02-28,12.016,12.206,11.626,11.666,1300644.000
2020-03-02,11.716,12.116,11.626,11.956,1116580.000
2020-03-03,12.126,12.156,11.796,11.886,1153584.000
2020-03-04,11.846,11.946,11.676,11.856,862595.000
2020-03-05,11.966,12.806,11.896,12.556,2686602.000
2020-03-06,12.346,12.436,12.186,12.196,1228531.000
2020-03-09,11.876,11.896,11.586,11.616,1665793.000
2020-03-10,11.546,12.016,11.546,11.926,1167864.000
2020-03-11,11.936,12.046,11.786,11.856,814382.000
2020-03-12,11.816,12.006,11.696,11.846,986497.000
2020-03-13,11.066,11.746,11.066,11.686,1169766.000
2020-03-16,11.616,11.626,10.916,10.916,1406202.000
2020-03-17,10.916,11.136,10.296,10.576,1177849.000
2020-03-18,10.576,10.716,9.816,9.876,1384784.000
2020-03-19,9.846,9.906,9.076,9.396,1891457.000
2020-03-20,9.566,9.846,9.426,9.686,1578353.000
2020-03-23,9.166,9.516,9.096,9.316,1071114.000
2020-03-24,9.566,9.846,9.436,9.776,1180200.000
2020-03-25,10.046,10.236,9.866,10.036,1136958.000
2020-03-26,9.946,10.506,9.886,10.226,1075192.000
2020-03-27,10.416,10.546,10.246,10.316,653019.000
2020-03-30,10.016,10.206,9.926,10.106,661739.000
2020-03-31,10.216,10.256,9.946,9.966,513370.000
2020-04-01,10.026,10.296,9.986,10.056,520836.000
2020-04-02,9.916,10.136,9.826,10.136,518365.000
2020-04-03,9.986,10.056,9.716,9.776,825348.000
2020-04-07,10.056,10.106,9.976,10.046,870314.000
2020-04-08,10.046,10.086,9.886,9.946,528716.000
2020-04-09,10.046,10.056,9.886,9.906,408554.000
2020-04-10,9.926,10.146,9.816,9.956,666675.000
2020-04-13,9.836,9.876,9.636,9.756,446214.000
2020-04-14,9.816,10.026,9.736,10.026,686087.000
2020-04-15,10.026,10.096,9.946,10.036,656396.000
2020-04-16,9.956,9.956,9.706,9.846,789155.000
2020-04-17,9.936,10.206,9.816,10.056,1331165.000
2020-04-20,10.026,10.216,9.936,10.156,818456.000
2020-04-21,10.466,10.866,10.466,10.616,2122448.000
2020-04-22,10.536,10.586,10.326,10.396,1032803.000
2020-04-23,10.396,10.476,10.276,10.396,646990.000
2020-04-24,10.336,10.446,10.276,10.406,566002.000
2020-04-27,10.466,10.806,10.416,10.666,936830.000
2020-04-28,10.616,10.726,10.436,10.686,771564.000
2020-04-29,10.646,11.266,10.616,11.186,1108722.000
2020-04-30,11.186,11.486,11.046,11.096,819540.000
2020-05-06,10.926,11.056,10.776,10.936,1008998.000
2020-05-07,10.926,10.926,10.766,10.856,662749.000
2020-05-08,10.926,11.186,10.846,11.116,934782.000
2020-05-11,11.086,11.296,11.066,11.166,612862.000
2020-05-12,11.116,11.216,10.886,10.956,558511.000
2020-05-13,10.916,10.946,10.696,10.796,640359.000
2020-05-14,10.716,10.756,10.386,10.466,944672.000
2020-05-15,10.556,10.596,10.306,10.396,756794.000
2020-05-18,10.366,10.506,10.286,10.366,637209.000
2020-05-19,10.576,10.616,10.436,10.526,600369.000
2020-05-20,10.546,10.786,10.436,10.676,690851.000
2020-05-21,10.686,10.736,10.526,10.566,552312.000
2020-05-22,10.496,10.506,10.086,10.086,856237.000
2020-05-25,10.136,10.146,9.926,10.126,410171.000
2020-05-26,10.186,10.236,10.106,10.206,396212.000
2020-05-27,10.216,10.356,10.126,10.166,482963.000
2020-05-28,10.254,10.564,10.194,10.454,960760.000
2020-05-29,10.394,10.424,10.304,10.384,457808.000
2020-06-01,10.484,10.774,10.464,10.704,882961.000
2020-06-02,10.674,11.014,10.664,10.934,883459.000
2020-06-03,11.024,11.264,10.884,10.924,956803.000
2020-06-04,10.914,11.024,10.794,10.954,583066.000
2020-06-05,10.984,11.004,10.814,10.974,383027.000
2020-06-08,11.064,11.234,10.964,11.004,585972.000
2020-06-09,11.024,11.114,10.914,11.054,474300.000
2020-06-10,11.094,11.094,10.784,10.874,580476.000
2020-06-11,10.764,10.774,10.384,10.464,1349040.000
2020-06-12,10.284,10.404,10.254,10.374,1030551.000
2020-06-15,10.234,10.354,10.184,10.204,660313.000
2020-06-16,10.284,10.374,10.244,10.274,718059.000
2020-06-17,10.274,10.304,10.144,10.234,716468.000
2020-06-18,10.144,10.184,9.974,10.144,1119648.000
2020-06-19,10.114,10.224,9.994,10.184,1539522.000
2020-06-22,10.124,10.144,10.004,10.024,1319080.000
2020-06-23,10.034,10.074,9.904,9.984,990807.000
2020-06-24,10.024,10.264,9.984,10.184,1523220.000
2020-06-29,10.304,10.354,10.094,10.184,1038480.000
2020-06-30,10.214,10.264,10.104,10.184,937940.000
2020-07-01,10.174,10.534,10.124,10.504,1697390.000
2020-07-02,10.464,10.874,10.354,10.814,2590501.000
2020-07-03,10.954,11.704,10.944,11.634,3768334.000
2020-07-06,11.984,13.064,11.974,13.064,4711461.000
2020-07-07,13.684,14.014,12.414,12.864,3964427.000
2020-07-08,12.614,13.384,12.614,13.144,2631339.000
2020-07-09,13.044,13.044,12.694,12.914,2243994.000
2020-07-10,12.734,12.864,12.144,12.244,2158773.000
2020-07-13,12.084,12.464,11.884,12.274,1937160.000
2020-07-14,12.284,12.574,11.934,12.064,1953566.000
2020-07-15,12.164,12.244,11.614,11.654,2042563.000
2020-07-16,11.684,11.934,11.504,11.534,1930891.000
2020-07-17,11.554,11.664,11.334,11.524,1291347.000
2020-07-20,11.614,12.154,11.484,12.114,1979632.000
2020-07-21,12.064,12.064,11.784,11.874,1252866.000
2020-07-22,11.874,12.034,11.654,11.794,1312952.000
2020-07-23,11.624,11.674,11.194,11.394,2027526.000
2020-07-24,11.354,11.374,10.804,10.884,1830882.000
2020-07-27,11.054,11.064,10.484,10.624,1880653.000
2020-07-28,10.724,10.814,10.564,10.724,1217006.000
2020-07-29,10.734,11.014,10.594,10.924,1519580.000
2020-07-30,10.884,10.894,10.754,10.754,964068.000
2020-07-31,10.664,10.914,10.634,10.724,1165822.000
2020-08-03,10.854,11.004,10.814,10.974,1445096.000
2020-08-04,11.044,11.534,10.864,11.424,2445663.000
2020-08-05,11.204,11.234,11.004,11.144,1440203.000
2020-08-06,11.204,11.344,11.034,11.284,1352511.000
2020-08-07,11.184,11.284,11.004,11.084,988678.000
2020-08-10,11.054,11.404,11.004,11.334,1587710.000
2020-08-11,11.354,12.044,11.354,11.514,2603308.000
2020-08-12,11.594,11.884,11.534,11.764,1596812.000
2020-08-13,11.784,11.844,11.524,11.564,837262.000
2020-08-14,11.484,11.894,11.444,11.854,1103216.000
2020-08-17,11.984,12.734,11.934,12.574,3268028.000
2020-08-18,12.584,12.684,12.294,12.534,1350261.000
2020-08-19,12.494,12.734,12.344,12.484,1420928.000
2020-08-20,12.394,12.524,11.914,11.974,1333802.000
2020-08-21,12.094,12.094,11.704,11.834,1234517.000
2020-08-24,11.884,12.094,11.794,11.844,919449.000
2020-08-25,11.944,12.074,11.844,11.984,748320.000
2020-08-26,11.984,11.994,11.664,11.754,734118.000
2020-08-27,11.784,11.844,11.494,11.844,626667.000
2020-08-28,11.644,12.564,11.644,12.514,2410400.000
2020-08-31,12.684,13.064,12.374,12.464,1797130.000
2020-09-01,12.344,12.614,12.264,12.524,813643.000
2020-09-02,12.394,12.914,12.394,12.704,1679383.000
2020-09-03,12.704,12.714,12.224,12.284,1279842.000
2020-09-04,12.114,12.444,11.984,12.344,909890.000
2020-09-07,12.264,12.624,12.214,12.324,1031377.000
2020-09-08,12.384,12.814,12.384,12.814,1407602.000
2020-09-09,12.644,12.944,12.514,12.594,1013572.000
2020-09-10,12.704,12.864,12.584,12.724,957092.000
2020-09-11,12.564,12.684,12.204,12.394,954236.000
2020-09-14,12.394,12.684,12.304,12.684,680251.000
2020-09-15,12.584,12.864,12.534,12.734,657133.000
2020-09-16,12.704,12.924,12.594,12.824,722415.000
2020-09-17,12.924,13.104,12.784,12.954,988216.000
2020-09-18,13.004,13.474,12.904,13.454,1373193.000
2020-09-21,13.384,13.434,13.094,13.244,896162.000
2020-09-22,13.054,13.224,12.774,12.954,867756.000
2020-09-23,12.974,13.214,12.894,13.014,599200.000
2020-09-24,12.974,12.994,12.504,12.504,1061011.000
2020-09-25,12.584,12.694,12.494,12.574,614087.000
2020-09-28,12.574,12.754,12.364,12.694,612711.000
2020-09-29,12.774,12.794,12.144,12.184,1182374.000
2020-09-30,12.184,12.654,12.184,12.554,1217065.000
2020-10-09,12.684,12.934,12.514,12.564,900426.000
2020-10-12,12.604,13.434,12.594,13.284,1591347.000
2020-10-13,13.284,13.494,13.154,13.444,908819.000
2020-10-14,13.424,13.504,13.184,13.414,662562.000
2020-10-15,13.584,14.304,13.534,13.944,1600062.000
2020-10-16,13.944,14.754,13.924,14.484,2095614.000
2020-10-19,14.684,15.484,14.684,14.864,2016106.000
2020-10-20,14.864,14.984,14.634,14.924,960072.000
2020-10-21,15.024,15.384,14.714,15.294,1244560.000
2020-10-22,15.324,15.884,14.684,14.944,1890519.000
2020-10-23,14.914,16.164,14.914,15.514,1698502.000
2020-10-26,15.584,15.674,14.834,15.084,1175599.000
2020-10-27,15.384,15.384,14.884,15.144,1034865.000
2020-10-28,15.144,15.284,14.674,15.014,1205824.000
2020-10-29,14.924,15.314,14.734,15.154,846604.000
2020-10-30,15.124,15.744,14.984,15.134,1007804.000
2020-11-02,15.034,15.434,14.714,15.014,968453.000
2020-11-03,15.094,15.724,15.084,15.344,957869.000
2020-11-04,15.734,15.864,15.344,15.704,1247636.000
2020-11-05,15.754,15.884,14.924,15.084,1429469.000
2020-11-06,15.094,15.134,14.604,15.024,848782.000
2020-11-09,15.054,15.384,14.924,15.224,951424.000
2020-11-10,15.384,15.884,15.314,15.494,1021063.000
2020-11-11,15.584,15.684,14.984,15.194,940130.000
2020-11-12,15.194,15.324,14.834,15.044,677258.000
2020-11-13,14.804,14.854,14.074,14.564,1289189.000
2020-11-16,14.464,14.814,14.284,14.754,759857.000
2020-11-17,14.764,15.314,14.634,15.214,852931.000
2020-11-18,15.164,15.884,15.134,15.844,1373401.000
2020-11-19,15.974,16.364,15.684,16.234,1211741.000
2020-11-20,16.214,16.374,15.904,16.244,673919.000
2020-11-23,16.234,17.004,16.184,17.004,1165858.000
2020-11-24,17.004,17.064,16.554,16.744,678543.000
2020-11-25,16.864,17.084,16.434,16.444,552585.000
2020-11-26,16.434,16.994,16.414,16.884,639658.000
2020-11-27,17.384,17.384,16.764,17.084,753774.000
2020-11-30,17.284,18.264,16.974,17.124,1581441.000
2020-12-01,17.084,17.894,16.784,17.434,1263720.000
2020-12-02,17.314,17.444,16.904,17.014,889385.000
2020-12-03,17.164,17.244,16.554,16.924,714452.000
2020-12-04,16.854,16.854,16.354,16.684,891348.000
2020-12-07,16.694,16.774,16.064,16.294,873807.000
2020-12-08,16.304,16.414,15.914,16.094,719648.000
2020-12-09,16.174,16.434,16.064,16.094,677221.000
2020-12-10,16.114,16.264,15.834,16.034,607867.000
2020-12-11,16.094,16.184,15.604,15.904,887794.000
2020-12-14,15.984,16.444,15.884,16.264,835992.000
2020-12-15,16.184,16.234,15.534,16.124,788858.000
2020-12-16,16.184,16.484,15.964,16.394,689070.000
2020-12-17,16.294,16.454,15.984,16.334,686141.000
2020-12-18,16.384,16.484,15.614,15.744,1058756.000
2020-12-21,15.684,16.024,15.414,15.664,906878.000
2020-12-22,15.744,16.034,15.264,15.284,1028738.000
2020-12-23,15.344,15.454,15.174,15.384,750083.000
2020-12-24,15.534,15.874,15.434,15.644,632950.000
2020-12-25,15.644,15.644,15.184,15.424,577077.000
2020-12-28,15.404,16.244,15.344,16.234,1270337.000
2020-12-29,16.254,16.684,16.084,16.554,963092.000
2020-12-30,16.384,16.584,16.104,16.584,978498.000
2020-12-31,16.594,16.964,16.404,16.724,924503.000
2021-01-04,16.484,16.484,15.824,15.984,1554216.000
2021-01-05,15.784,15.864,15.184,15.554,1821352.000
2021-01-06,15.464,16.944,15.384,16.944,1934945.000
2021-01-07,16.904,17.364,16.614,17.284,1584185.000
2021-01-08,17.284,17.484,16.694,17.234,1195473.000
2021-01-11,17.384,18.024,17.384,17.764,1790457.000
2021-01-12,17.774,18.384,17.564,18.384,1288166.000
2021-01-13,18.384,18.394,17.784,18.084,1049120.000
2021-01-14,18.064,18.274,17.334,17.554,1130156.000
2021-01-15,18.384,19.334,18.204,18.384,2480689.000
2021-01-18,18.584,20.164,18.584,20.084,2157302.000
2021-01-19,19.894,20.224,19.434,19.724,1242088.000
2021-01-20,19.534,20.354,19.504,19.854,1280793.000
2021-01-21,19.884,20.184,19.534,19.614,944779.000
2021-01-22,19.614,19.614,18.894,19.414,924434.000
2021-01-25,19.104,19.984,18.814,19.874,1028365.000
2021-01-26,19.684,20.704,19.684,19.754,1126721.000
2021-01-27,19.694,20.854,19.694,20.464,1294153.000
2021-01-28,20.164,20.564,19.834,20.194,857477.000
2021-01-29,20.194,20.924,20.094,20.474,1240258.000
2021-02-01,20.384,22.374,20.084,21.934,1475239.000
2021-02-02,20.764,21.484,20.294,20.664,2416169.000
2021-02-03,20.864,22.564,20.764,22.334,1923272.000
2021-02-04,21.564,22.624,21.424,21.984,1255248.000
2021-02-05,21.984,22.694,21.654,22.314,1015576.000
2021-02-08,22.284,22.284,21.484,22.184,1084265.000
2021-02-09,22.174,22.224,21.554,21.964,942094.000
2021-02-10,21.984,22.344,20.764,21.204,1918867.000
2021-02-18,21.384,21.934,20.864,21.684,1505231.000
2021-02-19,21.344,21.574,20.954,21.234,922583.000
2021-02-22,21.184,21.184,19.644,19.764,1956842.000
2021-02-23,19.764,20.064,19.204,19.314,1870460.000
2021-02-24,19.654,19.664,18.944,19.544,1428500.000
2021-02-25,19.784,19.944,19.064,19.474,1593403.000
2021-02-26,18.984,19.344,18.594,18.764,1124977.000
2021-03-01,18.924,19.064,18.564,18.834,1125387.000
2021-03-02,19.004,19.534,18.644,19.034,1473425.000
2021-03-03,18.964,20.464,18.844,20.394,1919635.000
2021-03-04,20.154,20.874,20.034,20.304,1213579.000
2021-03-05,20.084,20.364,19.244,19.724,880171.000
2021-03-08,19.824,20.074,18.864,18.984,993774.000
2021-03-09,19.064,19.304,17.964,18.234,1361895.000
2021-03-10,18.224,18.294,17.664,17.784,1149417.000
2021-03-11,17.964,18.764,17.944,18.654,1048659.000
2021-03-12,18.754,19.084,18.584,18.864,697201.000
2021-03-15,18.784,19.504,18.494,18.984,958749.000
2021-03-16,18.984,19.494,18.654,19.044,939684.000
2021-03-17,18.834,18.934,18.284,18.584,821489.000
2021-03-18,18.684,19.114,18.384,19.114,691610.000
2021-03-19,18.914,19.034,17.754,17.854,1525622.000
2021-03-22,17.934,18.934,17.914,18.934,1451190.000
2021-03-23,18.954,19.034,18.344,18.614,682903.000
2021-03-24,18.594,18.664,17.834,17.914,850085.000
2021-03-25,17.964,18.214,17.784,18.134,492666.000
2021-03-26,18.224,18.784,18.144,18.524,822108.000
2021-03-29,18.664,19.034,18.584,18.874,785667.000
2021-03-30,18.764,19.314,18.594,19.314,738655.000
2021-03-31,19.154,19.454,18.984,19.394,777028.000
2021-04-01,19.464,19.494,18.884,19.164,544449.000
2021-04-02,19.084,19.114,18.744,18.884,581084.000
2021-04-06,18.934,19.474,18.894,19.064,401103.000
2021-04-07,19.264,19.314,18.694,19.024,517605.000
2021-04-08,18.844,19.114,18.714,18.944,383030.000
2021-04-09,19.094,19.104,18.464,18.684,398960.000
2021-04-12,18.894,18.894,18.014,18.084,594743.000
2021-04-13,18.104,18.264,17.974,18.164,499904.000
2021-04-14,18.174,18.324,17.804,18.054,537438.000
2021-04-15,18.144,18.154,17.464,17.744,735865.000
2021-04-16,17.744,17.814,17.194,17.644,729998.000
2021-04-19,17.414,18.624,17.294,18.534,1112283.000
2021-04-20,18.464,19.334,18.304,19.074,834773.000
2021-04-21,19.684,20.574,19.674,20.394,1597100.000
2021-04-22,20.574,20.614,20.164,20.364,829694.000
2021-04-23,20.704,21.034,20.454,20.674,823230.000
2021-04-26,21.254,21.614,20.284,20.324,872418.000
2021-04-27,20.334,20.574,20.244,20.324,470431.000
2021-04-28,20.674,20.834,20.164,20.734,593838.000
2021-04-29,20.724,21.094,20.494,20.974,614837.000
2021-04-30,20.734,20.874,20.394,20.674,561981.000
2021-05-06,20.484,21.084,20.484,20.884,500295.000
2021-05-07,21.054,21.684,20.774,21.434,802214.000
2021-05-10,21.384,21.424,20.404,21.244,661439.000
2021-05-11,21.004,21.134,20.444,20.914,497223.000
2021-05-12,20.674,21.024,20.264,20.934,533265.000
2021-05-13,20.904,20.974,20.224,20.454,549653.000
2021-05-14,20.704,20.994,20.164,20.884,563785.000
2021-05-17,20.714,21.384,20.514,21.164,527565.000
2021-05-18,21.414,21.674,20.964,21.464,395415.000
2021-05-19,21.384,21.694,21.084,21.164,429420.000
2021-05-20,20.974,21.404,20.834,21.384,405788.000
2021-05-21,21.444,21.654,20.594,21.054,539336.000
2021-05-24,21.044,21.164,20.754,21.044,343936.000
2021-05-25,21.104,22.294,21.014,22.164,972375.000
2021-05-26,22.204,22.684,22.064,22.574,919264.000
2021-05-27,22.474,22.724,22.084,22.354,504091.000
2021-05-28,22.244,22.274,21.724,22.064,492401.000
2021-05-31,21.894,22.094,21.474,21.764,515351.000
2021-06-01,21.764,21.814,21.064,21.484,625018.000
2021-06-02,21.454,21.484,20.944,21.454,497527.000
2021-06-03,21.284,21.704,21.244,21.334,400901.000
2021-06-04,21.554,22.524,21.364,22.104,756739.000
2021-06-07,22.044,22.044,21.494,21.864,447914.000
2021-06-08,21.714,22.134,21.514,22.094,570078.000
2021-06-09,21.994,22.444,21.744,22.214,453832.000
2021-06-10,22.224,22.624,21.714,21.764,530215.000
2021-06-11,21.874,21.914,20.684,20.934,834665.000
2021-06-15,20.914,20.994,20.364,20.784,660623.000
2021-06-16,20.784,20.964,20.574,20.824,378208.000
2021-06-17,20.584,21.254,20.584,20.664,453282.000
2021-06-18,20.694,20.844,19.954,20.214,694099.000
2021-06-21,20.164,20.234,19.574,19.724,718273.000
2021-06-22,19.944,20.654,19.814,20.534,757751.000
2021-06-23,20.414,20.974,20.284,20.704,447908.000
2021-06-24,20.594,20.684,20.244,20.644,390283.000
2021-06-25,20.644,21.164,20.624,20.924,559973.000
2021-06-28,20.924,20.954,20.044,20.344,626257.000
2021-06-29,20.144,20.354,19.564,19.904,1049749.000
2021-06-30,19.924,20.494,19.914,20.184,403435.000
2021-07-01,20.374,21.064,20.084,20.764,664833.000
2021-07-02,20.284,20.304,19.324,19.374,1070678.000
2021-07-05,19.254,19.714,18.654,19.624,859341.000
2021-07-06,19.644,20.564,19.414,20.344,791957.000
2021-07-07,20.244,20.614,20.064,20.114,468945.000
2021-07-08,20.344,20.344,18.764,19.074,1457059.000
2021-07-09,18.864,19.194,18.584,18.834,762365.000
2021-07-12,19.064,19.064,18.454,18.724,877901.000
2021-07-13,18.714,18.904,18.104,18.684,657614.000
2021-07-14,18.564,18.564,17.974,18.324,847951.000
2021-07-15,18.284,19.284,18.194,19.184,956003.000
2021-07-16,18.974,19.384,18.864,18.904,573003.000
2021-07-19,18.924,18.994,18.344,18.774,522136.000
2021-07-20,18.664,18.764,18.034,18.164,804034.000
2021-07-21,18.144,18.364,17.764,18.014,753077.000
2021-07-22,18.014,18.224,17.804,17.944,868648.000
2021-07-23,17.944,17.944,17.564,17.664,727404.000
2021-07-26,17.524,17.554,15.994,16.364,1451304.000
2021-07-27,16.434,16.554,15.164,15.324,1357551.000
2021-07-28,15.414,15.634,15.244,15.314,1062994.000
2021-07-29,15.474,15.804,15.344,15.524,872378.000
2021-07-30,15.484,15.614,14.804,15.254,950156.000
2021-08-02,15.204,15.704,14.744,15.574,1159923.000
2021-08-03,15.554,15.714,15.224,15.454,896949.000
2021-08-04,15.604,15.634,15.164,15.374,729620.000
2021-08-05,15.264,15.614,15.144,15.244,621574.000
2021-08-06,15.114,15.464,15.014,15.424,567454.000
2021-08-09,15.474,16.814,15.404,16.624,1752798.000
2021-08-10,16.654,17.544,16.464,17.294,1301988.000
2021-08-11,17.554,18.144,17.264,17.374,1048308.000
2021-08-12,17.354,17.864,17.194,17.454,666458.000
2021-08-13,17.344,17.484,17.064,17.454,562885.000
2021-08-16,17.654,17.764,17.134,17.514,627050.000
2021-08-17,17.414,17.784,17.174,17.234,476022.000
2021-08-18,17.234,18.764,17.114,18.184,1332732.000
2021-08-19,18.044,18.184,17.584,17.904,649976.000
2021-08-20,17.534,17.634,16.264,16.984,1614628.000
2021-08-23,17.064,17.614,16.674,16.864,1191849.000
2021-08-24,16.914,17.534,16.774,16.924,868953.000
2021-08-25,16.984,17.034,16.514,16.724,698084.000
2021-08-26,16.764,16.824,15.974,16.024,951619.000
2021-08-27,16.124,16.444,15.874,15.954,728820.000
2021-08-30,15.774,15.854,15.114,15.284,1252211.000
2021-08-31,15.284,15.494,14.874,15.364,1174868.000
2021-09-01,15.044,15.484,14.574,15.444,2316894.000
2021-09-02,15.564,16.344,15.364,15.964,2422604.000
2021-09-03,16.064,16.064,15.264,15.604,1394819.000
2021-09-06,15.494,16.164,15.344,16.014,1515226.000
2021-09-07,16.164,17.124,15.914,16.804,1622344.000
2021-09-08,16.804,17.114,16.664,16.794,1026201.000
2021-09-09,16.674,16.714,16.364,16.564,739506.000
2021-09-10,16.454,18.334,16.404,18.134,2314945.000
2021-09-13,17.924,18.074,17.374,17.774,1297228.000
2021-09-14,17.744,17.834,16.834,16.934,1158173.000
2021-09-15,16.874,18.554,16.754,17.084,841618.000
2021-09-16,16.864,17.064,16.294,16.644,1176954.000
2021-09-17,16.464,16.564,15.974,16.094,1124880.000
2021-09-22,15.434,15.614,14.984,15.544,1473365.000
2021-09-23,15.664,15.884,15.214,15.244,1379838.000
2021-09-24,15.164,15.244,14.904,14.914,1265696.000
2021-09-27,14.774,15.244,14.624,15.134,1140668.000
2021-09-28,15.034,15.734,15.014,15.534,1293167.000
2021-09-29,15.424,16.004,15.274,15.714,1230122.000
2021-09-30,15.654,15.764,15.274,15.494,795611.000
2021-10-08,15.734,16.454,15.584,16.204,1159201.000
2021-10-11,16.564,17.304,16.564,16.964,1455338.000
2021-10-12,16.864,17.274,16.764,16.914,1031232.000
2021-10-13,16.864,17.474,16.734,17.144,807897.000
2021-10-14,17.154,17.484,16.454,16.774,842990.000
2021-10-15,16.564,17.464,16.564,17.224,993494.000
2021-10-18,17.014,17.114,16.664,16.854,729623.000
2021-10-19,16.714,17.244,16.714,17.134,682415.000
2021-10-20,17.314,17.344,16.754,16.804,662956.000
2021-10-21,17.084,17.624,16.814,17.564,1621661.000
2021-10-22,17.724,18.154,17.364,17.604,1134964.000
2021-10-25,17.274,17.764,17.064,17.684,730828.000
2021-10-26,17.624,18.014,17.424,17.614,652807.000
2021-10-27,17.564,17.734,17.154,17.484,687600.000
2021-10-28,17.364,17.504,16.934,17.284,619011.000
2021-10-29,17.194,17.304,16.884,17.064,539930.000
2021-11-01,16.894,17.294,16.574,16.954,841490.000
2021-11-02,16.934,17.054,15.554,15.744,1997691.000
2021-11-03,15.664,15.804,15.414,15.594,1114972.000
2021-11-04,15.644,15.664,15.364,15.434,983411.000
2021-11-05,15.414,15.564,15.134,15.204,1096040.000
2021-11-08,15.184,15.374,14.924,14.984,1376815.000
2021-11-09,15.044,15.214,14.824,15.094,1240573.000
2021-11-10,15.024,15.034,14.724,14.964,1220851.000
2021-11-11,14.914,15.994,14.884,15.914,2084729.000
2021-11-12,15.874,16.194,15.674,15.834,957546.000
2021-11-15,15.914,16.194,15.764,15.994,655090.000
2021-11-16,15.924,16.104,15.734,15.784,601110.000
2021-11-17,15.714,15.864,15.544,15.674,664640.000
2021-11-18,15.654,15.684,15.294,15.364,799844.000
2021-11-19,15.364,15.804,15.264,15.714,786372.000
2021-11-22,15.594,15.814,15.464,15.684,738618.000
2021-11-23,15.674,15.914,15.244,15.444,1235978.000
2021-11-24,15.334,15.514,15.224,15.434,741311.000
2021-11-25,15.304,15.354,15.194,15.244,603533.000
2021-11-26,15.184,15.234,15.084,15.144,694500.000
2021-11-29,14.974,15.134,14.924,15.074,512595.000
2021-11-30,15.104,15.244,14.914,15.004,733616.000
2021-12-01,14.994,15.334,14.934,15.204,706925.000
2021-12-02,15.184,15.374,14.934,15.154,994798.000
2021-12-03,15.204,15.264,14.974,15.214,707600.000
2021-12-06,15.414,16.124,15.364,15.664,2145625.000
2021-12-07,15.864,16.234,15.714,16.024,1616444.000
2021-12-08,16.014,16.114,15.724,16.034,980281.000
2021-12-09,16.054,16.624,15.934,16.264,1455887.000
2021-12-10,16.074,16.264,15.834,15.944,989255.000
2021-12-13,16.034,16.444,15.744,15.834,1314490.000
2021-12-14,15.724,15.734,15.084,15.144,1937209.000
2021-12-15,15.074,15.224,14.964,15.114,1294627.000
2021-12-16,15.114,15.294,15.024,15.284,819480.000
2021-12-17,15.264,15.314,15.134,15.134,602370.000
2021-12-20,15.124,15.214,15.014,15.084,746435.000
2021-12-21,15.054,15.274,15.044,15.154,893734.000
2021-12-22,15.184,15.204,14.864,14.954,976928.000
2021-12-23,14.964,14.994,14.774,14.884,1059576.000
2021-12-24,14.894,14.914,14.774,14.874,488251.000
2021-12-27,14.894,14.914,14.724,14.784,731119.000
2021-12-28,14.784,14.894,14.654,14.734,1126639.000
2021-12-29,14.724,14.724,14.264,14.314,1469374.000
2021-12-30,14.324,14.514,14.284,14.384,796664.000
2021-12-31,14.424,14.464,13.964,14.044,1750761.000
2022-01-04,14.044,14.224,13.744,14.224,1169259.000
2022-01-05,14.144,14.784,14.114,14.714,1961998.000
2022-01-06,14.674,14.834,14.564,14.684,1107885.000
2022-01-07,14.664,14.844,14.624,14.764,1126631.000
2022-01-10,14.854,14.984,14.594,14.754,909774.000
2022-01-11,14.824,15.104,14.704,14.974,1581999.000
2022-01-12,14.974,15.014,14.464,14.564,1502164.000
2022-01-13,14.474,14.804,14.384,14.544,909423.000
2022-01-14,14.564,14.584,13.864,13.894,2103095.000
2022-01-17,13.914,14.044,13.684,13.784,1143689.000
2022-01-18,13.814,14.104,13.724,14.084,1152974.000
2022-01-19,14.104,14.254,13.924,14.064,988392.000
2022-01-20,14.034,15.024,13.984,14.894,3031194.000
2022-01-21,15.014,15.124,14.774,14.914,1481683.000
2022-01-24,14.904,14.944,14.544,14.764,874771.000
2022-01-25,14.644,14.644,14.374,14.414,1093284.000
2022-01-26,14.514,14.664,14.104,14.214,984975.000
2022-01-27,14.064,14.104,13.814,13.864,1024643.000
2022-01-28,13.954,14.014,13.384,13.394,1675564.000
2022-02-07,13.584,13.974,13.454,13.954,1515476.000
2022-02-08,13.864,14.534,13.824,14.394,1754695.000
2022-02-09,14.484,14.564,14.274,14.424,1051162.000
2022-02-10,14.334,14.594,14.234,14.554,784557.000
2022-02-11,14.594,14.904,14.594,14.664,1078139.000
2022-02-14,14.664,14.714,14.074,14.144,1150659.000
2022-02-15,14.064,14.234,13.664,13.844,1208264.000
2022-02-16,13.914,14.094,13.774,13.974,782400.000
2022-02-17,13.954,14.114,13.884,13.984,794502.000
2022-02-18,13.884,14.334,13.874,14.334,802499.000
2022-02-21,14.224,14.234,13.884,14.074,800995.000
2022-02-22,13.874,14.004,13.724,13.794,894957.000
2022-02-23,13.864,13.874,13.604,13.754,886742.000
2022-02-24,13.694,13.714,13.364,13.474,1324087.000
2022-02-25,13.554,13.644,13.434,13.464,726397.000
2022-02-28,13.464,13.484,13.184,13.314,723990.000
2022-03-01,13.354,13.514,13.184,13.484,935040.000
2022-03-02,13.354,13.434,13.224,13.244,760761.000
2022-03-03,13.294,13.374,13.194,13.274,578285.000
2022-03-04,13.184,13.194,12.844,12.894,990936.000
2022-03-07,12.734,12.734,12.224,12.284,1113159.000
2022-03-08,12.184,12.424,11.814,11.874,1003033.000
2022-03-09,11.964,12.014,10.784,11.404,1800760.000
2022-03-10,11.744,12.314,11.654,12.134,2249158.000
2022-03-11,11.964,12.544,11.714,12.464,1493647.000
2022-03-14,12.194,12.494,12.014,12.054,1118407.000
2022-03-15,11.964,11.964,11.164,11.244,1781409.000
2022-03-16,11.424,11.964,11.074,11.874,1531779.000
2022-03-17,12.224,12.274,11.804,12.014,1730061.000
2022-03-18,11.924,12.414,11.704,12.264,1528807.000
2022-03-21,12.064,12.384,11.954,12.154,1208868.000
2022-03-22,12.154,12.784,12.064,12.744,1628657.000
2022-03-23,12.674,12.754,12.464,12.564,1050102.000
2022-03-24,12.484,12.874,12.374,12.764,1002360.000
2022-03-25,12.714,12.814,12.384,12.544,742933.000
2022-03-28,12.364,12.614,12.194,12.414,727137.000
2022-03-29,12.444,12.514,12.164,12.244,615643.000
2022-03-30,12.424,12.834,12.324,12.774,1236792.000
2022-03-31,12.664,13.134,12.624,12.944,1163747.000
2022-04-01,12.934,13.354,12.764,13.314,1484879.000
2022-04-06,13.204,14.104,13.194,13.954,2488540.000
2022-04-07,13.944,14.224,13.764,13.844,1659065.000
2022-04-08,13.824,14.014,13.694,13.964,1066779.000
2022-04-11,13.914,13.964,13.364,13.614,1416735.000
2022-04-12,13.614,13.824,13.224,13.484,1039261.000
2022-04-13,13.454,13.644,13.284,13.364,890628.000
2022-04-14,13.564,13.814,13.484,13.604,929615.000
2022-04-15,13.464,14.094,13.424,13.984,1231761.000
2022-04-18,13.714,13.764,13.374,13.464,1086888.000
2022-04-19,13.464,13.534,13.184,13.374,821772.000
2022-04-20,13.374,13.614,13.264,13.414,716555.000
2022-04-21,13.334,13.544,13.264,13.374,709891.000
2022-04-22,13.204,13.754,12.964,13.624,921274.000
2022-04-25,13.234,13.474,12.344,12.414,1664481.000
2022-04-26,12.444,12.544,12.014,12.294,988210.000
2022-04-27,12.544,13.214,12.524,13.214,1490295.000
2022-04-28,13.134,13.494,12.934,13.214,911772.000
2022-04-29,13.254,13.304,12.534,12.884,1645013.000
2022-05-05,12.764,13.014,12.714,12.884,790196.000
2022-05-06,12.584,12.764,12.474,12.524,832432.000
2022-05-09,12.504,12.504,12.024,12.114,818621.000
2022-05-10,12.064,12.164,11.674,12.154,992285.000
2022-05-11,12.104,12.404,12.004,12.194,848574.000
2022-05-12,12.044,12.124,11.894,11.944,685064.000
2022-05-13,12.064,12.224,12.054,12.174,676312.000
2022-05-16,12.224,12.294,11.914,11.974,668228.000
2022-05-17,12.074,12.284,11.884,12.274,931406.000
2022-05-18,12.414,12.454,12.234,12.314,778578.000
2022-05-19,12.114,12.264,12.064,12.184,590922.000
2022-05-20,12.264,12.604,12.234,12.584,948598.000
2022-05-23,12.634,12.634,12.324,12.394,647726.000
2022-05-24,12.434,12.434,11.964,11.964,933557.000
2022-05-25,11.994,12.054,11.864,11.954,603228.000
2022-05-26,11.974,11.994,11.634,11.754,1011318.000
2022-05-27,11.854,11.914,11.674,11.744,723067.000
2022-05-30,11.824,11.844,11.604,11.644,896901.000
2022-05-31,11.634,11.744,11.564,11.724,938869.000
2022-06-01,11.704,11.704,11.564,11.644,845299.000
2022-06-02,11.584,11.594,11.444,11.514,979268.000
2022-06-06,11.474,11.734,11.204,11.734,1710852.000
2022-06-07,11.584,11.814,11.554,11.724,1315113.000
2022-06-08,11.724,11.734,11.574,11.724,1145521.000
2022-06-09,11.704,12.024,11.664,11.914,1632901.000
2022-06-10,11.824,11.894,11.694,11.884,1346012.000
2022-06-13,11.744,11.754,11.444,11.474,1547753.000
2022-06-14,11.274,11.694,11.274,11.684,1151429.000
2022-06-15,11.664,12.674,11.624,12.304,3413544.000
2022-06-16,12.304,12.394,11.984,12.004,1332546.000
2022-06-17,11.884,12.094,11.764,12.014,1053788.000
2022-06-20,12.004,12.004,11.824,11.904,1032167.000
2022-06-21,11.904,12.194,11.794,11.934,1321794.000
2022-06-22,11.924,11.924,11.644,11.644,1056046.000
2022-06-23,11.654,11.794,11.624,11.764,806028.000
2022-06-24,11.764,11.814,11.674,11.794,866041.000
2022-06-27,11.804,12.124,11.784,12.054,1497278.000
2022-06-28,12.034,12.234,11.974,12.194,1125110.000
2022-06-29,12.214,12.464,12.114,12.204,1266547.000
2022-06-30,12.194,12.584,12.114,12.544,1548745.000
2022-07-01,12.564,12.634,12.404,12.484,779243.000
2022-07-04,12.514,12.544,12.314,12.504,834968.000
2022-07-05,12.554,12.834,12.384,12.474,1115172.000
2022-07-06,12.394,12.494,12.024,12.094,1043335.000
2022-07-07,12.104,12.214,11.944,11.984,730161.000
2022-07-08,12.064,12.214,11.934,12.104,639698.000
2022-07-11,12.064,12.134,11.924,12.024,611692.000
2022-07-12,11.974,12.294,11.944,11.984,742882.000
2022-07-13,11.984,12.034,11.454,11.534,2175996.000
2022-07-14,11.264,11.274,10.854,10.934,2632121.000
2022-07-15,11.044,11.124,10.784,10.804,1598637.000
2022-07-18,10.814,11.004,10.774,10.954,1153506.000
2022-07-19,10.904,10.994,10.844,10.984,755597.000
2022-07-20,10.994,11.034,10.914,10.954,801459.000
2022-07-21,10.884,10.904,10.554,10.574,1970388.000
2022-07-22,10.632,10.722,10.412,10.602,1376510.000
2022-07-25,10.592,10.642,10.462,10.612,763956.000
2022-07-26,10.542,10.702,10.502,10.702,1024049.000
2022-07-27,10.642,10.672,10.522,10.582,923914.000
2022-07-28,10.602,10.702,10.572,10.672,750347.000
2022-07-29,10.672,10.692,10.442,10.472,831497.000
2022-08-01,10.452,10.452,10.192,10.212,1025733.000
2022-08-02,10.012,10.132,9.732,10.052,1373009.000
2022-08-03,9.982,10.062,9.802,9.822,746137.000
2022-08-04,9.892,9.962,9.812,9.952,602676.000
2022-08-05,9.922,10.122,9.772,10.102,765298.000
2022-08-08,10.042,10.152,9.952,9.992,552000.000
2022-08-09,10.002,10.012,9.872,9.912,558448.000
2022-08-10,9.912,10.032,9.812,9.852,683023.000
2022-08-11,9.872,10.182,9.832,10.142,1399304.000
2022-08-12,10.052,10.202,9.992,10.172,820504.000
2022-08-15,10.082,10.152,9.882,9.902,1172010.000
2022-08-16,9.902,9.992,9.892,9.922,631224.000
2022-08-17,9.942,10.212,9.862,10.192,1348507.000
2022-08-18,10.272,10.332,9.952,10.042,1269701.000
2022-08-19,10.062,10.542,10.022,10.362,2106417.000
2022-08-22,10.372,10.472,10.202,10.292,1138077.000
2022-08-23,10.242,10.282,10.072,10.132,921463.000
2022-08-24,10.122,10.332,10.122,10.192,1295375.000
2022-08-25,10.192,10.452,10.092,10.412,1064011.000
2022-08-26,10.472,10.542,10.252,10.402,927634.000
2022-08-29,10.292,10.352,10.102,10.212,924491.000
2022-08-30,10.222,10.332,10.072,10.272,799712.000
2022-08-31,10.172,10.572,10.152,10.542,1653042.000
2022-09-01,10.442,10.582,10.372,10.402,861982.000
2022-09-02,10.412,10.482,10.222,10.302,786363.000
2022-09-05,10.252,10.392,10.162,10.362,632040.000
2022-09-06,10.372,10.452,10.222,10.292,731295.000
2022-09-07,10.212,10.212,10.072,10.122,979813.000
2022-09-08,10.112,10.232,10.092,10.152,621117.000
2022-09-09,10.192,10.532,10.152,10.512,1951297.000
2022-09-13,10.672,10.812,10.452,10.742,1722690.000
2022-09-14,10.542,10.662,10.492,10.522,858036.000
2022-09-15,10.592,10.892,10.562,10.792,1841018.000
2022-09-16,10.712,10.742,10.352,10.352,1357448.000
2022-09-19,10.332,10.462,10.272,10.362,632121.000
2022-09-20,10.402,10.422,10.112,10.132,889989.000
2022-09-21,10.102,10.272,9.992,10.222,684197.000
2022-09-22,10.122,10.152,10.042,10.082,586133.000
2022-09-23,10.032,10.222,10.022,10.082,586441.000
2022-09-26,9.952,10.072,9.782,9.792,903729.000
2022-09-27,9.792,9.952,9.602,9.942,789622.000
2022-09-28,9.882,10.042,9.712,9.902,780926.000
2022-09-29,10.042,10.072,9.612,9.652,917718.000
2022-09-30,9.662,9.752,9.622,9.632,537230.000
2022-10-10,9.492,9.562,9.252,9.262,966080.000
2022-10-11,9.332,9.372,9.202,9.272,415253.000
2022-10-12,9.242,9.412,9.142,9.392,559572.000
2022-10-13,9.302,9.332,9.102,9.132,852616.000
2022-10-14,9.242,9.422,9.192,9.322,1096062.000
2022-10-17,9.212,9.312,9.132,9.272,1024823.000
2022-10-18,9.342,9.432,9.252,9.272,946837.000
2022-10-19,9.212,9.282,9.072,9.082,923990.000
2022-10-20,9.022,9.102,8.952,8.992,781923.000
2022-10-21,9.002,9.042,8.862,8.882,785574.000
2022-10-24,8.882,8.892,8.402,8.412,1383391.000
2022-10-25,8.492,8.602,8.392,8.442,1316979.000
2022-10-26,8.432,8.522,8.402,8.452,1143830.000
2022-10-27,8.492,8.562,8.452,8.472,957383.000
2022-10-28,8.422,8.492,8.202,8.212,1057947.000
2022-10-31,8.122,8.242,8.012,8.132,983096.000
2022-11-01,8.172,8.472,8.152,8.462,1381234.000
2022-11-02,8.402,8.472,8.272,8.422,1302988.000
2022-11-03,8.332,8.362,8.172,8.232,983536.000
2022-11-04,8.192,8.642,8.182,8.612,1776112.000
2022-11-07,8.602,8.702,8.522,8.672,988082.000
2022-11-08,8.682,8.712,8.572,8.642,583222.000
2022-11-09,8.632,8.872,8.612,8.682,832107.000
2022-11-10,8.582,8.692,8.482,8.662,552021.000
2022-11-11,8.922,9.452,8.802,9.222,2545071.000
2022-11-14,9.492,10.072,9.492,9.742,3872084.000
2022-11-15,9.652,9.972,9.622,9.802,1573901.000
2022-11-16,9.762,9.842,9.582,9.612,1278693.000
2022-11-17,9.602,9.632,9.372,9.482,1091047.000
2022-11-18,9.532,9.572,9.362,9.382,868093.000
2022-11-21,9.272,9.292,9.012,9.252,1047737.000
2022-11-22,9.252,9.722,9.232,9.612,1491324.000
2022-11-23,9.572,9.842,9.512,9.612,1247657.000
2022-11-24,9.712,9.782,9.482,9.562,796719.000
2022-11-25,9.582,10.022,9.562,9.962,1760728.000
2022-11-28,9.692,9.712,9.482,9.602,1331563.000
2022-11-29,9.952,10.782,9.922,10.782,4749277.000
2022-11-30,10.692,11.132,10.612,10.822,3209628.000
2022-12-01,11.172,11.452,10.862,10.892,2002689.000
2022-12-02,10.932,10.942,10.482,10.692,1404203.000
2022-12-05,10.882,11.362,10.802,11.322,2287627.000
2022-12-06,11.132,11.452,11.042,11.222,1252579.000
2022-12-07,11.122,11.162,10.822,10.942,1377377.000
2022-12-08,10.942,11.312,10.912,11.152,1065723.000
2022-12-09,11.192,11.542,11.142,11.492,1615832.000
2022-12-12,11.372,11.372,10.852,10.902,1392584.000
2022-12-13,10.942,11.152,10.932,11.032,902285.000
2022-12-14,11.022,11.192,10.872,11.022,974061.000
2022-12-15,10.932,11.072,10.732,10.892,835349.000
2022-12-16,10.812,11.192,10.812,11.132,924252.000
2022-12-19,11.122,11.262,10.742,10.832,1030866.000
2022-12-20,10.762,10.872,10.462,10.552,896212.000
2022-12-21,10.642,10.782,10.532,10.682,614590.000
2022-12-22,10.792,10.942,10.692,10.742,672394.000
2022-12-23,10.642,10.852,10.592,10.772,564426.000
2022-12-26,10.782,10.832,10.502,10.562,797120.000
2022-12-27,10.662,11.012,10.662,10.902,886004.000
2022-12-28,10.952,11.172,10.792,10.932,791192.000
2022-12-29,10.862,10.922,10.642,10.822,666890.000
2022-12-30,10.832,11.072,10.752,10.952,818036.000
2023-01-03,10.992,11.642,10.842,11.562,2194128.000
2023-01-04,11.502,12.212,11.422,12.112,2189683.000
2023-01-05,12.192,12.532,12.162,12.272,1665425.000
2023-01-06,12.292,12.512,12.272,12.412,1195745.000
2023-01-09,12.542,12.672,12.312,12.592,1057659.000
2023-01-10,12.552,12.682,12.182,12.232,1269423.000
2023-01-11,12.242,12.572,12.182,12.462,830566.000
2023-01-12,12.562,12.562,12.322,12.462,625695.000
2023-01-13,12.462,12.742,12.342,12.742,949086.000
2023-01-16,12.742,13.072,12.642,12.872,1560040.000
2023-01-17,12.922,12.972,12.562,12.762,935835.000
2023-01-18,12.742,12.972,12.702,12.902,718434.000
2023-01-19,12.922,13.042,12.662,12.882,641875.000
2023-01-20,12.952,13.032,12.792,12.922,608590.000
2023-01-30,13.392,13.532,12.682,12.942,1374318.000
2023-01-31,13.032,13.302,12.752,12.782,1030498.000
2023-02-01,12.822,12.872,12.302,12.492,1653421.000
2023-02-02,12.532,12.572,12.062,12.392,1577900.000
2023-02-03,12.242,12.342,11.952,12.112,1246383.000
2023-02-06,11.892,11.922,11.652,11.792,1317610.000
2023-02-07,11.852,12.112,11.822,12.002,869460.000
2023-02-08,12.032,12.112,11.822,11.832,657893.000
2023-02-09,11.802,12.092,11.752,11.922,830350.000
2023-02-10,11.892,11.912,11.652,11.772,847284.000
2023-02-13,11.732,11.732,11.392,11.612,1800054.000
2023-02-14,11.642,11.772,11.592,11.752,909937.000
2023-02-15,11.742,11.752,11.412,11.462,1250244.000
2023-02-16,11.472,11.702,11.292,11.392,1279123.000
2023-02-17,11.422,11.512,11.222,11.222,918364.000
2023-02-20,11.292,11.942,11.282,11.942,2116191.000
2023-02-21,11.852,11.992,11.712,11.892,990495.000
2023-02-22,11.792,11.912,11.732,11.812,638922.000
2023-02-23,11.792,12.112,11.772,11.842,824491.000
2023-02-24,11.812,11.822,11.592,11.652,729989.000
2023-02-27,11.542,11.672,11.472,11.482,621462.000
2023-02-28,11.542,11.642,11.402,11.572,607936.000
2023-03-01,11.592,11.982,11.532,11.962,1223452.000
2023-03-02,11.922,12.232,11.852,12.032,1015877.000
2023-03-03,12.142,12.162,11.932,12.082,690954.000
2023-03-06,12.092,12.092,11.512,11.642,1455824.000
2023-03-07,11.642,11.892,11.442,11.482,1279266.000
2023-03-08,11.422,11.432,11.192,11.322,1096898.000
2023-03-09,11.332,11.372,10.922,10.992,1736065.000
2023-03-10,10.792,11.062,10.792,10.932,856996.000
2023-03-13,10.912,11.082,10.792,10.842,1000635.000
2023-03-14,10.782,10.792,10.522,10.662,1149076.000
2023-03-15,10.842,10.972,10.732,10.842,979364.000
2023-03-16,10.682,10.822,10.592,10.612,916792.000
2023-03-17,10.782,10.832,10.442,10.542,1556814.000
2023-03-20,10.552,10.642,10.342,10.362,1188816.000
2023-03-21,10.442,10.572,10.292,10.492,840743.000
2023-03-22,10.542,10.672,10.502,10.582,876691.000
2023-03-23,10.492,10.692,10.422,10.692,804306.000
2023-03-24,10.642,10.652,10.552,10.612,621519.000
2023-03-27,10.592,10.602,10.252,10.392,1008422.000
2023-03-28,10.452,10.522,10.342,10.432,673868.000
2023-03-29,10.522,10.532,10.292,10.322,596064.000
2023-03-30,10.342,10.502,10.202,10.472,824546.000
2023-03-31,10.482,10.562,10.302,10.322,865492.000
2023-04-03,10.342,10.482,10.252,10.462,740429.000
2023-04-04,10.432,10.512,10.382,10.442,647457.000
2023-04-06,10.392,10.402,10.292,10.372,563321.000
2023-04-07,10.362,10.482,10.292,10.412,607925.000
2023-04-10,10.432,10.492,10.372,10.472,640182.000
2023-04-11,10.492,10.512,10.312,10.332,777780.000
2023-04-12,10.372,10.382,10.242,10.272,909957.000
2023-04-13,10.202,10.462,10.092,10.352,1131591.000
2023-04-14,10.392,10.692,10.372,10.482,1297995.000
2023-04-17,10.452,10.732,10.392,10.722,1304213.000
2023-04-18,10.722,10.992,10.682,10.792,1538936.000
2023-04-19,10.812,10.862,10.622,10.642,1014378.000
2023-04-20,10.692,10.692,10.412,10.542,811788.000
2023-04-21,10.492,10.622,10.272,10.292,918668.000
2023-04-24,10.272,10.292,9.822,9.892,1467672.000
2023-04-25,9.932,10.162,9.912,10.072,1301901.000
2023-04-26,10.042,10.042,9.782,9.912,991260.000
2023-04-27,9.852,10.142,9.792,10.052,1004093.000
2023-04-28,10.052,10.572,10.012,10.342,1445254.000
2023-05-04,10.192,10.622,9.982,10.522,1478264.000
2023-05-05,10.572,10.902,10.542,10.702,1762189.000
2023-05-08,10.732,11.282,10.632,11.112,2630719.000
2023-05-09,11.192,11.392,10.922,10.952,2422534.000
2023-05-10,10.962,11.052,10.592,10.632,1237053.000
2023-05-11,10.742,10.912,10.592,10.642,903758.000
2023-05-12,10.612,10.662,10.402,10.412,885604.000
2023-05-15,10.472,10.642,10.242,10.622,928326.000
2023-05-16,10.592,10.712,10.362,10.412,998302.000
2023-05-17,10.372,10.432,10.232,10.282,754621.000
2023-05-18,10.362,10.432,10.222,10.282,687187.000
2023-05-19,10.222,10.232,10.112,10.132,688414.000
2023-05-22,10.102,10.242,10.102,10.172,549328.000
2023-05-23,10.172,10.202,10.002,10.002,694364.000
2023-05-24,9.992,10.002,9.802,9.802,824251.000
2023-05-25,9.782,9.792,9.602,9.722,882744.000
2023-05-26,9.722,9.922,9.632,9.892,511429.000
2023-05-29,9.902,9.922,9.742,9.772,566074.000
2023-05-30,9.772,9.782,9.592,9.662,763997.000
2023-05-31,9.612,9.632,9.372,9.392,1179587.000
2023-06-01,9.392,9.472,9.292,9.382,743023.000
2023-06-02,9.472,9.762,9.432,9.722,1221843.000
2023-06-05,9.672,9.792,9.612,9.702,521846.000
2023-06-06,9.702,9.882,9.612,9.632,833273.000
2023-06-07,9.682,9.862,9.672,9.732,643698.000
2023-06-08,9.752,9.992,9.652,9.912,869397.000
2023-06-09,9.852,9.882,9.642,9.672,1315285.000
2023-06-12,9.612,9.692,9.552,9.582,758747.000
2023-06-13,9.552,9.632,9.482,9.562,849988.000
2023-06-14,9.627,9.807,9.537,9.547,1069200.000
2023-06-15,9.567,9.707,9.467,9.687,925301.000
2023-06-16,9.687,9.747,9.647,9.707,842034.000
2023-06-19,9.707,9.707,9.487,9.527,953997.000
2023-06-20,9.517,9.537,9.427,9.437,544551.000
2023-06-21,9.437,9.557,9.417,9.427,616583.000
2023-06-26,9.377,9.377,9.227,9.257,676577.000
2023-06-27,9.277,9.397,9.247,9.357,461702.000
2023-06-28,9.357,9.407,9.297,9.377,365396.000
2023-06-29,9.367,9.367,9.247,9.257,485906.000
2023-06-30,9.257,9.387,9.227,9.307,519053.000
2023-07-03,9.317,9.607,9.307,9.567,885091.000
2023-07-04,9.537,9.567,9.397,9.477,616301.000
2023-07-05,9.437,9.477,9.377,9.417,423482.000
2023-07-06,9.377,9.417,9.287,9.317,597096.000
2023-07-07,9.277,9.347,9.257,9.277,484441.000
2023-07-10,9.327,9.357,9.247,9.277,495882.000
2023-07-11,9.297,9.337,9.267,9.287,570809.000
2023-07-12,9.307,9.437,9.297,9.317,736084.000
2023-07-13,9.397,9.547,9.347,9.507,1124230.000
2023-07-14,9.507,9.627,9.477,9.537,719147.000
2023-07-17,9.487,9.487,9.337,9.387,608343.000
2023-07-18,9.367,9.397,9.297,9.327,471966.000
2023-07-19,9.307,9.397,9.307,9.387,382196.000
2023-07-20,9.407,9.517,9.367,9.397,554070.000
2023-07-21,9.387,9.467,9.357,9.417,377103.000
2023-07-24,9.407,9.407,9.317,9.337,426852.000
2023-07-25,9.527,9.807,9.517,9.797,2032958.000
2023-07-26,9.727,9.817,9.637,9.747,751663.000
2023-07-27,9.757,9.947,9.727,9.827,1115196.000
2023-07-28,9.767,10.377,9.747,10.337,2347013.000
2023-07-31,10.377,10.577,10.307,10.397,1854952.000
2023-08-01,10.337,10.447,10.207,10.237,957735.000
2023-08-02,10.137,10.317,10.007,10.107,1115900.000
2023-08-03,10.067,10.447,10.027,10.407,1175848.000
2023-08-04,10.497,10.607,10.287,10.377,1303131.000
2023-08-07,10.287,10.327,10.197,10.237,646913.000
2023-08-08,10.197,10.287,10.077,10.177,725705.000
2023-08-09,10.137,10.277,10.127,10.247,577608.000
2023-08-10,10.227,10.287,10.137,10.237,475595.000
2023-08-11,10.247,10.347,9.967,9.967,943539.000
2023-08-14,9.837,9.857,9.667,9.747,975920.000
2023-08-15,9.767,9.877,9.677,9.807,712813.000
2023-08-16,9.747,9.927,9.687,9.807,572904.000
2023-08-17,9.747,9.777,9.537,9.647,965058.000
2023-08-18,9.657,9.817,9.607,9.637,659819.000
2023-08-21,9.637,9.657,9.397,9.397,701498.000
2023-08-22,9.457,9.527,9.387,9.447,606808.000
2023-08-23,9.427,9.497,9.317,9.327,691810.000
2023-08-24,9.367,9.397,9.127,9.207,1291271.000
2023-08-25,9.177,9.407,9.157,9.307,845350.000
2023-08-28,9.917,10.007,9.567,9.597,1997610.000
2023-08-29,9.547,9.567,9.207,9.387,1964961.000
2023-08-30,9.347,9.347,9.207,9.207,1375638.000
2023-08-31,9.217,9.297,9.197,9.207,806474.000
2023-09-01,9.267,9.437,9.267,9.397,1138705.000
2023-09-04,9.427,9.667,9.407,9.637,1410029.000
2023-09-05,9.577,9.587,9.437,9.467,804177.000
2023-09-06,9.407,9.537,9.377,9.507,634841.000
2023-09-07,9.477,9.517,9.397,9.407,540042.000
2023-09-08,9.357,9.397,9.307,9.347,479030.000
2023-09-11,9.377,9.477,9.347,9.417,654486.000
2023-09-12,9.427,9.427,9.327,9.357,495485.000
2023-09-13,9.367,9.397,9.287,9.327,490218.000
2023-09-14,9.357,9.407,9.327,9.367,551650.000
2023-09-15,9.427,9.477,9.277,9.297,890476.000
2023-09-18,9.297,9.317,9.217,9.307,501325.000
2023-09-19,9.297,9.307,9.237,9.287,503664.000
2023-09-20,9.277,9.297,9.227,9.227,558872.000
2023-09-21,9.217,9.217,9.117,9.127,843930.000
2023-09-22,9.107,9.327,9.107,9.317,911484.000
2023-09-25,9.317,9.397,9.267,9.297,761211.000
2023-09-26,9.297,9.337,9.217,9.237,444980.000
2023-09-27,9.227,9.297,9.227,9.247,490311.000
2023-09-28,9.267,9.317,9.257,9.277,520697.000
2023-10-09,9.237,9.247,9.137,9.187,695828.000
2023-10-10,9.267,9.277,9.097,9.097,820749.000
2023-10-11,9.167,9.167,9.037,9.057,724116.000
2023-10-12,9.187,9.237,9.117,9.187,853058.000
2023-10-13,9.107,9.147,9.027,9.077,684483.000
2023-10-16,9.077,9.107,9.027,9.087,501624.000
2023-10-17,9.087,9.127,9.037,9.097,493525.000
2023-10-18,9.067,9.097,8.987,9.027,651825.000
2023-10-19,8.987,8.997,8.667,8.677,1188961.000
2023-10-20,8.627,8.747,8.587,8.677,526139.000
2023-10-23,8.667,8.677,8.507,8.577,530404.000
2023-10-24,8.617,8.687,8.517,8.627,760653.000
2023-10-25,8.587,8.617,8.437,8.457,1411450.000
2023-10-26,8.387,8.497,8.377,8.487,599991.000
2023-10-27,8.457,8.557,8.407,8.527,919771.000
2023-10-30,8.477,8.547,8.427,8.527,805690.000
2023-10-31,8.507,8.567,8.487,8.537,652855.000
2023-11-01,8.627,8.637,8.527,8.557,567300.000
2023-11-02,8.577,8.677,8.547,8.557,619430.000
2023-11-03,8.567,8.597,8.507,8.557,705463.000
2023-11-06,8.587,8.767,8.587,8.767,1007062.000
2023-11-07,8.737,8.737,8.657,8.677,640866.000
2023-11-08,8.657,8.677,8.527,8.577,877819.000
2023-11-09,8.537,8.597,8.507,8.567,639136.000
2023-11-10,8.527,8.547,8.367,8.377,1045044.000
2023-11-13,8.387,8.407,8.297,8.327,770043.000
2023-11-14,8.317,8.407,8.307,8.347,596859.000
2023-11-15,8.447,8.527,8.417,8.447,1109140.000
2023-11-16,8.457,8.467,8.307,8.317,922622.000
2023-11-17,8.297,8.327,8.197,8.227,903362.000
2023-11-20,8.227,8.297,8.177,8.267,639528.000
2023-11-21,8.307,8.427,8.297,8.357,1041166.000
2023-11-22,8.337,8.387,8.217,8.237,737490.000
2023-11-23,8.227,8.237,8.147,8.227,846656.000
2023-11-24,8.187,8.207,8.157,8.177,684695.000
2023-11-27,8.167,8.167,8.047,8.087,836188.000
2023-11-28,8.067,8.097,8.027,8.027,786175.000
2023-11-29,8.027,8.047,7.777,7.797,1467597.000
2023-11-30,7.767,7.807,7.697,7.757,901765.000
2023-12-01,7.727,7.757,7.657,7.737,778057.000
2023-12-04,7.747,7.757,7.687,7.707,605438.000
2023-12-05,7.687,7.697,7.547,7.557,787378.000
2023-12-06,7.517,7.647,7.477,7.577,753056.000
2023-12-07,7.567,7.567,7.457,7.517,585380.000
2023-12-08,7.487,7.527,7.377,7.377,1021152.000
2023-12-11,7.297,7.457,7.207,7.427,1133663.000
2023-12-12,7.387,7.577,7.377,7.497,855016.000
2023-12-13,7.457,7.467,7.227,7.237,1061302.000
2023-12-14,7.287,7.357,7.227,7.227,742901.000
2023-12-15,7.277,7.427,7.267,7.287,988939.000
2023-12-18,7.257,7.317,7.167,7.207,654426.000
2023-12-19,7.197,7.247,7.147,7.177,644071.000
2023-12-20,7.187,7.227,7.107,7.107,715634.000
2023-12-21,7.087,7.267,7.067,7.247,1017047.000
2023-12-22,7.267,7.357,7.187,7.277,1005645.000
2023-12-25,7.257,7.277,7.217,7.267,413971.000
2023-12-26,7.267,7.277,7.147,7.177,541896.000
2023-12-27,7.177,7.207,7.097,7.197,641534.000
2023-12-28,7.187,7.547,7.157,7.527,1661592.000
2023-12-29,7.497,7.557,7.427,7.467,853853.000
2024-01-02,7.467,7.497,7.287,7.287,1158366.000
2024-01-03,7.267,7.297,7.227,7.277,733610.000
2024-01-04,7.267,7.267,7.157,7.187,864194.000
2024-01-05,7.177,7.517,7.147,7.347,1991622.000
2024-01-08,7.307,7.377,7.187,7.227,1121156.000
2024-01-09,7.237,7.267,7.167,7.257,766194.000
2024-01-10,7.237,7.267,7.167,7.167,858621.000
2024-01-11,7.157,7.297,7.107,7.247,934686.000
2024-01-12,7.207,7.347,7.187,7.267,772582.000
2024-01-15,7.237,7.367,7.207,7.287,745133.000
2024-01-16,7.267,7.427,7.237,7.417,1438313.000
2024-01-17,7.407,7.467,7.307,7.307,1482296.000
2024-01-18,7.287,7.317,7.077,7.277,1755132.000
2024-01-19,7.237,7.277,7.177,7.247,963981.000
2024-01-22,7.237,7.337,7.117,7.177,1580320.000
2024-01-23,7.127,7.257,7.037,7.237,1135545.000
2024-01-24,7.307,7.417,7.147,7.407,1759123.000
2024-01-25,7.407,7.617,7.347,7.577,2162514.000
2024-01-26,7.547,7.747,7.517,7.697,2272287.000
2024-01-29,7.767,7.957,7.657,7.777,2376252.000
2024-01-30,7.687,7.777,7.567,7.577,1579122.000
2024-01-31,7.537,7.637,7.457,7.537,1357217.000
2024-02-01,7.487,7.557,7.417,7.487,1055260.000
2024-02-02,7.497,7.547,7.147,7.347,1634214.000
2024-02-05,7.267,7.507,7.187,7.457,1803592.000
2024-02-06,7.377,7.757,7.367,7.757,1995410.000
2024-02-07,7.697,7.747,7.557,7.687,2062015.000
2024-02-08,7.657,7.747,7.597,7.747,1656814.000
2024-02-19,7.837,7.887,7.727,7.887,1605243.000
2024-02-20,7.867,7.917,7.807,7.897,1123564.000
2024-02-21,7.857,8.877,7.847,8.877,5055285.000
2024-02-22,8.727,8.987,8.697,8.977,4922325.000
2024-02-23,8.957,9.317,8.917,8.927,3567480.000
2024-02-26,8.857,8.957,8.577,8.607,2862609.000
2024-02-27,8.567,8.677,8.537,8.577,1981905.000
2024-02-28,8.587,8.777,8.477,8.567,3082693.000
2024-02-29,8.497,8.667,8.487,8.667,1845344.000
2024-03-01,8.667,8.677,8.507,8.567,1828103.000
2024-03-04,8.527,8.577,8.397,8.407,1655930.000
2024-03-05,8.377,8.547,8.337,8.507,1817319.000
2024-03-06,8.477,8.527,8.407,8.407,1345640.000
2024-03-07,8.407,8.717,8.407,8.457,2016166.000
2024-03-08,8.427,8.517,8.377,8.457,1113974.000
2024-03-11,8.457,8.547,8.417,8.547,1210673.000
2024-03-12,8.557,8.667,8.487,8.637,1641262.000
2024-03-13,8.607,8.627,8.377,8.407,1768039.000
2024-03-14,8.377,8.457,8.277,8.307,1409400.000
2024-03-15,8.627,8.827,8.577,8.677,3750208.000
2024-03-18,8.637,8.687,8.567,8.617,1671397.000
2024-03-19,8.607,8.617,8.467,8.477,1293216.000
2024-03-20,8.457,8.547,8.447,8.527,872663.000
2024-03-21,8.527,8.597,8.497,8.547,864466.000
2024-03-22,8.527,8.527,8.387,8.437,1028142.000
2024-03-25,8.427,8.567,8.397,8.477,953202.000
2024-03-26,8.527,8.737,8.497,8.677,1740021.000
2024-03-27,8.637,8.707,8.587,8.607,1274136.000
2024-03-28,8.587,8.647,8.457,8.567,1302189.000
2024-03-29,8.527,8.647,8.507,8.597,872759.000
2024-04-01,8.597,8.727,8.587,8.717,1191088.000
2024-04-02,8.707,8.757,8.607,8.627,1085458.000
2024-04-03,8.607,8.627,8.497,8.537,981846.000
2024-04-08,8.497,8.567,8.447,8.507,906361.000
2024-04-09,8.507,8.547,8.437,8.477,857157.000
2024-04-10,8.457,8.487,8.347,8.357,1246391.000
2024-04-11,8.317,8.367,8.197,8.327,1010213.000
2024-04-12,8.297,8.347,8.117,8.137,1305454.000
2024-04-15,8.147,8.397,8.137,8.367,1453203.000
2024-04-16,8.357,8.467,8.297,8.357,1478036.000
2024-04-17,8.337,8.707,8.287,8.697,2232641.000
2024-04-18,8.657,9.107,8.637,8.877,3165914.000
2024-04-19,8.787,8.897,8.737,8.767,1457675.000
2024-04-22,8.717,8.887,8.527,8.577,2009818.000
2024-04-23,8.587,8.727,8.537,8.617,1240027.000
2024-04-24,8.597,8.647,8.537,8.607,941568.000
2024-04-25,8.577,8.697,8.557,8.687,1113812.000
2024-04-26,8.667,8.747,8.557,8.677,1607628.000
2024-04-29,8.637,8.977,8.597,8.887,2169177.000
2024-04-30,8.877,8.957,8.807,8.867,1324557.000
2024-05-06,9.037,9.187,8.917,8.967,1784101.000
2024-05-07,8.947,8.967,8.837,8.957,1087057.000
2024-05-08,8.917,8.957,8.787,8.807,1221791.000
2024-05-09,8.787,8.897,8.787,8.837,1069461.000
2024-05-10,8.847,9.037,8.837,9.017,1767836.000
2024-05-13,8.977,9.087,8.887,9.047,1402499.000
2024-05-14,9.077,9.137,8.957,8.987,1075784.000
2024-05-15,8.977,8.997,8.887,8.907,868297.000
2024-05-16,8.927,9.287,8.907,9.247,3076292.000
2024-05-17,9.257,9.497,9.207,9.497,2841749.000
2024-05-20,9.507,9.607,9.387,9.457,2170210.000
2024-05-21,9.397,9.697,9.387,9.627,2030049.000
2024-05-22,9.637,9.817,9.537,9.637,2115531.000
2024-05-23,9.607,9.667,9.447,9.477,1841623.000
2024-05-24,9.447,9.567,9.377,9.387,1398276.000
2024-05-27,9.387,9.607,9.387,9.587,1454361.000
2024-05-28,9.577,9.657,9.437,9.477,1204323.000
2024-05-29,9.457,9.527,9.307,9.337,1444811.000
2024-05-30,9.317,9.417,9.137,9.197,1325496.000
2024-05-31,9.217,9.267,9.187,9.187,826707.000
2024-06-03,9.197,9.207,8.987,9.057,1326697.000
2024-06-04,9.027,9.127,8.987,9.097,981005.000
2024-06-05,9.117,9.147,8.947,8.947,1018968.000
2024-06-06,8.977,9.057,8.957,8.977,1049332.000
2024-06-07,8.997,9.087,8.967,9.067,1170126.000
2024-06-11,9.057,9.097,8.867,8.947,1337629.000
2024-06-12,8.927,8.987,8.857,8.957,957426.000
2024-06-13,8.967,9.007,8.877,8.877,1203508.000
2024-06-14,8.946,9.026,8.786,8.976,1637990.000
2024-06-17,8.926,8.956,8.876,8.896,681217.000
2024-06-18,8.906,8.956,8.836,8.876,700653.000
2024-06-19,8.896,9.006,8.876,8.946,796184.000
2024-06-20,8.956,8.966,8.846,8.846,629628.000
2024-06-21,8.846,8.886,8.746,8.796,830545.000
2024-06-24,8.766,8.866,8.676,8.776,947082.000
2024-06-25,8.786,8.926,8.776,8.876,769993.000
2024-06-26,8.856,8.926,8.816,8.876,628599.000
2024-06-27,8.856,9.006,8.796,8.926,928882.000
2024-06-28,8.896,9.056,8.886,8.946,918090.000
2024-07-01,8.886,9.146,8.836,9.146,1343051.000
2024-07-02,9.096,9.276,9.076,9.196,1384386.000
2024-07-03,9.196,9.226,9.086,9.106,713067.000
2024-07-04,9.096,9.176,9.046,9.056,735044.000
2024-07-05,9.056,9.086,8.716,8.766,1713354.000
2024-07-08,8.736,8.816,8.646,8.726,868660.000
2024-07-09,8.736,8.896,8.706,8.866,1032485.000
2024-07-10,8.866,8.996,8.846,8.936,873865.000
2024-07-11,9.006,9.026,8.866,8.926,721392.000
2024-07-12,8.916,9.106,8.916,9.106,1214164.000
2024-07-15,9.106,9.146,9.056,9.126,869412.000
2024-07-16,9.126,9.166,9.036,9.096,943008.000
2024-07-17,9.096,9.216,9.076,9.196,1220168.000
2024-07-18,9.176,9.226,9.096,9.206,1087061.000
2024-07-19,9.176,9.216,9.086,9.166,898723.000
2024-07-22,9.156,9.176,8.986,9.026,994481.000
2024-07-23,9.046,9.126,8.956,8.976,1020154.000
2024-07-24,8.976,9.036,8.916,8.926,724518.000
2024-07-25,8.916,8.946,8.796,8.886,856404.000
2024-07-26,8.896,8.916,8.766,8.826,929552.000
2024-07-29,8.816,8.936,8.766,8.906,781552.000
2024-07-30,8.896,8.926,8.826,8.876,613268.000
2024-07-31,8.876,9.076,8.866,9.066,1096906.000
2024-08-01,9.046,9.116,8.966,9.066,733884.000
2024-08-02,9.016,9.046,8.926,8.936,590229.000
2024-08-05,8.906,9.016,8.846,8.846,758979.000
2024-08-06,8.866,8.916,8.686,8.726,1265537.000
2024-08-07,8.746,8.776,8.706,8.726,517608.000
2024-08-08,8.716,8.776,8.696,8.736,500411.000
2024-08-09,8.756,8.896,8.736,8.836,730274.000
2024-08-12,8.816,8.846,8.776,8.806,353013.000
2024-08-13,8.816,8.826,8.716,8.746,622077.000
2024-08-14,8.736,8.776,8.706,8.716,436380.000
2024-08-15,8.716,8.856,8.666,8.826,776247.000
2024-08-16,8.876,9.006,8.846,8.926,1260368.000
2024-08-19,8.926,9.096,8.916,9.086,1482985.000
2024-08-20,9.116,9.226,9.076,9.136,1569187.000
2024-08-21,9.096,9.176,9.006,9.146,1034888.000
2024-08-22,9.136,9.246,9.116,9.176,1109030.000
2024-08-23,9.186,9.296,9.116,9.266,1071906.000
2024-08-26,9.296,9.346,9.216,9.286,740675.000
2024-08-27,9.266,9.316,9.166,9.226,723137.000
2024-08-28,9.206,9.226,9.076,9.126,942548.000
2024-08-29,9.106,9.176,8.906,8.926,1197676.000
2024-08-30,8.906,9.056,8.906,8.956,1294059.000
2024-09-02,8.916,9.006,8.886,8.906,968836.000
2024-09-03,8.906,8.926,8.796,8.876,916581.000
2024-09-04,8.846,8.946,8.796,8.816,847992.000
2024-09-05,8.826,8.876,8.776,8.866,594209.000
2024-09-06,8.856,9.006,8.846,8.876,878865.000
2024-09-09,8.846,8.866,8.636,8.646,1639175.000
2024-09-10,8.656,8.716,8.576,8.696,767901.000
2024-09-11,8.676,8.676,8.426,8.446,1108727.000
2024-09-12,8.446,8.566,8.406,8.536,581834.000
2024-09-13,8.526,8.616,8.496,8.496,566462.000
2024-09-18,8.516,8.576,8.456,8.566,443611.000
2024-09-19,8.586,8.636,8.476,8.606,684293.000
2024-09-20,8.606,8.696,8.576,8.696,797297.000
2024-09-23,8.686,8.886,8.666,8.836,896908.000
2024-09-24,8.906,9.166,8.876,9.166,1638213.000
2024-09-25,9.316,9.496,9.246,9.296,2160694.000
2024-09-26,9.296,9.946,9.296,9.946,3086457.000
2024-09-27,10.146,10.356,9.826,10.216,3840016.000
2024-09-30,10.416,11.096,10.356,11.006,5430284.000
2024-10-08,12.226,12.226,11.136,11.676,5888978.000
2024-10-09,11.426,11.426,10.456,10.476,4269345.000
2024-10-10,10.662,11.302,10.642,11.022,3426422.000
2024-10-11,11.042,11.212,10.622,10.762,2070891.000
2024-10-14,11.022,11.222,10.832,11.062,2400595.000
2024-10-15,10.982,11.272,10.922,10.942,2072841.000
2024-10-16,10.842,11.222,10.812,11.102,1914494.000
2024-10-17,11.112,11.272,10.972,10.992,1653708.000
2024-10-18,10.952,11.222,10.722,11.082,2604654.000
2024-10-21,10.982,10.982,10.672,10.852,2806655.000
2024-10-22,10.802,10.972,10.762,10.832,1617787.000
2024-10-23,10.862,10.932,10.792,10.902,1511866.000
2024-10-24,10.852,10.902,10.762,10.792,885299.000
2024-10-25,10.812,10.822,10.732,10.752,1105755.000
2024-10-28,10.722,10.722,10.572,10.682,1169487.000
2024-10-29,10.662,10.782,10.572,10.582,1198025.000
2024-10-30,10.542,10.622,10.312,10.362,1482403.000
2024-10-31,10.372,10.482,10.282,10.422,1250205.000
2024-11-01,10.422,10.592,10.382,10.472,1589811.000
2024-11-04,10.472,10.502,10.302,10.502,1131516.000
2024-11-05,10.462,10.702,10.432,10.692,1665418.000
2024-11-06,10.662,10.682,10.512,10.592,1462286.000
2024-11-07,10.542,10.972,10.522,10.952,2242844.000
2024-11-08,10.982,11.052,10.742,10.762,1895104.000
2024-11-11,10.672,10.722,10.512,10.642,1486952.000
2024-11-12,10.622,10.882,10.552,10.582,1717663.000
2024-11-13,10.542,10.742,10.522,10.652,1086263.000
2024-11-14,10.632,10.742,10.572,10.582,1159783.000
2024-11-15,10.542,10.652,10.462,10.482,1215784.000
2024-11-18,10.672,11.082,10.662,10.792,3797324.000
2024-11-19,10.792,11.002,10.592,10.722,2430037.000
2024-11-20,10.712,10.792,10.652,10.682,1286572.000
2024-11-21,10.662,10.692,10.602,10.632,883408.000
2024-11-22,10.632,10.652,10.322,10.322,1625317.000
2024-11-25,10.322,10.382,10.182,10.222,1166020.000
2024-11-26,10.222,10.352,10.182,10.312,831078.000
2024-11-27,10.282,10.432,10.192,10.432,895178.000
2024-11-28,10.432,10.462,10.362,10.382,733169.000
2024-11-29,10.412,10.502,10.382,10.422,1028488.000
2024-12-02,10.432,10.442,10.352,10.432,975434.000
2024-12-03,10.412,10.542,10.392,10.532,1082559.000
2024-12-04,10.482,10.572,10.412,10.502,1007471.000
2024-12-05,10.482,10.542,10.452,10.482,687109.000
2024-12-06,10.482,10.742,10.472,10.702,1726269.000
2024-12-09,10.672,10.762,10.632,10.712,964063.000
2024-12-10,10.942,10.992,10.792,10.832,2167807.000
2024-12-11,10.832,10.872,10.762,10.772,967691.000
2024-12-12,10.772,10.912,10.752,10.892,986235.000
2024-12-13,10.832,10.842,10.602,10.602,1343793.000
2024-12-16,10.602,10.702,10.572,10.612,805718.000
2024-12-17,10.612,10.692,10.562,10.572,802120.000
2024-12-18,10.622,10.782,10.612,10.692,1016590.000
2024-12-19,10.632,10.682,10.582,10.632,697379.000
2024-12-20,10.632,10.742,10.622,10.662,714646.000
2024-12-23,10.682,10.882,10.682,10.772,1659405.000
2024-12-24,10.762,10.912,10.762,10.902,1350837.000
2024-12-25,10.902,11.062,10.882,10.962,1475283.000
2024-12-26,10.962,10.972,10.822,10.902,1000075.000
2024-12-27,10.912,10.942,10.702,10.872,1290012.000
2024-12-30,10.822,11.012,10.822,10.992,1351846.000
2024-12-31,10.972,11.032,10.742,10.742,1475367.000
2025-01-02,10.772,10.812,10.432,10.472,1819597.000
2025-01-03,10.482,10.582,10.402,10.422,1154680.000
2025-01-06,10.422,10.522,10.262,10.482,1085536.000
2025-01-07,10.462,10.572,10.412,10.552,747863.000
2025-01-08,10.542,10.672,10.442,10.542,1062386.000
2025-01-09,10.542,10.542,10.392,10.442,751483.000
2025-01-10,10.442,10.502,10.322,10.342,798134.000
2025-01-13,10.292,10.302,10.122,10.242,934966.000
2025-01-14,10.242,10.442,10.232,10.422,824629.000
2025-01-15,10.422,10.622,10.402,10.522,1031631.000
2025-01-16,10.592,10.632,10.512,10.612,872964.000
2025-01-17,10.572,10.592,10.462,10.492,689765.000
2025-01-20,10.542,10.562,10.442,10.462,832029.000
2025-01-21,10.492,10.492,10.362,10.372,902069.000
2025-01-22,10.362,10.372,10.122,10.132,1347129.000
2025-01-23,10.212,10.442,10.212,10.362,1514920.000
2025-01-24,10.362,10.432,10.262,10.382,944944.000
2025-01-27,10.422,10.592,10.422,10.512,1151935.000
2025-02-05,10.542,10.562,10.372,10.412,843434.000
2025-02-06,10.392,10.492,10.342,10.402,955603.000
2025-02-07,10.402,10.492,10.352,10.422,1407493.000
2025-02-10,10.422,10.542,10.402,10.472,1026591.000
2025-02-11,10.442,10.512,10.412,10.462,844520.000
2025-02-12,10.452,10.472,10.382,10.462,988807.000
2025-02-13,10.462,10.592,10.442,10.542,1358639.000
2025-02-14,10.532,10.592,10.472,10.592,973058.000
2025-02-17,10.642,10.842,10.592,10.822,2061965.000
2025-02-18,10.802,11.002,10.802,10.852,1996610.000
2025-02-19,10.842,10.852,10.722,10.752,1177749.000
2025-02-20,10.752,10.802,10.692,10.702,784396.000
2025-02-21,10.732,10.752,10.592,10.682,973969.000
2025-02-24,10.672,10.732,10.602,10.632,949956.000
2025-02-25,10.602,10.622,10.502,10.512,917156.000
2025-02-26,10.512,10.642,10.512,10.562,841646.000
2025-02-27,10.572,10.672,10.502,10.662,977310.000
2025-02-28,10.622,10.722,10.542,10.572,949088.000
2025-03-03,10.562,10.602,10.492,10.552,830457.000
2025-03-04,10.512,10.592,10.482,10.552,683179.000
2025-03-05,10.562,10.712,10.522,10.702,1080645.000
2025-03-06,10.732,10.742,10.642,10.672,877408.000
2025-03-07,10.672,10.732,10.642,10.712,835537.000
2025-03-10,10.702,10.712,10.592,10.632,663834.000
2025-03-11,10.582,10.652,10.562,10.652,608975.000
2025-03-12,10.642,10.912,10.602,10.892,1877318.000
2025-03-13,10.852,10.952,10.822,10.882,1312371.000
2025-03-14,10.862,11.042,10.862,11.012,1722418.000
2025-03-17,10.672,10.712,10.502,10.542,4603612.000
2025-03-18,10.562,10.582,10.522,10.532,1605290.000
2025-03-19,10.522,10.572,10.502,10.562,1362455.000
2025-03-20,10.552,10.652,10.532,10.532,1101157.000
2025-03-21,10.532,10.562,10.432,10.462,1376389.000
2025-03-24,10.452,10.482,10.382,10.422,1164577.000
2025-03-25,10.422,10.472,10.402,10.472,735609.000
2025-03-26,10.462,10.472,10.412,10.422,740863.000
2025-03-27,10.412,10.452,10.392,10.432,553349.000
2025-03-28,10.432,10.442,10.382,10.392,644946.000
2025-03-31,10.402,10.422,10.302,10.302,1116126.000
2025-04-01,10.312,10.342,10.262,10.312,681470.000
2025-04-02,10.292,10.452,10.292,10.412,932642.000
2025-04-03,10.352,10.432,10.342,10.382,643914.000
2025-04-07,10.042,10.092,9.522,9.742,2545560.000
2025-04-08,9.722,9.892,9.702,9.862,1463988.000
2025-04-09,9.772,9.872,9.702,9.842,1064394.000
2025-04-10,9.902,9.972,9.862,9.942,866548.000
2025-04-11,9.912,9.942,9.872,9.932,583879.000
2025-04-14,9.992,10.082,9.962,9.972,785993.000
2025-04-15,9.962,10.012,9.942,9.992,722754.000
2025-04-16,9.972,10.052,9.952,10.042,842822.000
2025-04-17,9.992,10.122,9.972,10.102,823919.000
2025-04-18,10.082,10.232,10.072,10.222,727098.000
2025-04-21,10.042,10.172,10.012,10.062,1114184.000
2025-04-22,10.062,10.102,10.022,10.082,831129.000
2025-04-23,10.082,10.092,10.012,10.052,586383.000
2025-04-24,10.042,10.102,10.032,10.072,689256.000
2025-04-25,10.082,10.092,10.032,10.052,637547.000
2025-04-28,10.042,10.082,10.002,10.042,642018.000
2025-04-29,10.042,10.062,9.992,10.022,649045.000
2025-04-30,10.002,10.012,9.932,9.952,869835.000
2025-05-06,9.962,10.042,9.932,10.002,854671.000
2025-05-07,10.052,10.082,10.012,10.072,1126270.000
2025-05-08,10.042,10.122,10.032,10.122,1056614.000
2025-05-09,10.112,10.212,10.102,10.192,999897.000
2025-05-12,10.202,10.262,10.172,10.202,895605.000
2025-05-13,10.232,10.372,10.192,10.332,1261031.000
2025-05-14,10.332,10.512,10.292,10.472,1683514.000
2025-05-15,10.472,10.542,10.422,10.432,1035460.000
2025-05-16,10.412,10.472,10.352,10.422,914744.000
2025-05-19,10.442,10.512,10.402,10.412,831391.000
2025-05-20,10.442,10.512,10.412,10.432,643635.000
2025-05-21,10.442,10.632,10.432,10.522,1328278.000
2025-05-22,10.492,10.602,10.482,10.592,1002968.000
2025-05-23,10.592,10.642,10.472,10.502,962643.000
2025-05-26,10.482,10.542,10.442,10.462,699159.000
2025-05-27,10.492,10.582,10.462,10.532,801915.000
2025-05-28,10.542,10.592,10.482,10.572,658179.000
2025-05-29,10.562,10.592,10.492,10.502,919807.000
2025-05-30,10.512,10.622,10.482,10.602,1130849.000
2025-06-03,10.582,10.952,10.572,10.852,2192480.000
2025-06-04,10.862,10.922,10.822,10.882,1167960.000
2025-06-05,10.922,10.952,10.702,10.712,1166803.000
2025-06-06,10.742,10.832,10.722,10.742,682353.000
2025-06-09,10.772,10.792,10.692,10.752,773255.000
2025-06-10,10.762,10.932,10.752,10.852,1428132.000
2025-06-11,10.862,10.972,10.832,10.892,1094667.000
2025-06-12,10.964,11.104,10.924,11.084,1290220.000
2025-06-13,11.084,11.144,10.964,10.984,1095494.000
2025-06-16,10.974,11.194,10.934,11.194,1174438.000
2025-06-17,11.194,11.284,11.114,11.164,890027.000
2025-06-18,11.184,11.214,11.064,11.174,683521.000
2025-06-19,11.164,11.184,11.054,11.104,832247.000
2025-06-20,11.104,11.264,11.074,11.244,1309198.000
2025-06-23,11.214,11.374,11.074,11.334,1389170.000
2025-06-24,11.304,11.414,11.244,11.334,1308525.000
2025-06-25,11.334,11.484,11.234,11.464,1675116.000
2025-06-26,11.454,11.884,11.414,11.814,2174578.000
2025-06-27,11.774,11.984,11.534,11.604,2377600.000
2025-06-30,11.544,11.574,11.364,11.474,1504820.000
2025-07-01,11.464,11.734,11.464,11.704,1354341.000
2025-07-02,11.714,11.814,11.634,11.724,1200412.000
2025-07-03,11.734,11.824,11.684,11.754,794086.000
2025-07-04,11.754,12.124,11.704,12.004,1775333.000
2025-07-07,12.004,12.224,12.004,12.184,1495407.000
2025-07-08,12.154,12.244,12.054,12.094,1090986.000
2025-07-09,12.064,12.304,12.064,12.244,1205963.000
2025-07-10,12.224,12.734,12.194,12.584,2481416.000
2025-07-11,12.594,12.704,12.294,12.314,2443744.000
2025-07-14,12.274,12.574,12.264,12.384,1872896.000
2025-07-15,12.394,12.444,12.114,12.134,1810531.000
2025-07-16,12.134,12.164,11.904,12.044,1927864.000
2025-07-17,12.014,12.104,11.944,11.994,944641.000
2025-07-18,12.024,12.154,12.004,12.104,1241206.000
2025-07-21,12.044,12.114,11.954,12.014,1079027.000
2025-07-22,12.004,12.004,11.724,11.894,1935229.000
2025-07-23,11.864,12.034,11.854,11.934,1370520.000
2025-07-24,11.934,11.934,11.734,11.754,1959351.000
2025-07-25,11.734,11.864,11.724,11.754,1108267.000
2025-07-28,11.754,11.934,11.724,11.864,1238243.000
2025-07-29,11.864,11.914,11.744,11.744,1012818.000
2025-07-30,11.754,12.044,11.744,11.894,1715164.000
2025-07-31,11.914,11.954,11.624,11.634,1690081.000
2025-08-01,11.644,11.734,11.554,11.684,1012187.000
2025-08-04,11.644,11.784,11.614,11.704,1032690.000
2025-08-05,11.704,11.904,11.684,11.874,1132078.000
2025-08-06,11.874,11.924,11.804,11.864,690448.000
2025-08-07,11.844,11.934,11.794,11.874,722053.000
2025-08-08,11.884,11.934,11.794,11.804,829796.000
2025-08-11,11.804,11.824,11.674,11.704,934353.000
2025-08-12,11.704,11.804,11.704,11.734,680056.000
2025-08-13,11.774,11.804,11.634,11.664,1119813.000
2025-08-14,11.674,11.744,11.594,11.604,1241041.000
2025-08-15,11.634,11.634,11.344,11.484,1948503.000
2025-08-18,11.464,11.554,11.434,11.484,1239058.000
2025-08-19,11.504,11.524,11.424,11.464,892860.000
2025-08-20,11.464,11.524,11.384,11.474,1048739.000
2025-08-21,11.454,11.594,11.434,11.554,1217418.000
2025-08-22,11.554,11.574,11.384,11.464,1644260.000
2025-08-25,11.524,11.934,11.504,11.854,3045088.000
2025-08-26,11.854,11.904,11.704,11.764,1383599.000
2025-08-27,11.724,11.764,11.454,11.464,1860050.000
2025-08-28,11.494,11.544,11.374,11.484,1653588.000
2025-08-29,11.454,11.624,11.434,11.454,1805126.000
2025-09-01,11.454,11.454,11.254,11.294,1858459.000
2025-09-02,11.254,11.394,11.244,11.384,1492716.000
2025-09-03,11.384,11.414,11.144,11.154,1367232.000
2025-09-04,11.164,11.174,11.004,11.144,1295300.000
2025-09-05,11.134,11.144,11.034,11.124,819662.000
2025-09-08,11.114,11.184,11.074,11.104,924431.000
2025-09-09,11.114,11.184,11.084,11.154,860539.000
2025-09-10,11.144,11.194,11.114,11.174,792668.000
2025-09-11,11.174,11.254,11.114,11.254,963932.000
2025-09-12,11.234,11.284,11.104,11.124,940385.000
2025-09-15,11.104,11.124,11.034,11.054,840387.000
2025-09-16,11.064,11.114,11.014,11.044,708048.000
2025-09-17,11.044,11.074,10.984,11.044,771129.000
2025-09-18,11.054,11.064,10.784,10.814,1386160.000
2025-09-19,10.814,10.914,10.774,10.854,834651.000
2025-09-22,10.844,10.874,10.774,10.784,596402.000
2025-09-23,10.774,10.984,10.724,10.924,1341430.000
2025-09-24,10.914,11.024,10.834,10.864,1139583.000
2025-09-25,10.834,10.874,10.764,10.804,773276.000
2025-09-26,10.794,10.844,10.724,10.804,753239.000
2025-09-29,10.804,10.884,10.674,10.774,1176012.000
2025-09-30,10.774,10.774,10.694,10.744,832479.000
2025-10-09,10.734,10.814,10.674,10.804,1047469.000
2025-10-10,10.774,10.894,10.764,10.834,1087948.000
2025-10-13,10.724,10.864,10.684,10.804,1168802.000
2025-10-14,10.794,11.004,10.764,10.974,1843428.000
2025-10-15,10.980,11.060,10.900,11.040,1271061.000
2025-10-16,11.020,11.190,11.000,11.180,1261937.000
2025-10-17,11.140,11.220,11.020,11.040,1039666.000
2025-10-20,11.050,11.090,10.910,11.060,952641.000
2025-10-21,11.040,11.110,11.030,11.070,761165.000
2025-10-22,11.040,11.180,11.040,11.160,833703.000
2025-10-23,11.160,11.350,11.140,11.270,1373112.000
2025-10-24,11.240,11.320,11.190,11.200,980475.000
2025-10-27,11.180,11.250,11.080,11.160,1239485.000
2025-10-28,11.170,11.220,11.060,11.110,821568.000
2025-10-29,11.100,11.100,11.000,11.030,966214.000
2025-10-30,11.020,11.110,11.000,11.020,943770.000
2025-10-31,11.020,11.040,10.940,10.960,970193.000
2025-11-03,10.980,11.080,10.940,11.070,952326.000
2025-11-04,11.060,11.280,11.040,11.230,1503007.000
2025-11-05,11.230,11.240,11.140,11.160,794926.000
2025-11-06,11.140,11.220,11.110,11.150,766585.000
2025-11-07,11.160,11.220,11.140,11.190,734851.000
2025-11-10,11.160,11.280,11.090,11.270,827208.000
2025-11-11,11.260,11.330,11.210,11.310,886509.000
2025-11-12,11.340,11.430,11.290,11.320,1141325.000
2025-11-13,11.320,11.360,11.210,11.340,978991.000
2025-11-14,11.310,11.480,11.300,11.390,1316995.000
2025-11-17,11.390,11.390,11.260,11.310,995233.000
2025-11-18,11.290,11.330,11.210,11.230,670077.000
2025-11-19,11.220,11.470,11.210,11.440,1334996.000
2025-11-20,11.430,11.630,11.380,11.490,1637040.000
2025-11-21,11.440,11.520,11.300,11.330,1465359.000
2025-11-24,11.340,11.370,11.240,11.240,1117119.000
2025-11-25,11.250,11.440,11.220,11.440,1028081.000
2025-11-26,11.450,11.490,11.290,11.330,821301.000
2025-11-27,11.300,11.350,11.220,11.350,1011847.000
2025-11-28,11.310,11.320,11.220,11.250,884358.000
2025-12-01,11.240,11.340,11.170,11.330,1037323.000
2025-12-02,11.320,11.370,11.230,11.280,768060.000
2025-12-03,11.280,11.340,11.180,11.190,944601.000
2025-12-04,11.190,11.220,11.100,11.130,886090.000
2025-12-05,11.130,11.180,11.040,11.170,890766.000
2025-12-08,11.130,11.240,11.120,11.160,855899.000
2025-12-09,11.160,11.180,11.070,11.070,733957.000
2025-12-10,11.080,11.100,10.930,10.970,1044065.000
2025-12-11,10.990,11.030,10.940,11.010,925261.000
2025-12-12,11.010,11.070,10.940,10.990,1191895.000
2025-12-15,10.980,11.180,10.970,11.150,940833.000
2025-12-16,11.130,11.190,11.080,11.120,647351.000
2025-12-17,11.110,11.220,11.060,11.170,701495.000
2025-12-18,11.150,11.290,11.120,11.280,790467.000
2025-12-19,11.270,11.290,11.220,11.260,649886.000
2025-12-22,11.250,11.250,11.150,11.160,742369.000
2025-12-23,11.160,11.240,11.140,11.200,666266.000
2025-12-24,11.190,11.220,11.130,11.180,505244.000
2025-12-25,11.180,11.260,11.160,11.200,547455.000
2025-12-26,11.200,11.230,11.170,11.180,436340.000
2025-12-29,11.180,11.260,11.140,11.200,648295.000
2025-12-30,11.170,11.200,11.090,11.120,582584.000
2025-12-31,11.120,11.130,11.040,11.050,590620.000
2026-01-05,11.060,11.150,11.050,11.140,875491.000
2026-01-06,11.140,11.320,11.120,11.310,1304648.000
2026-01-07,11.300,11.460,11.260,11.280,966236.000
2026-01-08,11.280,11.290,11.130,11.150,1100085.000
2026-01-09,11.170,11.170,11.080,11.100,983390.000
2026-01-12,11.090,11.130,11.060,11.120,855213.000
2026-01-13,11.120,11.180,11.080,11.110,1061541.000
2026-01-14,11.110,11.110,10.990,11.000,1274757.000
2026-01-15,10.970,11.010,10.940,10.950,884960.000
2026-01-16,10.980,10.980,10.800,10.830,1119473.000
2026-01-19,10.790,10.850,10.750,10.760,804741.000
2026-01-20,10.760,10.840,10.750,10.800,772276.000
2026-01-21,10.790,10.820,10.700,10.710,900125.000
2026-01-22,10.710,10.790,10.690,10.710,788635.000
2026-01-23,10.710,10.730,10.620,10.630,1109994.000
2026-01-26,10.620,10.700,10.560,10.600,1106247.000
2026-01-27,10.600,10.670,10.570,10.580,894091.000
2026-01-28,10.580,10.630,10.460,10.480,1438766.000
2026-01-29,10.480,10.620,10.300,10.600,1852994.000
2026-01-30,10.580,10.670,10.470,10.470,1091755.000
2026-02-02,10.460,10.670,10.440,10.500,1223173.000
2026-02-03,10.530,10.540,10.410,10.480,806628.000
2026-02-04,10.490,10.620,10.480,10.610,695415.000
2026-02-05,10.620,10.750,10.600,10.730,1177591.000
2026-02-06,10.720,10.780,10.630,10.690,727710.000
2026-02-09,10.690,10.750,10.650,10.710,619717.000
2026-02-10,10.710,10.740,10.660,10.700,600430.000
2026-02-11,10.700,10.730,10.660,10.710,431041.000
2026-02-12,10.710,10.720,10.570,10.600,681340.000
2026-02-13,10.600,10.630,10.540,10.550,555047.000
2026-02-24,10.570,10.590,10.520,10.550,602512.000
2026-02-25,10.550,10.590,10.420,10.500,1063135.000
2026-02-26,10.500,10.550,10.440,10.510,712730.000
2026-02-27,10.500,10.560,10.480,10.540,612228.000
2026-03-02,10.490,10.530,10.410,10.490,838874.000
2026-03-03,10.490,10.590,10.440,10.520,1028695.000
2026-03-04,10.480,10.480,10.310,10.350,1089714.000
2026-03-05,10.360,10.480,10.340,10.450,712641.000
2026-03-06,10.420,10.480,10.410,10.460,476577.000
2026-03-09,10.430,10.460,10.380,10.400,835892.000
2026-03-10,10.410,10.450,10.370,10.450,790112.000
2026-03-11,10.430,10.540,10.410,10.530,720535.000
2026-03-12,10.510,10.600,10.490,10.580,754906.000
2026-03-13,10.570,10.640,10.510,10.570,841939.000
2026-03-16,10.570,10.610,10.520,10.560,715603.000
2026-03-17,10.550,10.710,10.540,10.670,1076657.000
2026-03-18,10.680,10.680,10.550,10.600,791079.000
2026-03-19,10.560,10.610,10.500,10.520,624212.000
2026-03-20,10.510,10.580,10.400,10.410,834083.000
2026-03-23,10.320,10.320,10.070,10.090,1580088.000
2026-03-24,10.160,10.530,10.160,10.520,1622251.000
2026-03-25,10.530,10.590,10.430,10.580,744780.000
2026-03-26,10.550,10.690,10.540,10.580,827664.000
2026-03-27,10.550,10.690,10.470,10.660,884129.000
2026-03-30,10.620,10.690,10.580,10.630,632522.000
2026-03-31,10.640,10.820,10.630,10.720,1164565.000
2026-04-01,10.730,10.870,10.720,10.790,918925.000
2026-04-02,10.790,10.960,10.770,10.910,1148895.000
2026-04-03,10.920,10.920,10.730,10.760,757757.000
2026-04-07,10.760,10.780,10.610,10.670,607955.000
2026-04-08,10.750,10.860,10.690,10.860,812976.000
2026-04-09,10.810,10.860,10.700,10.740,602365.000
2026-04-10,10.740,10.770,10.710,10.730,481047.000
2026-04-13,10.690,10.730,10.670,10.710,406104.000
2026-04-14,10.710,10.810,10.710,10.810,496151.000
2026-04-15,10.800,10.860,10.790,10.850,503938.000
2026-04-16,10.840,10.870,10.710,10.730,680915.000
2026-04-17,10.730,10.750,10.630,10.650,722530.000
2026-04-20,10.650,10.710,10.600,10.700,630034.000
2026-04-21,10.680,10.800,10.670,10.720,806946.000
2026-04-22,10.720,10.730,10.590,10.620,839054.000
2026-04-23,10.620,10.670,10.570,10.640,648067.000
2026-04-24,10.620,10.670,10.560,10.640,582710.000
2026-04-27,10.970,11.210,10.930,11.020,3401276.000
2026-04-28,11.000,11.100,10.960,11.100,1674259.000
2026-04-29,11.070,11.180,11.030,11.160,1378423.000
2026-04-30,11.140,11.240,11.100,11.130,1139242.000
2026-05-06,11.140,11.140,10.940,11.000,1216388.000
2026-05-07,11.010,11.030,10.940,11.010,936958.000
2026-05-08,10.980,11.060,10.940,10.940,798820.000
2026-05-11,10.930,10.950,10.800,10.920,931865.000
2026-05-12,10.920,11.000,10.850,10.890,1029038.000
2026-05-13,10.890,10.920,10.750,10.780,1017974.000
2026-05-14,10.780,10.790,10.690,10.690,794368.000
2026-05-15,10.690,10.750,10.600,10.630,974742.000
2026-05-18,10.600,10.610,10.460,10.500,856382.000
2026-05-19,10.470,10.560,10.470,10.500,793529.000
2026-05-20,10.500,10.520,10.400,10.410,747632.000
2026-05-21,10.420,10.440,10.330,10.340,1110211.000
2026-05-22,10.340,10.370,10.290,10.320,954133.000
2026-05-25,10.320,10.400,10.280,10.320,663103.000
2026-05-26,10.350,10.470,10.300,10.430,837347.000
2026-05-27,10.400,10.490,10.360,10.400,839727.000
2026-05-28,10.400,10.430,10.270,10.300,900711.000
2026-05-29,10.290,10.570,10.260,10.570,1399368.000
2026-06-01,10.540,10.630,10.450,10.630,954596.000
2026-06-02,10.620,10.740,10.580,10.720,885428.000
2026-06-03,10.670,10.700,10.560,10.630,825272.000
2026-06-04,10.550,10.610,10.410,10.460,869271.000
2026-06-05,10.470,10.670,10.470,10.620,1003503.000
2026-06-08,10.610,10.740,10.600,10.670,1090926.000
2026-06-09,10.650,10.830,10.600,10.770,1149672.000
2026-06-10,10.710,10.990,10.710,10.960,1543176.000
2026-06-11,10.960,11.030,10.890,10.940,1156222.000
2026-06-12,11.000,11.250,10.880,11.240,2032355.000
2026-06-15,11.210,11.210,10.980,11.060,1541305.000
2026-06-16,11.050,11.120,10.910,10.940,942708.000
2026-06-17,10.970,10.990,10.750,10.780,965828.000
2026-06-18,10.740,10.770,10.520,10.520,1426893.000
2026-06-22,10.520,10.670,10.420,10.650,1265317.000
2026-06-23,10.650,10.910,10.630,10.710,1190604.000
2026-06-24,10.680,10.780,10.510,10.510,1125841.000
2026-06-25,10.470,10.590,10.410,10.420,1083999.000
2026-06-26,10.420,10.470,10.190,10.230,1236482.000
2026-06-29,10.220,10.320,10.020,10.240,1124140.000
2026-06-30,10.220,10.220,10.040,10.050,1111353.000
2026-07-01,10.050,10.180,9.990,10.160,906890.000
2026-07-02,10.200,10.360,10.170,10.280,1004749.000
2026-07-03,10.290,10.400,10.180,10.290,863327.000
2026-07-06,10.250,10.520,10.220,10.500,1061049.000
2026-07-07,10.460,10.510,10.350,10.470,805221.000
2026-07-08,10.440,10.630,10.340,10.600,950760.000
2026-07-09,10.550,10.590,10.430,10.490,747191.000
2026-07-10,10.500,10.510,10.400,10.450,957320.000
2026-07-13,10.420,10.550,10.380,10.540,924746.000
2026-07-14,10.530,10.700,10.480,10.690,1193715.000
2026-07-15,10.650,10.870,10.630,10.840,981422.000
2026-07-16,10.850,10.930,10.720,10.770,800766.000
2026-07-17,10.750,10.880,10.720,10.780,1075499.000
2026-07-20,10.750,11.000,10.740,10.980,1567304.000
2026-07-21,10.990,11.130,10.830,10.840,1755113.000
2026-07-22,10.810,10.980,10.770,10.980,1029484.000
2026-07-23,10.920,11.120,10.900,11.080,1095743.000
2026-07-24,11.090,11.180,11.090,11.100,1140933.000
2026-07-27,11.110,11.160,11.040,11.110,957156.000
2026-07-28,11.100,11.210,11.090,11.200,1061011.000
2026-07-29,11.190,11.360,11.180,11.280,1511054.000
2026-07-30,11.280,11.620,11.180,11.610,2777708.000
2026-07-31,11.500,11.630,11.280,11.630,2024979.000
2026-08-03,11.540,11.660,11.520,11.620,1060851.000
2026-08-04,11.580,11.620,11.420,11.440,1221130.000
2026-08-05,11.410,11.500,11.180,11.250,1511510.000
2026-08-06,11.220,11.280,11.120,11.270,1046343.000
2026-08-07,11.230,11.260,11.100,11.190,882977.000
2026-08-10,11.180,11.380,11.160,11.290,889060.000
2026-08-11,11.310,11.400,11.240,11.260,663361.000
2026-08-12,11.260,11.290,11.200,11.250,632950.000
2026-08-13,11.230,11.270,11.180,11.250,755981.000
2026-08-14,11.220,11.230,11.110,11.110,832344.000
2026-08-17,11.200,11.220,11.070,11.100,929043.000
2026-08-18,11.100,11.140,11.030,11.050,808930.000
2026-08-19,11.080,11.270,11.070,11.270,1426496.000
2026-08-20,11.200,11.400,11.190,11.400,1183578.000
2026-08-21,11.360,11.460,11.320,11.410,869128.000
2026-08-24,11.380,11.580,11.350,11.560,1199025.000
2026-08-25,11.570,11.640,11.530,11.590,994881.000
2026-08-26,11.550,11.750,11.520,11.730,1167289.000
2026-08-27,11.700,11.720,11.510,11.590,975702.000
2026-08-28,11.540,11.680,11.480,11.650,838126.000
2026-08-31,11.640,11.770,11.620,11.720,908857.000
2026-09-01,11.680,11.960,11.650,11.920,1523165.000
2026-09-02,11.920,11.990,11.850,11.910,892248.000
2026-09-03,11.880,12.080,11.830,11.880,1105134.000
2026-09-04,11.860,12.000,11.850,11.890,814373.000
2026-09-07,11.870,11.880,11.650,11.700,1087276.000
2026-09-08,11.660,11.810,11.650,11.780,740516.000
2026-09-09,11.760,11.790,11.690,11.700,582306.000
2026-09-10,11.680,11.860,11.660,11.850,867632.000
2026-09-11,11.820,11.860,11.710,11.740,832461.000
2026-09-14,11.730,11.900,11.720,11.850,741248.000
2026-09-15,11.820,11.880,11.770,11.820,755251.000
2026-09-16,11.800,11.840,11.570,11.700,949626.000
2026-09-17,11.680,11.740,11.570,11.610,691925.000
