Date,Open,High,Low,Close,Volume
2011-06-01,-162.339,-157.922,-163.151,-157.989,39093.000
2011-06-02,-159.034,-158.162,-162.715,-160.469,39585.000
2011-06-03,-160.897,-155.878,-160.897,-156.697,29483.000
2011-06-07,-156.419,-156.412,-160.702,-159.507,26876.000
2011-06-08,-159.747,-158.132,-162.730,-158.853,25070.000
2011-06-09,-159.372,-159.184,-164.098,-164.052,36179.000
2011-06-10,-164.293,-162.046,-165.570,-163.496,34279.000
2011-06-13,-163.542,-162.490,-166.321,-164.300,28004.000
2011-06-14,-164.315,-161.678,-165.044,-162.069,37487.000
2011-06-15,-162.400,-162.061,-163.774,-163.008,16408.000
2011-06-16,-163.767,-161.445,-165.255,-163.151,17731.000
2011-06-17,-162.790,-157.914,-163.429,-158.936,33411.000
2011-06-20,-159.334,-159.199,-164.669,-162.820,29909.000
2011-06-21,-163.895,-161.783,-163.895,-162.940,12738.000
2011-06-22,-163.016,-159.800,-163.016,-160.965,16188.000
2011-06-23,-161.438,-158.508,-161.663,-159.417,20280.000
2011-06-24,-159.522,-157.794,-161.400,-160.581,37068.000
2011-06-27,-160.010,-158.688,-161.077,-159.206,23190.000
2011-06-28,-158.658,-156.502,-159.995,-157.569,25540.000
2011-06-29,-157.246,-155.743,-159.484,-157.200,19596.000
2011-06-30,-157.892,-155.427,-157.892,-155.931,32701.000
2011-07-01,-154.864,-154.864,-157.013,-155.583,15810.000
2011-07-04,-155.930,-154.178,-156.269,-154.434,46338.000
2011-07-05,-154.451,-154.434,-157.095,-155.748,27057.000
2011-07-06,-156.120,-155.277,-156.839,-156.046,19753.000
2011-07-07,-156.104,-151.905,-156.104,-153.533,40956.000
2011-07-08,-153.335,-152.401,-154.492,-153.558,17183.000
2011-07-11,-153.575,-150.261,-154.079,-151.285,25615.000
2011-07-12,-151.707,-151.285,-153.922,-153.839,28488.000
2011-07-13,-153.550,-152.393,-154.153,-153.137,22109.000
2011-07-14,-153.137,-152.963,-154.616,-154.244,24822.000
2011-07-15,-154.790,-152.145,-154.790,-152.674,17763.000
2011-07-18,-152.633,-148.302,-152.633,-149.525,28523.000
2011-07-19,-149.575,-148.641,-150.980,-149.624,20276.000
2011-07-20,-148.674,-148.269,-149.905,-148.757,18967.000
2011-07-21,-148.525,-144.120,-148.666,-145.831,47676.000
2011-07-22,-146.054,-141.327,-146.054,-143.476,49860.000
2011-07-25,-142.880,-142.318,-146.591,-145.649,35260.000
2011-07-26,-145.773,-145.368,-147.013,-145.723,24791.000
2011-07-27,-145.451,-142.467,-146.467,-145.095,30676.000
2011-07-28,-145.451,-142.137,-147.013,-142.261,22923.000
2011-07-29,-142.467,-142.467,-144.285,-143.137,19104.000
2011-08-01,-142.608,-142.608,-146.352,-145.872,18572.000
2011-08-02,-146.847,-146.393,-149.864,-147.748,27849.000
2011-08-03,-149.318,-146.352,-149.492,-147.186,17061.000
2011-08-04,-146.599,-143.963,-147.178,-144.550,17773.000
2011-08-05,-148.599,-144.037,-148.599,-146.079,21319.000
2011-08-08,-147.831,-144.451,-150.318,-148.947,36884.000
2011-08-09,-151.608,-146.186,-154.451,-147.757,36924.000
2011-08-10,-146.682,-143.302,-148.872,-143.955,38436.000
2011-08-11,-145.360,-135.773,-145.360,-136.517,61949.000
2011-08-12,-136.269,-134.120,-137.922,-134.806,39466.000
2011-08-15,-134.451,-133.137,-138.814,-137.674,29450.000
2011-08-16,-137.385,-136.037,-141.831,-140.657,37491.000
2011-08-17,-140.401,-139.170,-141.459,-140.525,13553.000
2011-08-18,-140.971,-140.525,-143.409,-141.889,29341.000
2011-08-19,-142.963,-140.277,-143.252,-140.484,37488.000
2011-08-22,-140.318,-139.657,-145.690,-145.104,28164.000
2011-08-23,-145.368,-143.542,-145.856,-144.591,23579.000
2011-08-24,-144.533,-142.062,-145.285,-143.872,17957.000
2011-08-25,-142.467,-141.641,-144.525,-142.533,30083.000
2011-08-26,-142.566,-137.930,-143.004,-138.021,22748.000
2011-08-29,-138.748,-135.459,-140.814,-136.046,26082.000
2011-08-30,-135.856,-134.261,-137.914,-136.418,28816.000
2011-08-31,-133.128,-132.550,-136.682,-136.459,50014.000
2011-09-01,-136.517,-135.872,-139.988,-139.178,25689.000
2011-09-02,-139.690,-138.583,-140.484,-138.864,13832.000
2011-09-05,-139.418,-139.261,-143.294,-142.657,27344.000
2011-09-06,-143.707,-141.806,-146.781,-146.178,32094.000
2011-09-07,-145.690,-142.153,-145.773,-142.393,20087.000
2011-09-08,-142.054,-141.236,-144.021,-143.814,13182.000
2011-09-09,-143.244,-140.666,-145.368,-142.814,14227.000
2011-09-13,-144.872,-143.707,-147.773,-147.318,18949.000
2011-09-14,-146.186,-145.955,-153.484,-150.360,47625.000
2011-09-15,-150.318,-148.500,-150.509,-149.914,19122.000
2011-09-16,-149.087,-146.079,-150.318,-146.252,18029.000
2011-09-19,-145.608,-144.947,-147.079,-146.418,15352.000
2011-09-20,-146.434,-146.434,-149.079,-147.971,12784.000
2011-09-21,-147.988,-144.509,-148.252,-145.062,24640.000
2011-09-22,-146.186,-145.459,-150.897,-150.599,24336.000
2011-09-23,-153.542,-151.971,-157.021,-153.583,76537.000
2011-09-26,-155.393,-153.418,-158.583,-158.484,42211.000
2011-09-27,-156.955,-155.575,-158.856,-157.376,24749.000
2011-09-28,-156.269,-156.269,-160.046,-159.310,32389.000
2011-09-29,-161.145,-156.104,-161.145,-159.335,30030.000
2011-09-30,-159.277,-156.021,-159.277,-156.442,18269.000
2011-10-10,-156.203,-155.442,-158.889,-158.583,14283.000
2011-10-11,-155.285,-155.285,-162.715,-159.434,20586.000
2011-10-12,-159.823,-154.781,-161.533,-155.244,29778.000
2011-10-13,-155.244,-152.930,-156.930,-155.219,23961.000
2011-10-14,-156.062,-154.633,-157.095,-155.740,12468.000
2011-10-17,-155.137,-150.723,-155.608,-151.029,26008.000
2011-10-18,-152.517,-149.186,-152.790,-151.624,22785.000
2011-10-19,-150.798,-147.426,-151.145,-150.219,22657.000
2011-10-20,-151.145,-149.856,-156.434,-156.021,29312.000
2011-10-21,-156.385,-152.798,-156.385,-153.302,17116.000
2011-10-24,-152.137,-147.748,-153.294,-148.211,32390.000
2011-10-25,-149.327,-145.914,-149.327,-148.153,32041.000
2011-10-26,-148.765,-146.947,-149.732,-147.128,29492.000
2011-10-27,-146.971,-145.062,-147.393,-147.013,20104.000
2011-10-28,-145.765,-143.046,-145.765,-144.525,26056.000
2011-10-31,-144.285,-143.558,-146.451,-145.186,28121.000
2011-11-01,-146.037,-142.467,-146.591,-142.723,27147.000
2011-11-02,-144.575,-140.690,-144.864,-140.757,26647.000
2011-11-03,-139.517,-139.161,-142.740,-142.649,30465.000
2011-11-04,-142.153,-140.401,-143.434,-142.252,18546.000
2011-11-07,-141.889,-141.476,-143.244,-143.046,16573.000
2011-11-08,-142.335,-142.112,-145.376,-144.740,25546.000
2011-11-09,-144.616,-143.161,-146.599,-145.261,24696.000
2011-11-10,-145.947,-144.037,-146.079,-144.525,14617.000
2011-11-11,-144.525,-144.409,-146.161,-145.385,11692.000
2011-11-14,-144.128,-141.930,-145.195,-142.666,17986.000
2011-11-15,-142.385,-142.095,-146.186,-145.418,17782.000
2011-11-16,-145.401,-145.401,-148.748,-148.029,29545.000
2011-11-17,-147.963,-145.690,-148.409,-147.145,15589.000
2011-11-18,-147.112,-146.285,-148.914,-148.195,19907.000
2011-11-21,-148.087,-145.856,-148.575,-147.947,18389.000
2011-11-22,-147.930,-142.971,-148.170,-143.649,35652.000
2011-11-23,-144.021,-140.980,-144.021,-141.137,31537.000
2011-11-24,-141.558,-141.079,-142.467,-142.310,26558.000
2011-11-25,-142.261,-137.641,-142.880,-140.418,40235.000
2011-11-28,-140.145,-136.459,-140.971,-137.203,53379.000
2011-11-29,-137.261,-135.368,-138.914,-138.285,41355.000
2011-11-30,-138.021,-136.451,-141.393,-140.352,40263.000
2011-12-01,-137.757,-136.112,-140.178,-138.054,33785.000
2011-12-02,-138.748,-135.277,-138.748,-137.071,27267.180
2011-12-05,-136.723,-136.723,-143.376,-143.112,39025.600
2011-12-06,-143.285,-143.252,-147.261,-145.633,37152.000
2011-12-07,-145.608,-143.294,-145.608,-143.955,27333.000
2011-12-08,-143.790,-141.558,-146.285,-146.186,24661.000
2011-12-09,-146.310,-145.484,-148.914,-148.814,36745.000
2011-12-12,-148.814,-147.922,-151.236,-150.699,29526.000
2011-12-13,-151.211,-150.335,-151.988,-151.765,29995.830
2011-12-14,-151.765,-148.666,-151.765,-150.451,20813.220
2011-12-15,-151.252,-149.591,-152.756,-151.161,21880.030
2011-12-16,-150.318,-147.029,-150.327,-147.195,30649.000
2011-12-19,-147.864,-147.517,-149.244,-147.839,25456.000
2011-12-20,-147.839,-146.352,-149.905,-148.467,17106.000
2011-12-21,-147.690,-147.442,-151.161,-150.955,21962.000
2011-12-22,-150.732,-147.905,-152.137,-148.938,17443.000
2011-12-23,-148.748,-147.509,-149.492,-148.037,17609.000
2011-12-26,-148.161,-148.153,-155.029,-154.352,46995.000
2011-12-27,-154.451,-154.451,-158.318,-157.732,31314.000
2011-12-28,-158.335,-156.517,-159.831,-156.740,27738.000
2011-12-29,-157.674,-154.542,-157.674,-155.104,20062.000
2011-12-30,-154.699,-152.897,-156.930,-154.203,29460.000
2012-01-04,-155.690,-154.641,-161.062,-160.839,33878.000
2012-01-05,-161.889,-160.897,-163.244,-162.591,30122.000
2012-01-06,-162.633,-158.542,-163.831,-159.707,25190.000
2012-01-09,-160.236,-158.509,-163.732,-158.575,26160.000
2012-01-10,-159.409,-153.079,-160.145,-153.228,39235.000
2012-01-11,-154.492,-153.715,-157.509,-157.195,39891.000
2012-01-12,-158.104,-155.641,-158.104,-156.641,27440.000
2012-01-13,-156.352,-155.938,-158.980,-158.013,20542.000
2012-01-16,-159.095,-159.095,-168.781,-167.335,51655.000
2012-01-17,-166.930,-163.558,-172.715,-164.831,61227.000
2012-01-18,-164.021,-160.914,-167.955,-167.360,47294.000
2012-01-19,-166.938,-163.872,-168.905,-164.616,24329.000
2012-01-20,-163.542,-160.071,-163.542,-160.261,29683.000
2012-01-30,-160.244,-159.418,-162.666,-162.054,30550.000
2012-01-31,-161.542,-159.740,-161.599,-159.897,15854.000
2012-02-01,-160.071,-158.153,-161.161,-160.112,24824.000
2012-02-02,-160.112,-159.409,-161.657,-159.880,20375.000
2012-02-03,-159.856,-159.740,-162.310,-159.839,26517.000
2012-02-06,-159.732,-157.955,-160.401,-158.137,29747.000
2012-02-07,-159.161,-158.211,-160.732,-160.352,17942.000
2012-02-08,-160.352,-157.756,-160.996,-158.343,23082.000
2012-02-09,-158.583,-155.980,-158.864,-156.310,31384.000
2012-02-10,-157.318,-154.947,-157.674,-156.509,22276.000
2012-02-13,-157.343,-152.657,-158.037,-154.104,21639.000
2012-02-14,-154.707,-153.079,-155.442,-153.773,15142.000
2012-02-15,-154.674,-152.054,-154.674,-152.963,24714.000
2012-02-16,-154.021,-152.963,-156.434,-155.509,22016.000
2012-02-17,-153.723,-153.723,-156.624,-155.740,12287.000
2012-02-20,-154.484,-153.897,-156.269,-156.219,18530.000
2012-02-21,-155.451,-154.798,-156.599,-155.318,13789.000
2012-02-22,-154.649,-154.037,-156.120,-154.649,22352.000
2012-02-23,-154.847,-152.765,-154.847,-153.368,33433.000
2012-02-24,-153.476,-150.145,-153.500,-150.252,23944.000
2012-02-27,-149.674,-148.649,-150.732,-149.905,26562.000
2012-02-28,-149.137,-147.880,-149.856,-148.054,25698.000
2012-02-29,-147.839,-144.533,-148.252,-144.980,39432.000
2012-03-01,-145.757,-144.145,-146.690,-146.533,16920.000
2012-03-02,-146.492,-145.608,-149.071,-147.922,35216.000
2012-03-05,-147.963,-147.938,-149.823,-148.798,30553.000
2012-03-06,-149.492,-148.798,-151.971,-151.930,31474.000
2012-03-07,-153.029,-152.310,-154.467,-154.343,29198.000
2012-03-08,-154.277,-151.880,-154.467,-153.261,23574.000
2012-03-09,-153.054,-148.566,-153.459,-148.723,29239.000
2012-03-12,-148.566,-147.335,-149.467,-148.219,25681.000
2012-03-13,-148.583,-145.938,-148.583,-147.294,18316.000
2012-03-14,-147.352,-145.318,-150.318,-149.765,40699.000
2012-03-15,-149.459,-146.682,-149.823,-149.550,28094.000
2012-03-16,-148.013,-142.054,-148.418,-142.393,51583.000
2012-03-19,-142.219,-139.104,-144.062,-142.352,45635.000
2012-03-20,-142.426,-141.145,-143.616,-142.261,23400.000
2012-03-21,-142.219,-141.228,-145.476,-144.451,29527.000
2012-03-22,-145.095,-142.963,-145.120,-144.244,8331.000
2012-03-23,-142.467,-138.294,-142.467,-138.732,54873.000
2012-03-26,-139.476,-135.525,-139.492,-136.104,37653.000
2012-03-27,-140.219,-139.583,-147.839,-147.426,79106.000
2012-03-28,-149.492,-144.533,-150.062,-147.509,55461.000
2012-03-29,-148.004,-144.120,-148.666,-147.715,36982.000
2012-03-30,-147.707,-146.195,-152.798,-151.178,37959.000
2012-04-05,-151.889,-143.376,-151.889,-143.707,40960.000
2012-04-06,-144.021,-141.988,-144.095,-142.079,26729.000
2012-04-09,-142.426,-140.467,-144.037,-141.013,14474.000
2012-04-10,-140.996,-140.583,-144.442,-141.963,16640.000
2012-04-11,-144.533,-139.161,-145.765,-141.352,31460.000
2012-04-12,-141.352,-138.318,-143.145,-138.401,28422.000
2012-04-13,-138.335,-137.054,-139.244,-137.897,20527.000
2012-04-16,-138.335,-135.938,-139.087,-138.062,20893.000
2012-04-17,-138.054,-137.914,-140.401,-140.252,17872.000
2012-04-18,-140.062,-136.434,-140.401,-137.211,22815.000
2012-04-19,-137.277,-136.790,-142.211,-140.831,21823.000
2012-04-20,-141.806,-137.633,-141.806,-138.335,17046.000
2012-04-23,-138.980,-136.872,-140.517,-138.880,13281.000
2012-04-24,-138.591,-137.914,-140.451,-139.145,21782.000
2012-04-25,-138.376,-137.707,-140.401,-137.988,15529.000
2012-04-26,-136.889,-134.616,-137.509,-134.872,35019.000
2012-04-27,-134.872,-127.608,-134.872,-128.368,42728.000
2012-05-02,-127.178,-126.707,-130.484,-127.195,35339.000
2012-05-03,-127.195,-126.104,-129.153,-126.608,25654.000
2012-05-04,-126.765,-119.839,-126.765,-120.566,31879.000
2012-05-07,-119.905,-117.459,-121.161,-120.145,34244.000
2012-05-08,-120.195,-119.864,-124.385,-120.476,36664.000
2012-05-09,-122.947,-121.682,-126.186,-123.186,32909.000
2012-05-10,-123.046,-123.046,-126.393,-125.773,30574.000
2012-05-11,-125.525,-125.112,-127.261,-125.781,23260.000
2012-05-14,-125.525,-125.525,-131.633,-130.335,38797.000
2012-05-15,-131.228,-129.112,-132.054,-129.566,16168.000
2012-05-16,-129.699,-129.327,-133.790,-132.120,28139.000
2012-05-17,-132.037,-130.980,-133.285,-132.211,34172.000
2012-05-18,-133.236,-132.161,-135.525,-133.856,26277.000
2012-05-21,-134.137,-128.401,-134.137,-129.500,28843.000
2012-05-22,-127.996,-122.633,-127.996,-124.467,41458.000
2012-05-23,-124.492,-122.137,-125.525,-123.484,24722.000
2012-05-24,-124.038,-121.583,-133.889,-131.938,53743.000
2012-05-25,-131.938,-131.418,-135.442,-133.310,30569.000
2012-05-28,-133.781,-127.261,-133.947,-127.599,27833.000
2012-05-30,-125.930,-123.889,-126.352,-124.980,25700.000
2012-05-31,-125.360,-117.426,-125.525,-118.352,37367.000
2012-06-01,-117.261,-113.128,-118.327,-115.302,38504.000
2012-06-04,-117.261,-113.137,-118.525,-118.476,24327.000
2012-06-05,-117.690,-114.120,-117.914,-114.947,24561.000
2012-06-06,-114.781,-113.955,-118.575,-118.434,18728.000
2012-06-07,-116.938,-115.062,-118.252,-117.277,19677.000
2012-06-08,-116.434,-115.459,-118.914,-116.451,17286.000
2012-06-11,-116.517,-115.418,-121.062,-119.285,33061.000
2012-06-12,-120.393,-118.509,-122.112,-120.690,16372.000
2012-06-13,-120.153,-116.285,-121.310,-116.442,20463.000
2012-06-14,-117.261,-110.823,-117.905,-111.814,28704.000
2012-06-15,-111.459,-110.310,-115.798,-112.814,19859.000
2012-06-18,-112.790,-108.740,-112.790,-110.269,19538.000
2012-06-19,-111.385,-108.856,-113.988,-112.550,17299.000
2012-06-20,-112.442,-111.980,-113.955,-112.666,11393.000
2012-06-21,-112.666,-112.633,-116.599,-115.790,17034.000
2012-06-25,-117.178,-113.988,-117.674,-117.591,18434.000
2012-06-26,-117.922,-116.533,-121.707,-117.385,26122.000
2012-06-27,-117.261,-113.699,-117.261,-114.038,23257.000
2012-06-28,-114.054,-113.955,-118.922,-118.798,22213.000
2012-06-29,-119.434,-114.781,-119.434,-116.310,23224.000
2012-07-02,-115.608,-111.525,-118.897,-114.079,25731.000
2012-07-03,-114.533,-103.211,-114.773,-103.261,50158.000
2012-07-04,-101.558,-99.161,-105.690,-100.186,45035.000
2012-07-05,-102.718,-100.742,-104.734,-102.668,22749.000
2012-07-06,-102.428,-94.139,-103.875,-95.784,39158.000
2012-07-09,-95.875,-93.296,-100.214,-100.131,28527.000
2012-07-10,-100.321,-98.098,-104.147,-103.709,26987.000
2012-07-11,-103.280,-97.156,-105.379,-97.420,32009.000
2012-07-12,-97.338,-91.635,-99.908,-99.032,37273.000
2012-07-13,-99.354,-92.470,-99.660,-93.544,29548.000
2012-07-16,-94.040,-90.751,-94.205,-93.916,29533.000
2012-07-17,-95.776,-94.957,-101.304,-100.933,36030.000
2012-07-18,-101.065,-99.164,-112.387,-108.205,74046.000
2012-07-19,-109.007,-105.238,-109.784,-107.172,26580.000
2012-07-20,-107.767,-103.428,-109.916,-109.759,26054.000
2012-07-23,-112.404,-109.445,-113.131,-110.172,19811.000
2012-07-24,-111.800,-100.585,-111.800,-104.552,34372.000
2012-07-25,-104.040,-99.247,-104.445,-99.453,26170.000
2012-07-26,-99.990,-96.189,-104.288,-103.676,23418.000
2012-07-27,-103.313,-102.387,-106.685,-104.495,18421.000
2012-07-30,-104.660,-101.891,-106.065,-104.172,17495.000
2012-07-31,-104.453,-100.734,-107.304,-106.982,19465.000
2012-08-01,-107.197,-105.172,-110.742,-109.784,26715.000
2012-08-02,-109.734,-107.767,-111.354,-110.519,17054.000
2012-08-03,-110.238,-106.519,-110.511,-106.552,16472.000
2012-08-06,-106.817,-104.371,-108.007,-105.007,17320.000
2012-08-07,-105.015,-101.751,-105.594,-102.470,18119.000
2012-08-08,-102.007,-100.734,-104.866,-101.726,14893.000
2012-08-09,-102.552,-94.412,-103.048,-95.015,30672.000
2012-08-10,-103.214,-100.156,-108.982,-105.519,91225.000
2012-08-13,-105.296,-104.304,-106.685,-105.693,23037.000
2012-08-14,-105.693,-104.048,-108.172,-106.106,18786.000
2012-08-15,-106.536,-106.189,-109.412,-108.891,22723.000
2012-08-16,-108.784,-107.759,-113.073,-112.899,31482.000
2012-08-17,-113.610,-113.610,-121.809,-120.883,59071.000
2012-08-20,-120.891,-118.354,-123.891,-118.379,24052.000
2012-08-21,-118.362,-112.387,-118.362,-115.784,26323.000
2012-08-22,-114.850,-114.850,-120.569,-118.767,20423.000
2012-08-23,-118.999,-118.999,-123.817,-121.999,27956.000
2012-08-24,-122.875,-118.164,-123.007,-119.015,21676.000
2012-08-27,-120.156,-120.048,-122.924,-121.809,20899.000
2012-08-28,-121.395,-120.090,-124.693,-124.263,20294.000
2012-08-29,-124.701,-124.701,-129.850,-129.528,30425.000
2012-08-30,-131.321,-129.503,-134.205,-130.585,48348.000
2012-08-31,-130.486,-127.180,-131.147,-129.032,22484.000
2012-09-04,-114.784,-113.957,-119.742,-117.734,111508.000
2012-09-05,-118.503,-116.461,-118.916,-117.214,27490.000
2012-09-06,-117.057,-116.850,-121.313,-119.123,20794.000
2012-09-07,-117.924,-109.825,-117.924,-110.982,42812.000
2012-09-10,-110.891,-107.346,-112.899,-110.916,28169.000
2012-09-11,-112.057,-112.057,-113.974,-112.528,16135.000
2012-09-12,-111.065,-106.933,-113.214,-112.090,29023.000
2012-09-13,-111.933,-111.032,-113.709,-112.321,14294.000
2012-09-14,-111.478,-108.048,-113.040,-108.371,24586.000
2012-09-17,-108.172,-106.784,-111.313,-111.230,20014.000
2012-09-18,-111.652,-109.742,-112.718,-112.032,18277.000
2012-09-19,-112.685,-111.478,-120.445,-119.280,40991.000
2012-09-20,-119.825,-118.263,-121.486,-121.362,21517.000
2012-09-21,-121.966,-118.090,-122.123,-120.081,15679.000
2012-09-24,-121.395,-118.106,-122.156,-118.618,17634.000
2012-09-25,-118.528,-113.478,-119.329,-113.536,26230.000
2012-09-26,-113.957,-111.842,-117.511,-115.718,20362.000
2012-09-27,-116.437,-110.999,-116.825,-111.734,27140.000
2012-09-28,-113.114,-107.387,-113.131,-107.511,31283.000
2012-10-08,-107.924,-107.924,-114.387,-112.354,23608.000
2012-10-09,-111.495,-108.131,-112.271,-108.875,23410.000
2012-10-10,-109.825,-108.313,-111.685,-109.147,13456.000
2012-10-11,-110.362,-109.205,-111.371,-110.709,10625.000
2012-10-12,-110.139,-108.346,-110.875,-109.404,11742.000
2012-10-15,-108.362,-106.321,-108.362,-107.585,18883.000
2012-10-16,-108.081,-103.147,-108.081,-104.197,27737.000
2012-10-17,-104.197,-103.627,-105.776,-105.048,15980.000
2012-10-18,-104.660,-100.321,-104.866,-103.032,22278.000
2012-10-19,-103.007,-99.941,-103.007,-101.561,18629.000
2012-10-22,-101.825,-101.123,-105.858,-103.594,19117.000
2012-10-23,-103.379,-103.379,-108.503,-108.420,18702.000
2012-10-24,-108.503,-106.420,-108.916,-107.114,10972.000
2012-10-25,-106.519,-105.693,-108.751,-107.288,9159.000
2012-10-26,-105.098,-104.883,-112.247,-111.404,24559.000
2012-10-29,-110.990,-109.329,-113.090,-110.800,14490.000
2012-10-30,-110.817,-107.767,-111.304,-108.519,15610.000
2012-10-31,-108.569,-105.742,-109.288,-106.238,15845.000
2012-11-01,-105.519,-103.338,-107.057,-104.536,18191.000
2012-11-02,-104.701,-103.627,-107.114,-105.395,16974.000
2012-11-05,-106.528,-106.528,-111.313,-109.891,22665.000
2012-11-06,-110.313,-110.313,-116.023,-115.668,41713.000
2012-11-07,-116.437,-113.933,-116.437,-114.395,16217.000
2012-11-08,-115.618,-114.825,-117.387,-117.180,16261.000
2012-11-09,-117.189,-115.776,-117.544,-116.594,11670.000
2012-11-12,-116.437,-115.792,-121.486,-119.362,20464.000
2012-11-13,-119.742,-119.742,-124.123,-122.172,20447.000
2012-11-14,-121.908,-119.742,-123.461,-120.032,12238.000
2012-11-15,-121.395,-121.395,-123.602,-122.842,11400.000
2012-11-16,-123.214,-123.090,-126.767,-125.197,19677.000
2012-11-19,-125.197,-125.197,-138.007,-133.751,70484.000
2012-11-20,-134.742,-130.205,-135.032,-132.172,38078.000
2012-11-21,-132.263,-128.999,-135.618,-129.949,33334.000
2012-11-22,-139.164,-130.933,-139.742,-131.073,51520.000
2012-11-23,-132.949,-126.354,-132.957,-126.990,29844.000
2012-11-26,-127.668,-127.346,-132.552,-131.271,21954.000
2012-11-27,-131.271,-127.933,-131.990,-129.032,20458.000
2012-11-28,-129.453,-129.453,-131.313,-130.164,15017.000
2012-11-29,-130.156,-128.734,-130.371,-129.428,15675.000
2012-11-30,-129.495,-129.495,-134.445,-132.131,21371.000
2012-12-03,-134.618,-134.618,-146.147,-145.205,79372.000
2012-12-04,-149.486,-145.379,-152.966,-147.883,78705.000
2012-12-05,-150.073,-144.933,-154.759,-148.139,111703.000
2012-12-06,-148.503,-147.842,-158.585,-150.147,117561.000
2012-12-07,-147.850,-143.139,-148.189,-146.362,99501.000
2012-12-11,-146.602,-138.751,-146.602,-143.453,92232.000
2012-12-12,-141.230,-135.453,-143.296,-135.561,64325.000
2012-12-13,-137.189,-132.982,-141.147,-140.652,61996.000
2012-12-14,-142.883,-137.511,-146.602,-138.817,78926.000
2012-12-17,-140.404,-134.073,-143.709,-136.197,71361.000
2012-12-18,-136.098,-131.495,-136.131,-133.354,46945.000
2012-12-19,-134.511,-128.007,-134.610,-129.288,47569.000
2012-12-20,-130.073,-128.503,-132.478,-130.156,34434.000
2012-12-21,-130.742,-129.660,-132.280,-131.643,25092.000
2012-12-24,-135.437,-135.437,-145.362,-141.577,100050.000
2012-12-25,-142.966,-139.685,-144.354,-141.461,59533.000
2012-12-26,-142.238,-139.742,-143.123,-141.023,44866.000
2012-12-27,-140.982,-137.511,-142.271,-139.098,60926.000
2012-12-28,-139.081,-132.486,-139.081,-135.197,56589.000
2012-12-31,-134.362,-133.131,-140.114,-137.908,51914.000
2013-01-04,-135.445,-135.445,-141.230,-139.627,58370.000
2013-01-07,-140.503,-140.503,-143.296,-141.817,41271.000
2013-01-08,-142.734,-136.395,-142.734,-136.404,65286.000
2013-01-09,-135.858,-130.776,-135.858,-131.767,53749.000
2013-01-10,-132.486,-131.313,-134.618,-133.379,30527.000
2013-01-11,-134.023,-132.842,-137.197,-136.057,37009.000
2013-01-14,-138.337,-136.850,-143.040,-137.577,68183.000
2013-01-15,-138.098,-135.362,-139.726,-136.395,52635.000
2013-01-16,-141.230,-139.742,-142.321,-140.404,69501.000
2013-01-17,-141.238,-139.015,-141.627,-141.123,36201.000
2013-01-18,-140.280,-140.007,-145.271,-142.255,55318.000
2013-01-21,-143.048,-143.048,-148.420,-147.585,74779.000
2013-01-22,-148.825,-145.585,-154.453,-146.329,73815.000
2013-01-23,-148.668,-145.767,-150.486,-146.205,51013.000
2013-01-24,-147.098,-145.280,-149.660,-148.701,59474.000
2013-01-25,-154.453,-152.139,-156.850,-154.412,80007.000
2013-01-28,-156.933,-155.445,-163.544,-163.131,158290.000
2013-01-29,-165.197,-161.899,-168.503,-163.412,115447.000
2013-01-30,-164.329,-159.833,-164.635,-161.792,71376.000
2013-01-31,-160.899,-160.404,-163.734,-162.800,37816.000
2013-02-01,-162.817,-160.428,-163.519,-162.734,45265.000
2013-02-04,-161.891,-161.106,-166.850,-165.916,64964.000
2013-02-05,-166.065,-158.172,-167.015,-158.230,87825.000
2013-02-06,-157.776,-157.701,-160.238,-158.643,46195.000
2013-02-07,-159.412,-156.478,-160.800,-157.618,48567.000
2013-02-08,-157.635,-154.949,-158.337,-155.395,41572.000
2013-02-18,-155.032,-155.032,-162.718,-162.147,56569.000
2013-02-19,-162.734,-161.404,-164.536,-163.610,37737.000
2013-02-20,-164.371,-161.908,-166.007,-163.627,36582.000
2013-02-21,-165.833,-157.594,-165.982,-161.875,53832.000
2013-02-22,-161.065,-156.437,-161.065,-157.271,62864.000
2013-02-25,-158.585,-157.470,-161.676,-160.990,34549.000
2013-02-26,-161.313,-158.585,-164.098,-164.065,43754.000
2013-02-27,-164.693,-162.966,-165.561,-164.561,34158.000
2013-02-28,-163.709,-163.709,-168.503,-166.023,56786.000
2013-03-01,-166.602,-165.230,-167.685,-166.999,38003.000
2013-03-04,-167.081,-164.685,-167.081,-166.255,52072.000
2013-03-05,-165.676,-164.817,-166.966,-166.023,36974.000
2013-03-06,-165.197,-164.123,-167.139,-164.189,49227.000
2013-03-07,-162.404,-154.784,-162.453,-158.701,85190.000
2013-03-08,-156.924,-155.693,-158.858,-158.478,35959.000
2013-03-11,-158.751,-157.346,-160.395,-157.594,34965.000
2013-03-12,-156.933,-156.850,-161.891,-160.090,25393.000
2013-03-13,-159.908,-156.916,-159.908,-158.726,30769.000
2013-03-14,-159.825,-157.949,-162.999,-162.767,35124.000
2013-03-15,-163.941,-161.313,-165.941,-164.395,35961.000
2013-03-18,-164.453,-164.453,-171.652,-170.610,78231.000
2013-03-19,-171.643,-170.304,-174.693,-174.139,63414.000
2013-03-20,-174.073,-169.668,-175.032,-170.230,71894.000
2013-03-21,-170.569,-170.569,-173.627,-172.817,65392.000
2013-03-22,-173.065,-170.238,-173.701,-170.941,45578.000
2013-03-25,-170.982,-169.519,-171.726,-170.957,31966.000
2013-03-26,-170.899,-169.156,-171.470,-170.255,32480.000
2013-03-27,-170.147,-169.825,-173.957,-172.809,47662.000
2013-03-28,-173.395,-171.660,-176.511,-172.784,41490.000
2013-03-29,-172.428,-170.511,-173.445,-171.098,47717.000
2013-04-01,-171.734,-171.428,-174.635,-174.329,29128.000
2013-04-02,-174.205,-173.486,-175.718,-175.354,32524.000
2013-04-03,-175.379,-174.288,-175.792,-175.238,21990.000
2013-04-08,-176.652,-174.288,-178.048,-174.850,37732.000
2013-04-09,-175.205,-174.371,-176.189,-175.445,24194.000
2013-04-10,-175.114,-169.238,-176.189,-170.189,70858.000
2013-04-11,-170.156,-169.329,-171.561,-171.048,29729.000
2013-04-12,-171.048,-166.519,-171.395,-168.313,59800.000
2013-04-15,-168.280,-167.131,-170.139,-167.891,28336.000
2013-04-16,-170.156,-165.858,-170.486,-167.544,39137.000
2013-04-17,-167.180,-162.908,-167.222,-163.139,42974.000
2013-04-18,-164.205,-161.891,-165.189,-162.594,41956.000
2013-04-19,-162.387,-161.990,-164.461,-162.528,39238.000
2013-04-22,-162.800,-162.800,-167.263,-167.090,42745.000
2013-04-23,-167.263,-166.040,-168.751,-168.660,30952.000
2013-04-24,-168.321,-166.023,-169.908,-166.131,30402.000
2013-04-25,-166.833,-163.908,-167.495,-164.618,25359.000
2013-04-26,-164.032,-163.544,-167.668,-166.858,16307.000
2013-05-02,-167.676,-167.635,-170.957,-169.238,28586.000
2013-05-03,-168.668,-166.833,-169.660,-168.131,21460.000
2013-05-06,-167.676,-163.561,-168.519,-163.709,30196.000
2013-05-07,-162.701,-154.999,-162.701,-155.536,71020.000
2013-05-08,-155.445,-153.627,-156.825,-154.544,42416.000
2013-05-09,-154.238,-147.676,-154.238,-147.693,70134.000
2013-05-10,-147.833,-144.602,-148.660,-147.751,48776.000
2013-05-13,-147.751,-144.040,-150.511,-147.280,32579.000
2013-05-14,-148.585,-147.759,-153.618,-152.643,36431.000
2013-05-15,-152.899,-148.123,-153.032,-149.776,23264.000
2013-05-16,-150.313,-144.941,-151.974,-149.618,45462.000
2013-05-17,-150.255,-148.296,-151.147,-148.742,33556.000
2013-05-20,-148.007,-146.618,-149.949,-149.495,30944.000
2013-05-21,-149.594,-148.866,-150.726,-149.478,23102.000
2013-05-22,-148.957,-144.866,-149.412,-145.800,46149.000
2013-05-23,-145.693,-139.999,-145.693,-143.346,62247.000
2013-05-24,-142.057,-139.437,-145.362,-144.594,45073.000
2013-05-27,-143.734,-143.627,-147.015,-144.015,26778.000
2013-05-28,-143.809,-142.627,-145.734,-143.594,23676.000
2013-05-29,-142.883,-139.685,-144.247,-144.131,32340.000
2013-05-30,-144.701,-143.032,-146.180,-145.156,25019.000
2013-05-31,-144.561,-144.205,-147.842,-147.759,24590.000
2013-06-03,-146.933,-143.255,-147.693,-143.643,40256.000
2013-06-04,-143.461,-140.982,-143.999,-143.957,42356.000
2013-06-05,-143.718,-143.296,-145.709,-144.395,23724.000
2013-06-06,-144.362,-141.395,-144.362,-143.990,33877.000
2013-06-07,-144.099,-140.057,-145.421,-143.148,25478.000
2013-06-13,-144.090,-141.314,-146.661,-144.429,44998.000
2013-06-14,-144.727,-144.190,-148.669,-144.999,32518.000
2013-06-17,-144.793,-144.206,-148.975,-148.752,29689.000
2013-06-18,-149.016,-146.834,-151.198,-146.958,27377.000
2013-06-19,-147.595,-143.776,-149.809,-144.330,28909.000
2013-06-20,-144.636,-143.793,-147.818,-146.884,25586.000
2013-06-21,-148.289,-143.462,-150.388,-147.355,39654.000
2013-06-24,-146.991,-146.669,-152.305,-151.942,40807.000
2013-06-25,-151.991,-148.074,-159.867,-148.454,51352.000
2013-06-26,-149.570,-148.471,-152.636,-149.380,32903.000
2013-06-27,-149.380,-146.380,-149.900,-148.669,34135.000
2013-06-28,-149.272,-145.462,-149.272,-146.363,28070.000
2013-07-01,-146.644,-144.214,-147.479,-144.776,25828.000
2013-07-02,-144.793,-140.892,-146.156,-141.752,33453.000
2013-07-03,-140.966,-140.223,-143.256,-141.735,35424.000
2013-07-04,-142.479,-140.173,-142.884,-142.851,24214.000
2013-07-05,-142.619,-140.578,-142.619,-142.437,17779.000
2013-07-08,-142.636,-141.801,-145.842,-144.057,24113.000
2013-07-09,-143.115,-143.115,-147.735,-146.628,20233.000
2013-07-10,-147.322,-144.933,-149.239,-145.148,33244.000
2013-07-11,-144.561,-142.950,-146.644,-143.388,46056.000
2013-07-12,-144.099,-142.727,-149.396,-149.305,42991.000
2013-07-15,-148.834,-148.239,-152.512,-150.016,36607.000
2013-07-16,-149.842,-147.264,-152.041,-147.537,37011.000
2013-07-17,-147.909,-147.669,-150.958,-150.867,27388.000
2013-07-18,-150.801,-150.429,-153.528,-152.396,25699.000
2013-07-19,-152.446,-152.446,-161.107,-159.884,73319.000
2013-07-22,-160.173,-158.991,-162.330,-160.818,27062.000
2013-07-23,-159.950,-156.347,-160.735,-156.925,28756.000
2013-07-24,-157.082,-157.082,-162.289,-161.033,44067.000
2013-07-25,-160.388,-156.752,-161.297,-157.628,39540.000
2013-07-26,-159.066,-158.404,-160.801,-160.743,19045.000
2013-07-29,-161.314,-161.314,-164.024,-163.760,26883.000
2013-07-30,-164.603,-163.793,-168.495,-166.148,42113.000
2013-07-31,-165.115,-163.859,-166.752,-166.090,14590.000
2013-08-01,-164.867,-162.785,-165.628,-163.289,24852.000
2013-08-02,-162.545,-158.107,-162.628,-159.867,29240.000
2013-08-05,-159.867,-159.256,-161.628,-160.305,18065.000
2013-08-06,-161.603,-160.305,-162.619,-160.528,26562.000
2013-08-07,-160.884,-157.694,-161.768,-159.578,28377.000
2013-08-08,-159.545,-158.768,-161.214,-160.586,16076.000
2013-08-09,-160.347,-159.818,-164.074,-162.512,22889.000
2013-08-12,-162.537,-157.884,-162.776,-157.983,39390.000
2013-08-13,-158.231,-156.173,-159.479,-156.628,25435.000
2013-08-14,-156.677,-154.652,-157.909,-157.669,21721.000
2013-08-15,-157.528,-155.595,-158.743,-158.685,15365.000
2013-08-16,-158.628,-155.760,-161.504,-161.214,34973.000
2013-08-19,-160.388,-159.966,-162.371,-160.578,19357.000
2013-08-20,-161.421,-160.718,-162.619,-161.867,31250.000
2013-08-21,-160.710,-160.595,-162.867,-160.975,23103.000
2013-08-22,-161.049,-159.330,-161.528,-160.652,15501.000
2013-08-23,-159.917,-159.909,-163.611,-162.380,19529.000
2013-08-26,-162.280,-160.718,-163.198,-161.595,16885.000
2013-08-27,-161.735,-161.735,-163.198,-162.247,24436.000
2013-08-28,-163.057,-163.057,-165.206,-164.933,30603.000
2013-08-29,-164.851,-164.570,-166.413,-166.107,21804.000
2013-08-30,-166.107,-165.677,-166.875,-165.859,25861.000
2013-09-02,-172.454,-172.454,-179.809,-179.793,224970.000
2013-09-03,-180.553,-179.066,-182.206,-180.008,123211.000
2013-09-04,-179.727,-178.446,-180.057,-179.644,76789.000
2013-09-05,-179.842,-179.066,-181.958,-181.156,71283.000
2013-09-06,-181.297,-180.636,-181.570,-181.148,37783.000
2013-09-09,-180.553,-180.123,-181.479,-180.595,69270.000
2013-09-10,-180.718,-179.826,-181.314,-180.041,54093.000
2013-09-11,-179.933,-179.082,-181.380,-179.256,69012.000
2013-09-12,-179.206,-178.735,-180.380,-179.950,47723.000
2013-09-13,-179.983,-177.677,-180.016,-179.710,68254.000
2013-09-16,-179.214,-179.214,-181.718,-181.669,58877.000
2013-09-17,-182.206,-182.041,-189.223,-188.570,109057.000
2013-09-18,-188.818,-187.677,-190.057,-188.074,67317.000
2013-09-23,-187.999,-187.991,-189.603,-188.975,65409.000
2013-09-24,-188.818,-187.776,-192.371,-192.289,98819.000
2013-09-25,-192.495,-191.710,-195.413,-193.644,69789.000
2013-09-26,-194.603,-192.768,-194.603,-193.429,47227.000
2013-09-27,-193.371,-192.818,-194.776,-194.553,34639.000
2013-09-30,-194.661,-192.694,-194.999,-192.999,50460.000
2013-10-08,-193.148,-191.793,-194.446,-192.396,56867.000
2013-10-09,-192.454,-191.793,-193.115,-192.132,40815.000
2013-10-10,-192.123,-191.809,-192.743,-192.090,29045.000
2013-10-11,-193.528,-191.437,-193.528,-191.694,36455.000
2013-10-14,-191.338,-189.867,-191.859,-189.933,55274.000
2013-10-15,-189.859,-185.677,-190.404,-186.132,69277.000
2013-10-16,-184.437,-183.280,-187.909,-186.140,94813.000
2013-10-17,-185.851,-184.851,-186.752,-186.181,48621.000
2013-10-18,-185.933,-185.586,-187.991,-187.181,35574.000
2013-10-21,-186.743,-185.264,-187.826,-185.437,47022.000
2013-10-22,-185.677,-185.677,-187.371,-186.818,24581.000
2013-10-23,-186.950,-185.776,-187.818,-186.595,26215.000
2013-10-24,-186.917,-186.363,-187.413,-186.578,26255.000
2013-10-25,-187.156,-187.156,-193.280,-192.347,58584.000
2013-10-28,-193.132,-192.314,-195.214,-194.628,32141.000
2013-10-29,-194.479,-194.057,-196.669,-195.594,35182.000
2013-10-30,-195.446,-195.181,-196.289,-195.768,25343.000
2013-10-31,-195.718,-192.528,-195.842,-193.685,34893.000
2013-11-01,-194.330,-193.082,-194.768,-193.628,22154.000
2013-11-04,-193.404,-192.148,-193.553,-192.669,19436.000
2013-11-05,-193.115,-190.975,-194.024,-191.206,27843.000
2013-11-06,-191.066,-188.809,-191.710,-189.933,44449.000
2013-11-07,-190.173,-189.743,-192.371,-190.495,21358.000
2013-11-08,-190.801,-189.652,-192.942,-192.834,21537.000
2013-11-11,-191.297,-188.256,-192.801,-190.016,52328.000
2013-11-12,-190.123,-185.223,-190.429,-185.644,69478.000
2013-11-13,-186.264,-184.314,-187.082,-185.743,31881.000
2013-11-14,-185.512,-185.512,-188.247,-186.280,24042.000
2013-11-15,-186.553,-185.826,-187.909,-186.801,33597.000
2013-11-18,-186.338,-185.628,-187.330,-186.760,41571.000
2013-11-19,-186.752,-186.173,-188.570,-187.314,41166.000
2013-11-20,-187.380,-187.231,-188.487,-187.942,25517.000
2013-11-21,-188.256,-187.752,-190.842,-190.752,32991.000
2013-11-22,-190.752,-190.181,-191.314,-190.909,28110.000
2013-11-25,-191.479,-188.107,-191.694,-188.875,26181.000
2013-11-26,-188.826,-188.123,-189.826,-189.661,16406.000
2013-11-27,-189.652,-188.661,-190.801,-189.685,15679.000
2013-11-28,-189.661,-187.454,-189.661,-188.132,22240.000
2013-11-29,-188.818,-188.280,-189.710,-188.454,20423.000
2013-12-02,-189.636,-189.421,-192.537,-192.305,42892.000
2013-12-03,-192.495,-191.363,-193.495,-191.644,32882.000
2013-12-04,-191.743,-190.454,-192.479,-190.900,33510.000
2013-12-05,-190.933,-190.933,-192.165,-192.132,19326.000
2013-12-06,-192.314,-190.388,-192.950,-190.677,29150.000
2013-12-09,-190.801,-190.718,-192.950,-191.347,25371.000
2013-12-10,-191.702,-191.380,-192.785,-192.165,25392.000
2013-12-11,-192.239,-191.628,-192.809,-192.628,19868.000
2013-12-12,-192.677,-191.842,-192.785,-192.619,18306.000
2013-12-13,-192.760,-191.801,-192.768,-192.619,19267.000
2013-12-16,-192.942,-192.603,-195.537,-195.454,32869.000
2013-12-17,-195.471,-193.999,-195.925,-195.256,15641.000
2013-12-18,-195.437,-195.016,-195.999,-195.851,20105.000
2013-12-19,-195.190,-195.099,-196.999,-196.958,17813.000
2013-12-20,-196.875,-196.462,-201.214,-200.677,38556.000
2013-12-23,-200.859,-199.859,-201.115,-200.793,19222.000
2013-12-24,-200.388,-199.809,-200.900,-200.710,27897.000
2013-12-25,-200.388,-200.082,-201.305,-200.999,18439.000
2013-12-26,-201.214,-201.024,-202.752,-202.256,34156.000
2013-12-27,-201.875,-200.198,-202.256,-201.049,25455.000
2013-12-30,-200.842,-200.404,-202.875,-202.487,32166.000
2013-12-31,-202.867,-198.479,-204.107,-199.247,57546.000
2014-01-02,-199.570,-199.570,-201.545,-201.231,21976.000
2014-01-03,-201.834,-201.380,-203.504,-202.884,23341.000
2014-01-06,-203.793,-202.123,-205.594,-205.570,30229.000
2014-01-07,-206.082,-205.057,-206.834,-205.710,18039.000
2014-01-08,-205.768,-205.198,-207.818,-206.669,31989.000
2014-01-09,-206.999,-204.685,-207.330,-206.718,47886.000
2014-01-10,-206.991,-205.818,-207.785,-206.776,21126.000
2014-01-13,-206.752,-204.256,-206.933,-206.264,37646.000
2014-01-14,-206.008,-204.694,-207.082,-205.090,23474.000
2014-01-15,-205.752,-205.223,-207.785,-207.198,19720.000
2014-01-16,-207.123,-204.148,-207.214,-204.528,39119.000
2014-01-17,-204.685,-203.983,-206.074,-205.925,32363.000
2014-01-20,-204.603,-200.140,-205.330,-200.561,60090.000
2014-01-21,-201.214,-198.975,-201.752,-200.396,35404.000
2014-01-22,-200.404,-193.933,-200.966,-194.462,73667.000
2014-01-23,-194.454,-193.446,-196.454,-194.528,40258.000
2014-01-24,-195.016,-193.206,-195.834,-193.363,35780.000
2014-01-27,-193.867,-186.520,-194.057,-189.024,83510.000
2014-01-28,-189.223,-187.991,-191.710,-190.289,36401.000
2014-01-29,-189.826,-188.768,-192.545,-192.115,31520.000
2014-01-30,-192.537,-192.165,-197.082,-196.090,37223.000
2014-02-07,-196.206,-194.090,-197.033,-194.694,23865.000
2014-02-10,-194.603,-194.272,-197.198,-195.545,36251.000
2014-02-11,-195.594,-193.297,-196.173,-194.570,43006.000
2014-02-12,-194.437,-193.801,-195.173,-194.479,19283.000
2014-02-13,-194.578,-190.975,-194.594,-193.223,38567.000
2014-02-14,-193.454,-187.165,-193.454,-187.247,67410.000
2014-02-17,-186.256,-180.561,-186.256,-181.396,87465.000
2014-02-18,-181.842,-181.842,-184.586,-183.851,33640.000
2014-02-19,-183.818,-179.743,-183.818,-181.768,31482.000
2014-02-20,-181.793,-180.074,-183.033,-182.214,23188.000
2014-02-21,-183.033,-181.256,-183.214,-182.140,34125.000
2014-02-24,-182.123,-180.487,-185.008,-183.347,31178.000
2014-02-25,-183.033,-182.702,-188.818,-187.685,46279.000
2014-02-26,-189.181,-185.528,-190.429,-187.966,26513.000
2014-02-27,-187.867,-184.859,-189.628,-185.553,25646.000
2014-02-28,-185.512,-180.718,-185.553,-181.363,41926.000
2014-03-03,-181.380,-177.256,-182.760,-177.305,48816.000
2014-03-04,-179.628,-173.702,-179.727,-178.570,50866.000
2014-03-05,-178.049,-173.123,-179.727,-173.247,47211.000
2014-03-06,-172.942,-171.214,-175.595,-171.462,42741.000
2014-03-07,-171.462,-167.165,-173.082,-168.578,58110.000
2014-03-10,-169.148,-168.322,-178.049,-175.644,49985.000
2014-03-11,-176.421,-170.140,-177.165,-171.314,38561.000
2014-03-12,-172.223,-170.140,-176.603,-174.330,36763.000
2014-03-13,-175.099,-168.900,-175.504,-169.090,42637.000
2014-03-14,-169.760,-168.156,-171.628,-169.917,24933.000
2014-03-17,-168.983,-167.611,-171.454,-167.768,32198.000
2014-03-18,-166.256,-159.727,-166.256,-163.760,59473.000
2014-03-19,-164.933,-160.718,-165.677,-161.239,35365.000
2014-03-20,-161.297,-161.132,-165.677,-165.528,33895.000
2014-03-21,-166.140,-163.214,-168.570,-163.694,40318.000
2014-03-24,-164.024,-160.115,-164.933,-163.785,26320.000
2014-03-25,-166.173,-166.173,-176.760,-167.487,62403.000
2014-03-26,-168.900,-168.066,-174.471,-174.363,57376.000
2014-03-27,-175.049,-172.454,-176.090,-175.049,38044.000
2014-03-28,-174.917,-173.950,-180.545,-179.198,48272.000
2014-03-31,-179.718,-175.280,-179.727,-177.495,30583.000
2014-04-01,-177.487,-171.008,-177.743,-171.057,34046.000
2014-04-02,-170.851,-165.132,-172.264,-168.454,46698.000
2014-04-03,-166.867,-166.760,-170.223,-168.727,26918.000
2014-04-04,-169.272,-168.735,-172.289,-169.760,23206.000
2014-04-08,-169.875,-168.636,-172.280,-169.363,25927.000
2014-04-09,-168.966,-167.636,-171.355,-170.347,21618.000
2014-04-10,-170.413,-164.008,-173.528,-165.256,54177.000
2014-04-11,-163.198,-156.917,-163.198,-159.826,90225.000
2014-04-14,-160.966,-158.809,-162.371,-161.247,26824.000
2014-04-15,-162.206,-159.999,-162.206,-161.140,25880.000
2014-04-16,-161.793,-161.082,-164.694,-164.008,22040.000
2014-04-17,-164.190,-159.892,-164.677,-160.553,29744.000
2014-04-18,-160.718,-158.429,-162.123,-160.462,19601.000
2014-04-21,-161.537,-159.909,-163.198,-163.156,18333.000
2014-04-22,-163.198,-160.611,-163.595,-163.090,22344.000
2014-04-23,-163.132,-159.487,-163.173,-159.842,33755.730
2014-04-24,-159.768,-159.305,-161.793,-160.090,12581.000
2014-04-25,-166.520,-166.504,-171.636,-169.239,95877.000
2014-04-28,-171.396,-169.347,-173.272,-170.809,33028.000
2014-04-29,-170.801,-168.586,-171.074,-170.148,27996.000
2014-04-30,-169.851,-169.570,-171.024,-169.909,19220.000
2014-05-05,-170.223,-170.223,-175.528,-172.909,36743.000
2014-05-06,-173.115,-170.884,-173.115,-172.462,13622.000
2014-05-07,-171.785,-171.785,-173.446,-172.570,11960.000
2014-05-08,-172.454,-171.057,-172.768,-172.561,14697.000
2014-05-09,-172.570,-171.214,-172.867,-172.603,16721.000
2014-05-12,-171.223,-171.214,-173.528,-172.363,26194.000
2014-05-13,-172.479,-171.785,-173.479,-172.504,15939.000
2014-05-14,-173.123,-172.347,-178.066,-177.024,34016.000
2014-05-15,-177.264,-175.528,-177.661,-176.297,16983.000
2014-05-16,-176.297,-175.512,-177.520,-177.115,18467.000
2014-05-19,-179.314,-178.900,-183.082,-183.049,56250.000
2014-05-20,-182.950,-181.842,-186.669,-185.528,46885.000
2014-05-21,-186.256,-180.008,-186.380,-180.553,38737.000
2014-05-22,-180.636,-178.404,-181.669,-181.338,18678.000
2014-05-23,-181.380,-179.082,-181.396,-179.479,14009.000
2014-05-26,-177.330,-177.330,-179.024,-178.429,8910.000
2014-05-27,-178.900,-176.628,-179.016,-178.735,13035.000
2014-05-28,-178.991,-177.247,-179.066,-178.123,12501.000
2014-05-29,-178.297,-176.479,-178.520,-177.834,10106.000
2014-05-30,-177.867,-177.016,-178.884,-178.718,9217.000
2014-06-03,-178.900,-177.661,-179.520,-179.090,13048.000
2014-06-04,-178.909,-178.586,-181.363,-180.429,10494.000
2014-06-05,-180.454,-177.247,-181.933,-177.437,20678.000
2014-06-06,-177.512,-176.710,-179.487,-178.413,9477.000
2014-06-09,-179.479,-177.743,-179.479,-178.710,10034.000
2014-06-10,-178.694,-177.008,-178.694,-177.413,19305.000
2014-06-11,-177.454,-176.933,-178.727,-178.123,10781.000
2014-06-12,-178.016,-178.016,-179.628,-179.206,11499.000
2014-06-13,-179.156,-178.214,-180.421,-179.057,16970.000
2014-06-16,-178.983,-177.429,-179.396,-177.727,16237.000
2014-06-17,-177.826,-177.826,-179.561,-178.743,16364.000
2014-06-18,-178.239,-177.702,-178.570,-178.421,14024.000
2014-06-19,-178.437,-177.909,-179.314,-179.123,11551.000
2014-06-20,-179.148,-178.404,-179.462,-178.752,12019.000
2014-06-23,-178.487,-176.107,-178.603,-176.165,28983.000
2014-06-24,-175.909,-169.975,-175.966,-170.165,38532.000
2014-06-25,-169.613,-169.613,-173.095,-172.432,38171.000
2014-06-26,-172.432,-171.750,-173.177,-172.968,36348.000
2014-06-27,-173.168,-173.168,-175.168,-174.113,26477.000
2014-06-30,-173.386,-171.832,-174.095,-172.659,24399.000
2014-07-01,-172.104,-172.104,-173.732,-172.850,11946.000
2014-07-02,-172.613,-172.323,-173.550,-172.568,12068.000
2014-07-03,-172.450,-171.368,-173.186,-171.495,19331.000
2014-07-04,-171.368,-170.659,-171.986,-171.441,15402.000
2014-07-07,-171.913,-170.568,-172.450,-170.677,22879.000
2014-07-08,-170.732,-170.668,-173.532,-172.477,21091.000
2014-07-09,-172.641,-171.850,-173.532,-173.332,14328.000
2014-07-10,-173.441,-172.795,-173.913,-173.513,12159.000
2014-07-11,-173.123,-171.650,-173.441,-172.759,18432.000
2014-07-14,-172.759,-164.559,-173.095,-165.577,46534.000
2014-07-15,-166.177,-158.095,-166.177,-161.904,58787.000
2014-07-16,-161.868,-159.204,-161.868,-161.213,24459.000
2014-07-17,-161.650,-160.323,-163.550,-161.959,20191.000
2014-07-18,-162.104,-151.732,-162.913,-155.386,74896.000
2014-07-21,-155.923,-153.659,-157.559,-155.386,30143.000
2014-07-22,-156.641,-152.641,-156.641,-153.368,29820.000
2014-07-23,-154.459,-151.732,-154.823,-152.741,27836.000
2014-07-24,-152.859,-148.004,-154.186,-153.068,35682.000
2014-07-25,-152.641,-150.777,-155.313,-152.750,27833.000
2014-07-28,-152.432,-149.013,-153.623,-152.413,42968.000
2014-07-29,-152.368,-152.368,-156.041,-155.313,36017.000
2014-07-30,-155.604,-155.604,-159.459,-157.632,54876.000
2014-07-31,-157.832,-155.932,-159.041,-156.032,25206.000
2014-08-01,-156.123,-152.368,-156.623,-153.568,43259.000
2014-08-04,-153.550,-151.168,-154.195,-152.277,38848.000
2014-08-05,-152.641,-150.223,-154.759,-150.595,38357.000
2014-08-06,-151.913,-151.023,-154.459,-153.259,20317.000
2014-08-07,-153.459,-152.286,-155.823,-155.732,25396.000
2014-08-08,-154.495,-153.250,-156.459,-154.332,23819.000
2014-08-11,-154.023,-153.368,-154.904,-153.486,20070.000
2014-08-12,-154.632,-153.777,-156.141,-154.423,19604.000
2014-08-13,-154.423,-151.932,-155.550,-154.013,34454.000
2014-08-14,-154.441,-153.150,-155.113,-154.950,22958.000
2014-08-15,-154.277,-154.013,-155.250,-154.877,21802.000
2014-08-18,-154.459,-154.186,-157.095,-156.504,41698.000
2014-08-19,-156.504,-156.504,-157.686,-157.477,32095.000
2014-08-20,-157.423,-154.404,-157.641,-154.459,37084.000
2014-08-21,-154.459,-154.168,-157.186,-156.304,18872.000
2014-08-22,-156.277,-155.923,-157.413,-156.941,18636.000
2014-08-25,-156.941,-156.141,-157.823,-157.413,15376.000
2014-08-26,-157.641,-156.804,-159.041,-158.350,16589.000
2014-08-27,-158.350,-158.295,-159.750,-159.577,13828.000
2014-08-28,-159.913,-157.768,-159.913,-159.895,17618.000
2014-08-29,-159.913,-157.559,-160.823,-157.886,23838.000
2014-09-01,-157.913,-156.732,-158.359,-157.686,16450.000
2014-09-02,-157.359,-153.877,-158.068,-153.950,41246.000
2014-09-03,-153.932,-149.532,-153.950,-151.895,42042.000
2014-09-04,-152.004,-150.877,-152.932,-151.677,23975.000
2014-09-05,-151.095,-148.859,-151.541,-149.450,34731.000
2014-09-09,-149.323,-149.032,-152.641,-152.568,20562.000
2014-09-10,-152.913,-151.732,-153.541,-152.723,17867.000
2014-09-11,-152.759,-151.895,-154.932,-154.477,31875.000
2014-09-12,-154.923,-153.868,-155.986,-154.050,17356.000
2014-09-15,-154.550,-154.541,-157.368,-156.813,32543.000
2014-09-16,-155.823,-155.732,-158.986,-158.586,34823.000
2014-09-17,-157.668,-156.695,-158.695,-157.886,25841.000
2014-09-18,-158.077,-156.841,-158.932,-156.959,26482.000
2014-09-19,-156.959,-155.386,-157.641,-155.504,22665.000
2014-09-22,-155.632,-155.632,-159.150,-159.059,37191.000
2014-09-23,-159.277,-158.550,-159.586,-158.568,34546.000
2014-09-24,-159.468,-155.823,-160.277,-156.104,43448.000
2014-09-25,-155.441,-152.659,-155.459,-154.286,56851.000
2014-09-26,-154.913,-153.441,-157.004,-154.177,22716.000
2014-09-29,-154.159,-153.368,-155.013,-154.032,23488.000
2014-09-30,-153.786,-153.559,-155.186,-154.341,21574.000
2014-10-08,-155.368,-155.277,-158.277,-155.613,45652.000
2014-10-09,-156.395,-156.050,-157.568,-156.268,36244.000
2014-10-10,-157.168,-156.459,-158.368,-157.168,43147.000
2014-10-13,-158.268,-158.204,-162.023,-159.823,53176.000
2014-10-14,-160.823,-159.013,-161.332,-160.904,28895.000
2014-10-15,-161.050,-158.477,-161.086,-158.713,22238.000
2014-10-16,-159.823,-157.923,-159.823,-158.713,23949.000
2014-10-17,-158.095,-157.141,-159.095,-157.750,30976.000
2014-10-20,-157.750,-157.641,-159.550,-159.077,32910.000
2014-10-21,-159.004,-156.877,-159.368,-157.677,39911.000
2014-10-22,-157.695,-156.768,-158.550,-157.113,22836.000
2014-10-23,-157.577,-156.023,-158.195,-157.141,31917.000
2014-10-24,-157.232,-156.377,-158.377,-157.295,19980.000
2014-10-27,-159.032,-157.095,-160.923,-158.550,27970.000
2014-10-28,-158.713,-157.095,-158.841,-157.423,20548.000
2014-10-29,-157.368,-156.677,-158.568,-157.823,21423.000
2014-10-30,-158.095,-158.095,-160.732,-160.441,49087.000
2014-10-31,-160.395,-159.095,-161.413,-159.295,36421.000
2014-11-03,-159.232,-159.113,-160.413,-160.295,24670.000
2014-11-04,-160.377,-160.377,-164.459,-164.104,55943.000
2014-11-05,-164.413,-164.413,-169.459,-168.868,76719.000
2014-11-06,-168.868,-167.650,-168.995,-167.959,36362.000
2014-11-07,-167.941,-166.913,-167.995,-167.150,41507.000
2014-11-10,-165.368,-161.932,-166.277,-161.941,62325.000
2014-11-11,-161.459,-160.641,-163.541,-162.323,47706.000
2014-11-12,-162.659,-162.104,-165.186,-162.741,30823.000
2014-11-13,-162.895,-162.886,-165.659,-163.932,49155.000
2014-11-14,-163.950,-158.432,-164.541,-158.741,75225.000
2014-11-17,-149.004,-149.004,-156.277,-156.232,150416.000
2014-11-18,-155.368,-154.623,-160.823,-160.232,63497.000
2014-11-19,-160.304,-160.232,-162.995,-162.577,46290.000
2014-11-20,-162.750,-162.713,-164.923,-164.750,46258.000
2014-11-21,-164.859,-162.459,-165.186,-162.523,41990.000
2014-11-24,-161.841,-160.823,-163.550,-161.777,53878.000
2014-11-25,-162.259,-160.959,-162.823,-161.150,53231.000
2014-11-26,-161.186,-159.586,-161.832,-159.959,63858.000
2014-11-27,-160.823,-158.804,-161.732,-159.295,96551.000
2014-11-28,-159.395,-159.395,-162.486,-160.059,88288.000
2014-12-01,-159.395,-155.368,-159.913,-156.223,121740.000
2014-12-02,-157.141,-155.186,-157.868,-155.241,99268.000
2014-12-03,-154.059,-148.732,-154.132,-151.886,117322.000
2014-12-04,-150.368,-143.095,-150.368,-143.432,117781.000
2014-12-05,-139.923,-139.041,-148.459,-146.350,112901.000
2014-12-08,-148.241,-141.286,-149.732,-144.486,100894.000
2014-12-09,-145.368,-132.077,-145.823,-144.586,151890.000
2014-12-10,-142.641,-134.913,-142.641,-138.168,106656.000
2014-12-11,-138.095,-136.332,-142.377,-141.832,54882.000
2014-12-12,-141.023,-137.195,-141.732,-141.195,51055.000
2014-12-15,-141.186,-134.368,-142.250,-134.423,70964.000
2014-12-16,-134.732,-134.732,-139.813,-137.523,51129.000
2014-12-17,-138.104,-136.777,-140.095,-138.941,60020.000
2014-12-18,-138.377,-136.095,-139.004,-138.695,38567.000
2014-12-19,-138.950,-136.295,-139.913,-137.350,49631.000
2014-12-22,-138.413,-134.195,-141.841,-134.368,73623.000
2014-12-23,-134.659,-125.832,-136.268,-130.041,85650.000
2014-12-24,-130.823,-127.368,-137.477,-135.313,63554.000
2014-12-25,-135.232,-132.641,-137.177,-132.795,44071.000
2014-12-26,-133.468,-129.913,-135.368,-131.213,42677.000
2014-12-29,-130.732,-129.004,-136.277,-134.932,89838.000
2014-12-30,-135.368,-130.841,-135.841,-131.877,56171.000
2014-12-31,-133.004,-129.004,-133.550,-129.350,46269.000
2015-01-05,-129.350,-116.059,-130.195,-117.623,94515.000
2015-01-06,-119.913,-117.586,-123.532,-121.886,55020.000
2015-01-07,-123.513,-120.368,-129.013,-126.332,54797.000
2015-01-08,-125.368,-124.895,-128.877,-127.404,40525.000
2015-01-09,-128.641,-123.759,-128.904,-128.723,53982.000
2015-01-12,-129.004,-126.650,-134.041,-132.250,49914.000
2015-01-13,-131.732,-130.332,-133.913,-133.659,36708.000
2015-01-14,-133.550,-132.186,-137.295,-135.204,52403.000
2015-01-15,-134.559,-132.277,-135.841,-132.577,48585.000
2015-01-16,-132.459,-130.823,-132.659,-132.541,39978.000
2015-01-19,-137.186,-135.186,-145.850,-142.204,64679.000
2015-01-20,-141.713,-137.641,-144.459,-139.841,61022.000
2015-01-21,-139.668,-135.459,-140.641,-135.950,52674.000
2015-01-22,-135.941,-134.132,-138.095,-136.977,38254.000
2015-01-23,-137.986,-135.113,-137.995,-137.168,33084.000
2015-01-26,-136.550,-134.913,-137.141,-135.550,35649.000
2015-01-27,-135.532,-135.532,-139.913,-137.995,41883.000
2015-01-28,-139.004,-137.732,-140.550,-140.395,30680.000
2015-01-29,-141.550,-139.913,-142.641,-141.595,32492.000
2015-01-30,-140.832,-137.186,-141.277,-140.659,47508.000
2015-02-02,-142.177,-141.368,-144.004,-142.804,33983.000
2015-02-03,-140.386,-139.323,-141.550,-139.577,27792.000
2015-02-04,-138.868,-136.204,-140.823,-140.595,35293.000
2015-02-05,-139.032,-137.277,-143.550,-143.504,41239.000
2015-02-06,-142.968,-141.277,-143.913,-143.004,37102.000
2015-02-09,-141.941,-133.459,-142.641,-134.186,87293.000
2015-02-10,-133.732,-133.368,-136.777,-135.477,53638.000
2015-02-11,-135.913,-134.232,-136.204,-135.232,22894.000
2015-02-12,-134.468,-134.013,-136.268,-134.850,25050.000
2015-02-13,-134.359,-134.004,-136.823,-135.832,40127.000
2015-02-16,-135.786,-134.795,-136.986,-135.086,39521.000
2015-02-17,-134.868,-134.559,-136.359,-136.077,34172.000
2015-02-25,-135.368,-132.913,-137.086,-134.495,59935.000
2015-02-26,-134.641,-130.468,-134.868,-132.059,62297.000
2015-02-27,-131.823,-124.913,-131.913,-128.050,63370.000
2015-03-02,-128.277,-125.550,-129.913,-128.341,31098.000
2015-03-03,-129.641,-127.186,-133.404,-132.686,42999.000
2015-03-04,-131.741,-130.813,-133.913,-131.559,40662.000
2015-03-05,-133.541,-131.704,-134.413,-133.077,36206.000
2015-03-06,-133.232,-132.204,-135.123,-134.804,25470.000
2015-03-09,-132.823,-126.286,-134.641,-127.586,43486.000
2015-03-10,-128.150,-127.641,-131.477,-130.977,29637.000
2015-03-11,-130.977,-126.277,-131.004,-127.204,40583.000
2015-03-12,-126.277,-123.559,-127.732,-126.504,38496.000
2015-03-13,-126.550,-125.459,-130.295,-129.086,25479.000
2015-03-16,-128.950,-124.913,-131.723,-125.586,31160.000
2015-03-17,-124.468,-121.104,-124.559,-122.850,45904.000
2015-03-18,-122.823,-119.923,-123.986,-120.413,39304.000
2015-03-19,-121.241,-120.832,-125.313,-124.204,33539.000
2015-03-20,-125.186,-124.468,-128.204,-126.141,51373.000
2015-03-23,-124.759,-122.868,-126.095,-124.386,40979.000
2015-03-24,-124.186,-122.241,-127.095,-123.832,60079.000
2015-03-25,-126.277,-124.368,-127.132,-126.477,42240.000
2015-03-26,-125.777,-120.004,-127.186,-121.223,67105.000
2015-03-27,-121.732,-121.223,-126.323,-124.868,40144.590
2015-03-30,-124.750,-120.868,-126.186,-122.850,63451.000
2015-03-31,-122.932,-119.213,-125.350,-123.586,88130.000
2015-04-01,-123.523,-122.132,-124.932,-124.150,76875.000
2015-04-02,-123.586,-122.095,-126.386,-124.841,62981.000
2015-04-03,-125.368,-122.632,-126.477,-122.813,51210.000
2015-04-07,-122.777,-118.932,-123.732,-119.304,59824.000
2015-04-08,-117.641,-110.204,-118.468,-115.823,135857.000
2015-04-09,-115.841,-114.568,-120.777,-119.913,62399.000
2015-04-10,-119.923,-117.195,-120.268,-119.713,102019.000
2015-04-13,-118.504,-115.832,-120.877,-116.368,91356.000
2015-04-14,-116.277,-111.477,-116.313,-114.459,81903.000
2015-04-15,-111.641,-111.023,-116.132,-114.732,55005.000
2015-04-16,-112.141,-96.032,-112.795,-96.032,86014.000
2015-04-17,-84.550,-75.641,-94.204,-90.313,192094.000
2015-04-20,-92.641,-78.368,-93.550,-88.977,130588.000
2015-04-21,-83.550,-67.704,-83.550,-67.704,122401.000
2015-04-22,-57.368,-57.186,-67.995,-61.832,134635.000
2015-04-23,-61.732,-61.577,-71.750,-68.968,86030.000
2015-04-24,-72.750,-65.659,-78.995,-66.741,100531.000
2015-04-27,-67.568,-58.277,-71.741,-69.195,78973.000
2015-04-28,-70.823,-66.641,-77.141,-76.377,87291.000
2015-04-29,-78.004,-71.732,-78.004,-74.659,59300.000
2015-04-30,-73.413,-70.004,-76.504,-72.432,64064.000
2015-05-04,-72.041,-66.277,-74.441,-69.941,54739.000
2015-05-05,-72.641,-72.641,-83.659,-82.686,73700.000
2015-05-06,-79.932,-77.195,-83.541,-81.113,60324.000
2015-05-07,-79.004,-72.750,-81.223,-79.068,68102.000
2015-05-08,-77.986,-70.023,-78.186,-70.668,57805.000
2015-05-11,-73.095,-67.195,-74.459,-67.695,61345.000
2015-05-12,-67.913,-67.913,-72.641,-70.441,47031.000
2015-05-13,-71.004,-62.668,-72.186,-68.641,58913.000
2015-05-14,-68.777,-65.823,-73.350,-73.177,41853.000
2015-05-15,-73.177,-71.286,-82.086,-78.850,54185.000
2015-05-18,-79.004,-79.004,-83.459,-82.513,35363.000
2015-05-19,-82.595,-74.259,-83.368,-74.423,47637.000
2015-05-20,-72.641,-65.368,-75.095,-70.868,63771.000
2015-05-21,-69.004,-64.186,-70.813,-66.650,47669.000
2015-05-22,-65.659,-50.095,-65.741,-50.950,66649.000
2015-05-25,-56.277,-39.468,-57.186,-40.977,67473.000
2015-05-26,-41.186,-38.095,-43.586,-42.150,60914.000
2015-05-27,-42.168,-38.713,-53.550,-50.004,46934.000
2015-05-28,-51.504,-46.277,-65.277,-64.359,60884.000
2015-05-29,-65.359,-57.186,-65.468,-61.886,57783.000
2015-06-01,-61.786,-53.568,-65.550,-54.950,65816.000
2015-06-02,-55.823,-55.823,-64.768,-59.350,64635.000
2015-06-03,-60.659,-59.350,-65.359,-62.832,46424.000
2015-06-04,-62.659,-60.823,-83.550,-66.995,92362.000
2015-06-05,-67.086,-63.459,-78.095,-70.968,85738.000
2015-06-08,-73.086,-58.513,-74.641,-61.150,96007.000
2015-06-09,-60.823,-56.459,-68.550,-66.250,77851.000
2015-06-10,-69.332,-59.113,-71.004,-64.413,80462.000
2015-06-11,-65.368,-61.277,-67.395,-65.313,52954.000
2015-06-12,-63.441,-53.550,-64.459,-59.913,90909.000
2015-06-15,-59.023,-54.459,-65.295,-64.559,100014.000
2015-06-16,-66.277,-60.095,-72.186,-70.868,69303.000
2015-06-17,-70.859,-67.404,-75.368,-69.832,58388.000
2015-06-18,-71.713,-70.095,-83.004,-79.941,61506.000
2015-06-19,-78.213,-75.832,-88.986,-87.813,67608.000
2015-06-23,-83.732,-69.141,-88.886,-72.413,81247.000
2015-06-24,-74.459,-60.641,-76.595,-64.268,95706.000
2015-06-25,-64.004,-63.523,-74.268,-72.832,66521.000
2015-06-26,-74.441,-69.232,-87.823,-81.323,99332.000
2015-06-29,-75.941,-68.550,-94.641,-77.513,165071.000
2015-06-30,-77.513,-65.532,-78.095,-67.504,126298.000
2015-07-01,-69.913,-57.641,-73.568,-67.650,103326.000
2015-07-02,-69.641,-44.823,-78.995,-65.095,118459.000
2015-07-03,-69.913,-64.913,-81.550,-74.632,109605.000
2015-07-06,-58.141,-58.104,-84.004,-70.786,272799.000
2015-07-07,-74.459,-68.477,-84.004,-79.750,167562.000
2015-07-08,-93.550,-79.013,-101.950,-86.404,289140.000
2015-07-09,-86.404,-64.995,-89.913,-67.241,138203.000
2015-07-10,-68.095,-44.459,-72.677,-60.286,256149.000
2015-07-13,-67.186,-60.295,-73.550,-67.413,148926.000
2015-07-14,-69.913,-69.750,-77.004,-75.323,96768.000
2015-07-15,-76.732,-72.004,-80.568,-73.313,104077.000
2015-07-16,-73.313,-70.659,-76.041,-73.013,72814.000
2015-07-17,-68.755,-67.765,-73.015,-69.465,56418.000
2015-07-20,-70.605,-69.855,-75.255,-72.645,67933.000
2015-07-21,-76.005,-73.555,-77.755,-76.095,51789.000
2015-07-22,-77.755,-75.755,-81.175,-80.625,70855.000
2015-07-23,-79.765,-77.155,-81.985,-78.215,64748.000
2015-07-24,-77.255,-74.065,-79.005,-78.545,57390.000
2015-07-27,-80.755,-76.455,-96.755,-96.235,76944.000
2015-07-28,-97.895,-88.315,-100.275,-91.925,86703.000
2015-07-29,-89.975,-87.755,-95.625,-90.015,66507.000
2015-07-30,-88.925,-88.925,-92.655,-91.795,41134.000
2015-07-31,-91.055,-90.825,-94.755,-90.925,40736.000
2015-08-03,-92.755,-87.765,-94.755,-88.195,54553.000
2015-08-04,-88.495,-83.775,-88.495,-85.785,59533.000
2015-08-05,-84.825,-83.905,-90.815,-90.565,43143.000
2015-08-06,-91.525,-90.255,-94.755,-92.795,39249.000
2015-08-07,-90.265,-89.155,-92.155,-90.825,39521.000
2015-08-10,-90.745,-84.755,-92.625,-85.455,56496.000
2015-08-11,-85.455,-85.345,-87.745,-87.005,50897.000
2015-08-12,-87.765,-83.465,-89.005,-88.285,45824.000
2015-08-13,-86.255,-86.255,-91.755,-88.245,35180.000
2015-08-14,-87.255,-86.355,-88.505,-87.775,30666.000
2015-08-17,-89.735,-88.935,-93.755,-91.535,53858.000
2015-08-18,-90.775,-90.255,-97.405,-96.695,51285.000
2015-08-19,-98.005,-95.595,-99.575,-96.135,50261.000
2015-08-20,-96.925,-96.755,-102.855,-102.685,39645.000
2015-08-21,-106.235,-102.895,-111.635,-111.425,75620.000
2015-08-24,-116.755,-116.255,-129.555,-128.115,89812.000
2015-08-25,-130.295,-115.245,-131.555,-121.165,123080.000
2015-08-26,-120.995,-109.255,-122.755,-113.875,91572.000
2015-08-27,-107.755,-97.855,-112.865,-100.685,87052.000
2015-08-28,-102.755,-102.465,-110.625,-105.105,89925.000
2015-08-31,-108.415,-102.255,-112.575,-102.385,62730.000
2015-09-01,-105.935,-102.755,-109.755,-103.385,87432.000
2015-09-02,-107.645,-102.755,-108.555,-103.145,106945.000
2015-09-07,-105.155,-103.755,-109.105,-109.045,32216.000
2015-09-08,-109.295,-107.285,-112.755,-108.435,33098.000
2015-09-09,-107.615,-103.885,-107.615,-105.895,35215.000
2015-09-10,-107.375,-104.455,-108.615,-104.545,26852.000
2015-09-11,-105.875,-103.655,-106.705,-104.845,16932.000
2015-09-14,-105.325,-94.955,-109.855,-95.225,86175.000
2015-09-15,-99.745,-95.735,-102.635,-95.755,51884.000
2015-09-16,-97.745,-88.215,-100.025,-93.205,37198.000
2015-09-17,-95.155,-91.955,-100.145,-99.755,26423.000
2015-09-18,-99.155,-96.865,-99.755,-98.325,15642.000
2015-09-21,-99.745,-97.055,-99.755,-98.455,16527.000
2015-09-22,-96.985,-96.575,-98.775,-98.485,16457.000
2015-09-23,-100.605,-98.765,-103.655,-103.035,22344.000
2015-09-24,-101.955,-101.475,-104.955,-103.755,13886.000
2015-09-25,-103.765,-102.855,-108.255,-104.295,24455.000
2015-09-28,-106.275,-105.455,-108.525,-106.375,12341.000
2015-09-29,-108.205,-106.385,-109.455,-107.585,18409.000
2015-09-30,-107.525,-106.275,-107.585,-107.445,11634.000
2015-10-08,-98.975,-96.175,-100.755,-100.235,34391.000
2015-10-09,-98.975,-98.855,-101.255,-100.805,15721.000
2015-10-12,-98.755,-93.265,-99.905,-99.665,49030.000
2015-10-13,-99.665,-97.665,-99.665,-99.015,15751.000
2015-10-14,-98.775,-98.255,-100.745,-99.925,15213.000
2015-10-15,-99.595,-97.385,-100.195,-97.765,16550.000
2015-10-16,-96.535,-95.355,-98.345,-97.015,19238.000
2015-10-19,-92.815,-92.815,-95.855,-95.035,26121.000
2015-10-20,-95.735,-94.875,-96.575,-95.785,14784.000
2015-10-21,-95.675,-95.205,-100.745,-97.445,22349.000
2015-10-22,-97.515,-95.025,-98.325,-95.225,23720.000
2015-10-23,-91.955,-80.155,-92.205,-86.775,56277.000
2015-10-26,-85.755,-79.455,-89.755,-80.025,43346.000
2015-10-27,-80.655,-80.075,-85.175,-82.505,22572.000
2015-10-28,-82.765,-82.765,-85.855,-85.315,16559.000
2015-10-29,-85.755,-82.965,-85.755,-84.755,13454.000
2015-10-30,-84.805,-81.955,-85.635,-83.895,12257.000
2015-11-02,-83.155,-81.895,-85.255,-85.195,15298.000
2015-11-03,-84.835,-81.995,-89.355,-88.045,23173.000
2015-11-04,-87.175,-81.755,-87.645,-82.775,30809.000
2015-11-05,-83.155,-74.475,-84.255,-81.195,49982.000
2015-11-06,-80.405,-79.155,-82.195,-79.335,21695.000
2015-11-09,-75.755,-73.095,-78.755,-76.925,40527.000
2015-11-10,-77.755,-73.635,-78.595,-75.375,28729.000
2015-11-11,-75.745,-74.755,-79.155,-77.605,23815.000
2015-11-12,-77.525,-74.755,-78.375,-77.745,16180.000
2015-11-13,-79.655,-78.255,-82.925,-82.645,28397.000
2015-11-16,-85.255,-81.255,-85.755,-83.975,23916.000
2015-11-17,-83.035,-80.255,-84.615,-83.395,21986.000
2015-11-18,-84.165,-81.755,-84.165,-83.095,19725.000
2015-11-19,-83.755,-81.755,-83.855,-82.725,15262.000
2015-11-20,-82.615,-81.975,-84.655,-84.035,22274.000
2015-11-23,-84.755,-83.915,-85.245,-85.135,20994.000
2015-11-24,-85.365,-84.475,-87.755,-86.065,20469.000
2015-11-25,-86.055,-84.755,-87.355,-84.775,24249.000
2015-11-26,-84.265,-83.965,-85.925,-84.915,18804.000
2015-11-27,-85.265,-85.215,-91.125,-90.015,16220.000
2015-11-30,-89.715,-82.975,-89.965,-83.445,33440.000
2015-12-01,-84.755,-83.805,-86.755,-83.955,18877.000
2015-12-02,-83.275,-70.755,-85.755,-76.175,47891.000
2015-12-03,-78.755,-76.355,-81.055,-77.555,22386.000
2015-12-04,-77.795,-77.795,-82.745,-82.445,20848.000
2015-12-07,-82.755,-80.775,-84.555,-83.245,19255.000
2015-12-08,-83.205,-83.205,-86.295,-85.815,17393.000
2015-12-09,-86.175,-82.705,-86.255,-83.285,14119.000
2015-12-10,-82.755,-81.555,-85.765,-84.795,13786.000
2015-12-11,-85.255,-85.255,-87.255,-86.345,13035.000
2015-12-14,-87.565,-82.875,-88.755,-83.655,20701.000
2015-12-15,-83.955,-83.165,-85.675,-83.245,15088.000
2015-12-16,-83.345,-83.115,-85.165,-83.845,20144.000
2015-12-17,-83.365,-80.875,-83.755,-81.895,24253.000
2015-12-18,-82.255,-78.605,-82.645,-80.875,28460.000
2015-12-21,-79.755,-68.575,-79.755,-70.725,59391.000
2015-12-22,-70.955,-70.955,-74.475,-72.725,28402.000
2015-12-23,-72.305,-71.065,-75.055,-74.755,22374.000
2015-12-24,-73.775,-72.075,-74.555,-72.975,15577.000
2015-12-25,-72.755,-72.095,-74.875,-73.255,11542.000
2015-12-28,-72.275,-71.755,-78.755,-78.635,25594.000
2015-12-29,-79.135,-77.315,-79.245,-77.925,15774.000
2015-12-30,-77.575,-77.095,-80.235,-78.895,20147.000
2015-12-31,-79.535,-78.255,-79.935,-79.565,19673.000
2016-01-04,-79.755,-79.755,-87.765,-87.735,17349.000
2016-01-05,-87.755,-83.785,-90.245,-84.935,31908.000
2016-01-06,-84.975,-84.095,-88.455,-85.575,23760.000
2016-01-07,-88.765,-88.765,-97.725,-95.525,8148.000
2016-01-08,-93.585,-89.755,-97.755,-93.125,44510.000
2016-01-11,-94.595,-93.965,-98.355,-97.895,29702.000
2016-01-12,-96.655,-95.655,-101.755,-100.965,40287.000
2016-01-13,-98.655,-91.755,-99.155,-97.975,29201.000
2016-01-14,-100.645,-91.775,-102.245,-92.935,34776.000
2016-01-15,-93.005,-91.575,-99.755,-98.755,26681.000
2016-01-18,-99.755,-95.355,-100.555,-98.325,27371.000
2016-01-19,-96.755,-87.425,-97.745,-87.515,59110.000
2016-01-20,-90.755,-87.595,-96.745,-95.435,40968.000
2016-01-21,-96.495,-93.165,-97.855,-97.495,21832.000
2016-01-22,-94.645,-94.355,-98.945,-95.015,22733.000
2016-01-25,-94.755,-94.265,-96.255,-94.985,13750.000
2016-01-26,-96.765,-93.285,-99.255,-98.745,22280.000
2016-01-27,-97.775,-96.865,-102.055,-97.825,29840.000
2016-01-28,-98.005,-98.005,-102.135,-101.115,17903.000
2016-01-29,-100.275,-95.255,-100.755,-97.105,23090.000
2016-02-01,-95.655,-94.955,-97.865,-96.465,19178.000
2016-02-02,-95.755,-92.955,-97.115,-93.205,17842.000
2016-02-03,-95.175,-93.195,-96.255,-94.095,15156.000
2016-02-04,-92.955,-91.875,-94.215,-92.765,16624.000
2016-02-05,-92.765,-92.575,-95.225,-93.885,14227.000
2016-02-15,-97.755,-94.755,-98.155,-97.345,19470.000
2016-02-16,-97.195,-89.755,-97.195,-93.835,19223.000
2016-02-17,-94.015,-92.835,-97.245,-95.455,20349.000
2016-02-18,-94.555,-94.155,-96.655,-96.045,18892.000
2016-02-19,-96.135,-94.575,-96.625,-94.645,14238.000
2016-02-22,-91.755,-89.435,-91.755,-89.955,27759.000
2016-02-23,-89.985,-82.775,-90.735,-85.345,37460.000
2016-02-24,-85.555,-79.725,-86.745,-80.015,33129.000
2016-02-25,-78.955,-77.275,-85.625,-85.345,39480.000
2016-02-26,-84.655,-78.505,-86.495,-80.915,28332.000
2016-02-29,-78.765,-76.875,-90.955,-82.845,47712.000
2016-03-01,-81.795,-77.455,-87.355,-79.335,34004.000
2016-03-02,-78.755,-72.255,-79.085,-73.535,47942.000
2016-03-03,-72.755,-65.775,-76.095,-69.945,40193.000
2016-03-04,-70.875,-57.595,-72.745,-58.975,85838.000
2016-03-07,-59.645,-57.755,-66.705,-64.115,39345.000
2016-03-08,-64.455,-64.455,-70.755,-68.545,26147.000
2016-03-09,-70.755,-65.105,-71.655,-70.315,16402.000
2016-03-10,-68.765,-64.055,-69.755,-69.695,25727.000
2016-03-11,-71.215,-65.875,-72.255,-69.705,16320.000
2016-03-14,-66.995,-64.255,-75.555,-73.185,45277.000
2016-03-15,-72.955,-63.365,-73.415,-65.835,36356.000
2016-03-16,-67.535,-65.255,-72.755,-69.145,24250.000
2016-03-17,-67.755,-63.655,-69.455,-68.195,28820.000
2016-03-18,-65.755,-65.495,-71.975,-71.755,70568.000
2016-03-21,-71.095,-65.735,-71.105,-65.775,38547.000
2016-03-22,-65.495,-59.575,-66.255,-63.265,41766.000
2016-03-23,-62.555,-60.755,-65.075,-62.785,21412.000
2016-03-24,-62.755,-52.355,-66.455,-55.095,62068.000
2016-03-25,-55.255,-47.965,-56.735,-52.775,44756.000
2016-03-28,-52.775,-44.375,-52.775,-48.175,48337.000
2016-03-29,-48.155,-46.755,-53.315,-49.645,36688.000
2016-03-30,-48.755,-47.355,-52.275,-49.095,27782.000
2016-03-31,-47.915,-47.455,-50.765,-50.115,19457.000
2016-04-01,-48.805,-47.265,-53.215,-52.665,25146.000
2016-04-05,-54.755,-50.255,-54.755,-52.235,25047.000
2016-04-06,-51.955,-40.155,-51.955,-40.545,48424.000
2016-04-07,-40.865,-40.275,-45.135,-43.645,25536.000
2016-04-08,-45.755,-41.865,-49.555,-47.895,23156.000
2016-04-11,-47.255,-42.575,-54.255,-54.035,119284.000
2016-04-12,-54.055,-52.755,-55.655,-52.835,23339.000
2016-04-13,-52.355,-49.125,-56.055,-55.515,54274.000
2016-04-14,-55.375,-52.925,-56.755,-54.995,28664.000
2016-04-15,-55.115,-52.775,-56.555,-52.855,19029.000
2016-04-18,-54.955,-51.755,-55.255,-54.075,18593.000
2016-04-19,-53.165,-52.565,-56.305,-54.575,14236.000
2016-04-20,-54.565,-53.355,-61.955,-59.315,33708.000
2016-04-21,-57.255,-55.455,-59.455,-57.385,29672.000
2016-04-22,-56.755,-49.875,-57.385,-50.355,35459.000
2016-04-25,-50.635,-49.655,-54.455,-53.235,24990.000
2016-04-26,-52.805,-50.875,-54.755,-53.895,15156.000
2016-04-27,-53.255,-52.275,-54.265,-52.875,13915.000
2016-04-28,-51.925,-51.015,-53.755,-51.315,17156.000
2016-04-29,-50.365,-45.325,-50.365,-46.555,46079.000
2016-05-03,-47.205,-35.475,-47.205,-37.755,56474.000
2016-05-04,-37.755,-35.365,-41.765,-41.545,28636.000
2016-05-05,-41.255,-39.605,-42.255,-39.985,13517.000
2016-05-06,-40.445,-39.235,-46.635,-45.535,27173.000
2016-05-09,-47.625,-44.955,-48.745,-46.935,27799.000
2016-05-10,-48.255,-43.755,-48.645,-45.675,33505.000
2016-05-11,-45.405,-37.275,-45.405,-40.885,49277.000
2016-05-12,-43.735,-41.195,-45.755,-41.795,18894.000
2016-05-13,-41.775,-38.855,-47.255,-46.795,28145.000
2016-05-16,-46.895,-45.955,-50.455,-46.125,22202.000
2016-05-17,-46.745,-45.355,-47.925,-47.725,11785.000
2016-05-18,-48.675,-45.905,-54.655,-53.315,28380.000
2016-05-19,-52.595,-49.255,-53.255,-51.985,20889.000
2016-05-20,-50.915,-45.575,-53.435,-46.495,25501.000
2016-05-23,-48.035,-42.765,-48.035,-43.555,18706.000
2016-05-24,-43.345,-42.545,-47.655,-45.815,11674.000
2016-05-25,-43.275,-42.815,-46.745,-45.895,17785.000
2016-05-26,-45.765,-43.955,-48.555,-45.045,18120.000
2016-05-27,-45.035,-43.065,-46.375,-45.315,13230.000
2016-05-30,-46.255,-41.255,-47.755,-41.625,29806.000
2016-05-31,-41.755,-31.135,-42.555,-33.285,53949.000
2016-06-01,-32.355,-32.255,-34.755,-33.965,21876.000
2016-06-02,-34.745,-29.075,-34.745,-30.015,24760.000
2016-06-03,-30.755,-11.015,-31.355,-13.865,64798.000
2016-06-06,-15.755,-14.755,-22.755,-21.705,37261.000
2016-06-07,-21.255,-19.265,-22.745,-19.905,18753.000
2016-06-08,-21.355,-19.895,-24.255,-23.475,23882.000
2016-06-13,-24.405,-21.095,-31.505,-30.695,37775.000
2016-06-14,-30.045,-23.955,-30.045,-25.005,25587.000
2016-06-15,-27.045,-19.955,-27.545,-21.265,27322.000
2016-06-16,-22.895,-19.955,-23.975,-23.735,19643.000
2016-06-17,-24.155,-15.265,-24.155,-19.495,24705.000
2016-06-20,-17.985,-17.895,-23.755,-21.645,19019.000
2016-06-21,-20.715,-19.815,-24.755,-23.945,16749.000
2016-06-22,-23.985,-18.395,-24.985,-19.315,20884.000
2016-06-23,-17.785,-17.785,-22.875,-21.315,13984.000
2016-06-24,-22.475,-20.755,-30.555,-23.985,20129.000
2016-06-27,-22.755,-5.455,-22.755,-10.075,63642.000
2016-06-28,-10.735,-8.095,-11.435,-9.545,24282.000
2016-06-29,-10.205,-8.305,-13.555,-9.575,28147.000
2016-06-30,-7.735,0.445,-7.735,-5.835,38022.000
2016-07-01,-4.384,0.296,-7.584,-5.414,26014.000
2016-07-04,-4.584,3.816,-5.584,2.316,29488.000
2016-07-05,3.446,11.516,3.446,8.996,41707.000
2016-07-06,8.216,26.416,7.426,25.606,47347.000
2016-07-07,24.216,35.216,20.496,25.326,50725.000
2016-07-08,21.946,23.916,14.576,18.326,45545.000
2016-07-11,17.446,32.416,17.446,23.556,57481.000
2016-07-12,24.176,35.016,23.416,33.146,53119.000
2016-07-13,31.446,33.146,23.466,25.606,53448.000
2016-07-14,24.506,29.216,23.616,25.506,29230.000
2016-07-15,25.536,26.446,23.476,25.936,26811.000
2016-07-18,25.916,27.916,24.076,24.626,23352.000
2016-07-19,23.916,24.716,13.966,16.526,41431.000
2016-07-20,17.036,19.286,15.916,16.976,17733.000
2016-07-21,18.566,26.016,17.416,22.796,33009.000
2016-07-22,21.316,23.616,15.796,16.336,28871.000
2016-07-25,16.016,22.606,15.416,19.676,23623.000
2016-07-26,17.426,27.916,16.916,27.456,35555.000
2016-07-27,28.266,29.016,16.716,22.426,39228.000
2016-07-28,20.416,27.716,19.916,24.466,39643.000
2016-07-29,23.496,27.296,21.416,21.566,29007.000
2016-08-01,21.416,22.366,13.416,15.376,31701.000
2016-08-02,15.666,18.916,11.266,14.626,26541.000
2016-08-03,15.416,16.316,12.566,15.236,24039.000
2016-08-04,15.266,16.746,12.636,14.716,21793.000
2016-08-05,14.906,16.786,13.446,14.346,20308.000
2016-08-08,14.566,16.716,11.476,16.516,22007.000
2016-08-09,16.586,26.086,14.836,24.166,39289.000
2016-08-10,23.466,24.916,21.746,22.226,20944.000
2016-08-11,22.796,29.986,22.426,25.186,31939.000
2016-08-12,25.816,25.816,22.426,25.386,23352.000
2016-08-15,24.216,30.106,22.566,27.196,34110.000
2016-08-16,30.416,30.896,16.416,17.936,88378.000
2016-08-17,18.016,19.386,14.916,16.576,43754.000
2016-08-18,16.366,18.066,13.546,14.846,31005.000
2016-08-19,14.216,15.866,13.216,14.896,19140.000
2016-08-22,14.546,17.996,14.416,15.736,20812.000
2016-08-23,15.746,17.456,14.216,15.296,19914.000
2016-08-24,15.436,15.906,12.246,13.696,22779.000
2016-08-25,13.616,13.796,8.486,11.426,25362.000
2016-08-26,11.556,12.966,8.816,9.866,21436.000
2016-08-29,16.416,17.216,13.616,15.946,38055.000
2016-08-30,15.416,16.916,13.086,14.276,21170.000
2016-08-31,15.116,19.176,13.956,18.606,40401.000
2016-09-01,18.116,20.416,16.666,17.126,17185.000
2016-09-02,16.416,17.866,13.296,14.196,18572.000
2016-09-05,14.616,17.416,14.226,16.916,19138.000
2016-09-06,16.916,18.776,16.766,18.356,20625.000
2016-09-07,18.096,18.096,13.916,15.016,29645.000
2016-09-08,13.626,14.916,12.826,14.236,16705.000
2016-09-09,15.066,15.276,12.416,13.046,16222.000
2016-09-12,10.416,12.416,6.186,6.476,38238.000
2016-09-13,8.366,9.386,7.716,8.846,16255.000
2016-09-14,8.516,10.616,6.426,7.986,18527.000
2016-09-19,8.466,9.986,8.296,8.546,12852.000
2016-09-20,9.196,9.216,2.416,3.376,34892.000
2016-09-21,3.476,3.806,-2.474,2.466,39037.000
2016-09-22,2.716,8.396,2.426,5.396,29606.000
2016-09-23,5.436,7.366,3.816,6.096,12671.000
2016-09-26,5.416,5.426,-3.034,-2.854,37176.000
2016-09-27,-2.704,0.396,-2.824,-0.414,17915.000
2016-09-28,0.206,0.206,-4.024,-3.174,22360.000
2016-09-29,-3.734,1.416,-3.734,-0.604,23705.000
2016-09-30,-1.584,8.046,-1.584,6.326,29603.000
2016-10-10,6.926,12.276,6.926,11.376,21103.000
2016-10-11,12.416,17.416,11.416,17.336,41736.000
2016-10-12,16.916,16.916,13.316,14.236,19286.000
2016-10-13,15.216,15.356,11.926,12.306,16143.000
2016-10-14,11.886,14.416,11.616,14.016,12690.000
2016-10-17,13.866,13.916,9.916,10.866,18957.000
2016-10-18,10.916,16.916,10.416,15.576,30389.000
2016-10-19,16.916,17.166,13.516,14.866,14123.000
2016-10-20,15.806,15.806,13.216,13.896,14079.000
2016-10-21,13.496,13.896,11.006,12.606,11483.000
2016-10-24,11.016,15.416,11.016,15.346,26246.000
2016-10-25,15.806,21.416,15.806,21.356,43762.000
2016-10-26,21.416,26.726,20.066,22.096,46813.000
2016-10-27,21.406,26.636,19.426,25.286,32951.000
2016-10-28,25.916,26.846,22.416,25.466,20137.000
2016-10-31,27.416,31.216,25.216,26.366,43596.000
2016-11-01,26.366,27.416,23.966,25.096,19512.000
2016-11-02,24.506,25.576,22.096,23.596,20636.000
2016-11-03,23.416,24.876,22.566,24.276,18690.000
2016-11-04,24.406,26.666,22.396,23.236,20619.000
2016-11-07,23.416,25.416,21.616,23.746,16047.000
2016-11-08,24.916,30.596,24.096,28.416,34193.000
2016-11-09,28.416,30.386,22.216,25.226,30004.000
2016-11-10,27.516,29.416,26.146,27.546,17804.000
2016-11-11,26.406,26.716,23.216,23.496,35902.000
2016-11-14,23.966,24.286,18.406,19.406,39920.000
2016-11-15,18.446,24.066,18.446,22.426,24470.000
2016-11-16,22.226,23.816,20.416,21.566,13399.000
2016-11-17,20.496,21.416,18.946,19.456,18337.000
2016-11-18,19.576,20.216,18.296,18.416,19377.000
2016-11-21,19.436,20.076,16.786,17.916,26083.000
2016-11-22,18.716,18.866,16.786,17.286,26424.000
2016-11-23,19.416,21.416,17.526,21.366,34015.000
2016-11-24,21.616,25.416,19.836,25.346,39078.000
2016-11-25,25.456,26.416,21.836,25.306,22369.000
2016-11-28,25.966,28.596,25.016,27.916,49253.000
2016-11-29,29.116,38.866,27.826,32.376,58830.000
2016-11-30,29.636,31.716,26.866,27.496,26752.000
2016-12-01,28.416,33.006,27.096,29.436,27941.000
2016-12-02,29.416,31.616,27.416,30.186,30628.000
2016-12-05,27.616,32.956,24.236,24.346,42060.000
2016-12-06,24.646,34.996,24.646,34.836,38923.000
2016-12-07,35.536,36.916,32.386,35.866,25271.000
2016-12-08,36.426,48.416,35.416,46.126,54475.000
2016-12-09,45.616,47.836,42.436,46.176,34495.000
2016-12-12,46.116,48.416,34.116,35.276,50332.000
2016-12-13,35.256,43.416,33.916,41.426,41780.000
2016-12-14,41.416,42.486,36.916,40.686,32029.000
2016-12-15,40.876,41.406,33.996,36.466,39202.000
2016-12-16,35.416,38.296,31.996,35.996,25051.000
2016-12-19,34.416,42.786,34.026,34.376,30471.000
2016-12-20,34.456,35.416,30.226,34.896,30831.000
2016-12-21,35.316,37.706,31.976,37.076,24711.000
2016-12-22,36.416,36.876,33.296,33.616,14678.000
2016-12-23,31.966,32.916,27.546,28.446,31095.000
2016-12-26,27.446,33.406,24.616,32.896,26001.000
2016-12-27,32.926,37.216,31.916,34.576,20062.000
2016-12-28,35.406,36.416,31.746,32.136,17878.000
2016-12-29,32.416,36.286,31.416,35.726,21225.000
2016-12-30,35.026,43.706,35.026,42.566,34687.000
2017-01-03,42.696,45.416,41.226,42.976,20763.000
2017-01-04,43.036,60.586,43.016,60.326,65257.000
2017-01-05,58.416,59.866,53.856,55.156,41704.000
2017-01-06,55.056,68.196,54.516,59.176,68095.000
2017-01-09,56.216,61.296,54.956,56.926,35405.000
2017-01-10,56.866,60.416,55.016,57.416,31727.000
2017-01-11,56.416,56.416,51.916,53.866,23598.000
2017-01-12,54.966,55.816,52.926,55.466,17779.000
2017-01-13,55.396,55.806,52.296,53.286,18282.000
2017-01-16,52.546,53.216,47.216,49.886,36855.000
2017-01-17,51.016,59.916,50.416,57.546,35188.000
2017-01-18,57.296,65.186,55.626,63.496,46005.000
2017-01-19,63.416,66.896,60.116,63.136,28523.000
2017-01-20,63.316,65.816,61.446,63.406,21344.000
2017-01-23,65.296,68.216,57.876,59.636,32581.000
2017-01-24,59.686,61.216,55.166,58.726,26914.000
2017-01-25,58.396,58.396,54.616,56.046,22990.000
2017-01-26,56.556,57.216,49.716,52.836,37826.000
2017-02-03,54.416,57.596,53.416,55.266,20936.000
2017-02-06,56.906,57.306,53.376,55.266,15680.000
2017-02-07,55.256,55.816,51.556,51.996,20519.000
2017-02-08,52.176,53.916,51.086,52.626,19088.000
2017-02-09,53.416,57.206,53.026,56.026,23324.000
2017-02-10,57.036,58.236,53.416,53.496,24056.000
2017-02-13,52.416,60.316,50.336,58.166,53587.000
2017-02-14,57.956,61.016,57.516,58.626,26558.000
2017-02-15,59.916,60.856,55.616,56.946,26256.000
2017-02-16,56.916,57.036,53.926,56.506,17642.000
2017-02-17,57.316,62.856,55.916,58.976,29102.000
2017-02-20,58.826,70.736,58.426,69.706,61853.000
2017-02-21,70.296,70.846,65.596,67.156,27705.000
2017-02-22,69.026,74.936,68.416,70.306,37130.000
2017-02-23,69.386,73.896,68.176,70.116,23328.000
2017-02-24,70.416,71.306,68.466,71.036,17692.000
2017-02-27,70.906,71.266,65.216,65.616,25400.000
2017-02-28,65.416,67.616,61.996,63.076,27473.000
2017-03-01,63.516,66.616,63.416,65.026,21944.000
2017-03-02,65.126,65.416,62.946,65.236,22103.000
2017-03-03,63.416,66.636,63.416,64.956,14153.000
2017-03-06,66.076,67.956,64.966,67.376,22818.000
2017-03-07,66.446,77.296,66.446,75.616,46286.000
2017-03-08,75.596,76.906,73.916,75.696,16037.000
2017-03-09,75.416,78.396,73.976,78.316,23406.000
2017-03-10,78.336,85.416,76.776,78.266,40951.000
2017-03-13,78.466,82.746,75.946,79.966,27674.000
2017-03-14,79.966,82.266,76.756,77.916,20416.000
2017-03-15,77.916,83.566,77.426,83.096,25155.000
2017-03-16,84.976,86.716,81.216,83.186,25022.000
2017-03-17,81.516,92.866,81.516,86.896,34700.000
2017-03-20,88.916,95.126,87.296,94.826,31545.000
2017-03-21,94.966,104.916,94.916,102.426,48460.000
2017-03-22,98.946,103.016,93.416,102.896,45532.000
2017-03-23,100.446,102.406,95.016,98.206,34504.000
2017-03-24,100.736,101.636,93.416,95.236,33287.000
2017-03-27,94.446,97.676,86.806,87.236,53690.000
2017-03-28,88.366,89.566,85.076,88.676,41187.000
2017-03-29,89.426,94.216,88.316,92.066,37299.000
2017-03-30,91.416,95.306,91.016,94.556,31612.000
2017-03-31,94.616,96.416,92.596,94.776,24474.000
2017-04-05,94.076,103.406,93.416,98.076,40789.000
2017-04-06,97.426,101.416,95.046,100.326,28857.000
2017-04-07,101.406,102.416,98.016,101.286,24097.000
2017-04-10,102.416,102.416,96.416,97.616,28869.000
2017-04-11,96.466,99.116,89.016,93.706,43530.000
2017-04-12,93.706,99.416,93.216,98.646,27002.000
2017-04-13,99.196,107.006,98.926,106.806,45648.000
2017-04-14,107.846,108.296,103.416,103.866,23646.000
2017-04-17,99.416,106.696,96.966,104.206,28793.000
2017-04-18,103.016,114.966,103.016,113.066,49581.000
2017-04-19,111.416,117.516,111.276,114.156,37550.000
2017-04-20,114.506,128.846,114.506,123.726,50457.000
2017-04-21,123.416,124.016,108.416,108.946,49332.000
2017-04-24,109.036,113.416,97.416,106.966,50037.000
2017-04-25,113.216,128.586,113.216,127.306,76192.000
2017-04-26,127.266,137.096,121.426,126.376,56624.000
2017-04-27,123.946,130.386,118.846,129.856,28240.000
2017-04-28,130.406,131.416,118.316,121.896,49505.000
2017-05-02,120.016,123.416,117.596,120.496,23291.000
2017-05-03,119.416,126.076,119.416,126.026,20267.000
2017-05-04,123.046,126.896,123.046,124.416,26709.000
2017-05-05,124.616,131.196,123.516,124.606,37437.000
2017-05-08,124.596,125.416,113.136,113.896,40721.000
2017-05-09,112.856,118.296,106.416,117.176,52801.000
2017-05-10,116.816,122.856,115.436,118.506,26039.000
2017-05-11,116.816,123.116,114.926,120.576,30467.000
2017-05-12,122.006,123.716,118.426,121.886,22337.000
2017-05-15,121.536,128.766,121.536,127.966,33447.000
2017-05-16,128.016,139.636,126.676,138.536,50164.000
2017-05-17,137.416,138.606,133.296,135.016,27515.000
2017-05-18,133.466,139.116,133.426,137.956,24300.000
2017-05-19,137.986,150.216,137.986,149.236,38310.000
2017-05-22,147.456,154.426,144.616,150.196,35321.000
2017-05-23,150.666,162.886,150.666,162.616,48454.000
2017-05-24,161.316,164.896,154.416,158.736,40226.000
2017-05-25,157.126,161.376,155.916,159.016,28898.000
2017-05-26,159.236,164.016,156.416,160.336,27386.000
2017-05-31,158.416,158.916,148.526,151.356,44312.000
2017-06-01,150.916,158.366,149.426,157.696,40604.000
2017-06-02,158.416,159.366,154.016,155.726,21785.000
2017-06-05,156.456,157.416,150.766,152.826,19241.000
2017-06-06,153.386,157.416,152.616,157.236,20402.000
2017-06-07,157.536,168.416,157.536,167.786,38834.000
2017-06-08,169.736,172.816,166.916,172.726,28951.000
2017-06-09,172.656,179.216,171.416,174.156,31430.000
2017-06-12,175.416,183.856,173.416,181.296,35109.000
2017-06-13,181.466,182.916,175.416,181.456,24237.000
2017-06-14,181.206,185.916,178.896,182.806,33768.000
2017-06-15,183.416,183.896,172.416,172.716,50202.000
2017-06-16,169.916,175.906,169.676,171.046,33331.000
2017-06-19,170.376,178.806,170.376,178.586,38536.000
2017-06-20,181.416,183.296,174.076,174.716,34505.000
2017-06-21,177.966,181.416,174.446,181.126,42038.000
2017-06-22,181.436,186.346,179.616,181.166,38242.000
2017-06-23,181.276,183.296,176.746,181.146,31303.000
2017-06-26,181.426,193.416,180.416,193.096,52932.000
2017-06-27,191.236,193.416,189.266,192.516,27980.000
2017-06-28,192.506,192.506,181.416,183.716,37728.000
2017-06-29,184.716,185.766,178.416,181.426,35092.000
2017-06-30,179.926,182.576,176.216,180.266,22427.000
2017-07-03,182.616,182.616,166.316,168.786,49628.000
2017-07-04,167.376,168.416,157.416,160.336,56488.000
2017-07-05,161.426,168.746,161.426,168.546,37540.000
2017-07-06,166.526,168.616,159.016,164.396,42044.000
2017-07-07,166.253,166.303,156.403,161.173,37796.000
2017-07-10,162.083,170.103,158.173,169.673,36624.000
2017-07-11,169.703,179.783,169.203,178.333,44601.000
2017-07-12,181.003,181.193,170.203,172.673,28950.000
2017-07-13,170.553,177.113,168.883,171.363,25951.000
2017-07-14,171.453,173.963,168.253,171.613,17726.000
2017-07-17,172.243,173.243,161.483,165.273,35263.000
2017-07-18,167.193,169.193,163.203,167.753,30684.000
2017-07-19,169.203,178.823,168.003,172.063,56259.000
2017-07-20,171.063,182.093,171.063,181.673,46634.000
2017-07-21,182.163,190.213,178.863,188.403,46792.000
2017-07-24,190.083,200.553,190.083,193.003,42716.000
2017-07-25,197.403,198.003,191.303,193.163,21929.000
2017-07-26,193.253,196.833,181.763,186.833,31470.000
2017-07-27,186.833,191.053,186.303,189.073,19595.000
2017-07-28,186.203,199.273,182.913,199.123,46618.000
2017-07-31,199.203,203.163,196.203,196.423,38412.000
2017-08-01,196.203,198.203,192.603,195.443,27501.000
2017-08-02,195.243,200.083,193.713,198.043,26774.000
2017-08-03,198.883,202.053,190.833,192.423,31768.000
2017-08-04,192.203,194.183,187.803,188.843,18681.000
2017-08-07,187.703,197.603,186.333,196.763,23099.000
2017-08-08,197.203,199.423,194.703,197.783,16051.000
2017-08-09,200.043,208.183,197.233,206.053,41794.000
2017-08-10,206.293,214.803,204.203,206.833,35364.000
2017-08-11,204.203,211.753,198.683,199.263,36572.000
2017-08-14,200.413,215.303,200.413,215.033,39331.000
2017-08-15,215.313,216.303,210.213,211.173,27163.000
2017-08-16,213.203,214.003,208.203,211.693,18587.000
2017-08-17,212.803,212.803,205.003,207.893,25846.000
2017-08-18,208.003,209.643,203.203,204.853,23857.000
2017-08-21,203.203,209.603,202.143,204.933,23546.000
2017-08-22,202.603,204.683,191.203,202.423,42457.000
2017-08-23,200.653,209.833,199.523,209.213,27214.000
2017-08-24,209.193,211.603,207.223,208.013,18156.000
2017-08-25,208.653,209.453,204.523,208.193,17297.000
2017-08-28,208.203,212.493,206.233,207.243,29021.000
2017-08-29,208.223,210.083,203.213,204.643,25176.000
2017-08-30,204.903,208.953,204.363,208.173,18503.000
2017-08-31,209.243,210.083,205.003,206.353,18736.000
2017-09-01,205.403,211.483,205.233,210.383,31451.000
2017-09-04,210.383,211.863,206.473,207.623,18931.000
2017-09-05,208.083,209.193,204.703,205.193,22622.000
2017-09-06,205.203,207.973,200.043,200.183,33006.000
2017-09-07,200.513,202.103,195.263,196.473,33320.000
2017-09-08,193.453,195.703,189.203,189.573,41173.000
2017-09-11,186.293,197.423,185.183,193.523,45374.000
2017-09-12,194.703,201.203,193.603,200.113,34341.000
2017-09-13,200.203,207.403,196.583,206.833,33075.000
2017-09-14,208.193,209.233,204.193,205.913,19399.000
2017-09-15,207.703,207.703,203.203,205.043,16039.000
2017-09-18,205.343,215.703,205.343,214.173,42206.000
2017-09-19,215.503,217.703,211.213,212.153,23054.000
2017-09-20,212.103,215.223,211.203,211.403,17318.000
2017-09-21,211.143,215.783,208.083,213.973,19402.000
2017-09-22,212.103,215.383,211.003,215.133,16343.000
2017-09-25,215.513,223.403,215.503,222.443,32697.000
2017-09-26,221.893,225.203,218.803,224.493,25470.000
2017-09-27,224.123,226.233,221.273,223.413,16671.000
2017-09-28,222.403,235.403,222.353,233.663,25969.000
2017-09-29,231.203,241.083,230.703,232.843,22436.000
2017-10-09,239.743,250.753,235.303,242.973,34891.000
2017-10-10,242.253,255.693,242.213,255.263,31006.000
2017-10-11,253.303,266.453,253.303,260.743,33406.000
2017-10-12,260.203,262.703,255.383,259.293,19646.000
2017-10-13,260.203,271.803,257.213,271.353,27858.000
2017-10-16,275.193,281.863,271.073,275.893,29909.000
2017-10-17,276.173,276.173,269.203,271.933,20977.000
2017-10-18,269.403,277.793,269.403,275.923,19178.000
2017-10-19,276.203,300.353,275.923,297.803,40658.000
2017-10-20,296.203,296.203,286.963,289.533,31534.000
2017-10-23,290.123,295.703,283.203,288.613,23771.000
2017-10-24,287.203,289.003,278.813,282.533,31274.000
2017-10-25,284.953,286.883,277.263,280.873,25076.000
2017-10-26,320.203,328.203,307.113,320.293,115434.000
2017-10-27,317.313,370.203,315.233,364.833,84383.000
2017-10-30,358.253,359.203,336.203,337.283,81007.000
2017-10-31,337.213,342.803,327.083,333.233,51875.000
2017-11-01,336.083,346.743,334.423,338.213,43435.000
2017-11-02,342.153,344.983,336.203,342.123,34249.000
2017-11-03,343.853,358.643,343.853,354.373,48188.000
2017-11-06,356.703,372.823,355.403,368.263,48513.000
2017-11-07,365.783,372.353,353.383,357.273,55564.000
2017-11-08,357.533,369.703,357.533,365.583,43951.000
2017-11-09,363.203,369.353,359.813,365.273,33641.000
2017-11-10,365.633,398.603,365.633,393.153,74078.000
2017-11-13,395.203,407.983,391.003,403.083,49869.000
2017-11-14,402.343,402.423,392.553,393.953,46366.000
2017-11-15,393.953,405.193,389.203,403.283,45036.000
2017-11-16,401.213,435.163,401.213,434.313,60716.000
2017-11-17,411.203,424.203,392.973,405.453,123861.000
2017-11-20,392.003,400.803,375.203,394.353,88305.000
2017-11-21,384.203,404.003,377.223,392.453,96016.000
2017-11-22,392.203,403.203,365.203,365.723,128498.000
2017-11-23,357.203,361.203,345.423,348.933,109599.000
2017-11-24,351.103,357.703,337.433,345.243,76541.000
2017-11-27,349.203,351.533,328.213,336.493,63548.000
2017-11-28,340.263,364.083,339.203,363.433,70291.000
2017-11-29,365.143,367.173,349.213,353.323,46763.000
2017-11-30,350.713,363.683,341.203,346.203,38019.000
2017-12-01,353.213,354.193,335.333,337.553,47192.000
2017-12-04,339.153,359.303,331.923,352.993,54267.000
2017-12-05,349.203,362.603,345.333,348.163,47465.000
2017-12-06,346.703,359.303,335.203,340.213,58174.000
2017-12-07,340.153,340.193,330.463,331.893,51032.000
2017-12-08,330.623,344.053,330.623,342.483,45503.000
2017-12-11,346.203,367.153,346.203,366.193,72849.000
2017-12-12,373.903,373.973,366.223,366.523,47889.000
2017-12-13,370.193,385.203,365.923,383.413,48502.000
2017-12-14,385.183,386.503,375.703,379.753,31967.000
2017-12-15,379.203,383.153,365.983,368.993,32255.000
2017-12-18,375.203,385.003,373.783,380.973,39162.000
2017-12-19,378.203,387.643,376.203,382.293,44072.000
2017-12-20,385.103,402.063,379.233,400.113,63601.000
2017-12-21,398.203,402.623,390.703,396.943,46680.000
2017-12-22,395.203,401.103,392.213,398.123,28317.000
2017-12-25,401.203,411.503,398.923,403.323,36214.000
2017-12-26,403.383,408.193,391.703,396.013,31867.000
2017-12-27,400.063,400.063,377.703,379.383,37722.000
2017-12-28,402.203,435.103,386.523,433.893,124141.000
2017-12-29,433.203,441.703,406.803,412.693,76038.000
2018-01-02,415.203,425.363,405.093,419.053,49612.000
2018-01-03,416.703,436.603,414.943,431.063,52019.000
2018-01-04,436.603,458.703,434.533,452.273,72205.000
2018-01-05,456.203,461.233,443.423,453.563,39989.000
2018-01-08,450.223,471.703,450.223,467.333,52204.000
2018-01-09,467.413,498.203,467.413,497.723,64591.000
2018-01-10,500.203,504.083,488.683,500.913,47714.000
2018-01-11,502.203,503.203,487.203,490.013,50656.000
2018-01-12,488.973,504.003,482.223,503.623,45988.000
2018-01-15,508.663,514.263,494.223,500.573,52473.000
2018-01-16,495.683,503.813,483.203,488.143,65428.000
2018-01-17,485.203,489.203,453.713,463.133,90709.000
2018-01-18,463.133,480.203,459.293,465.943,58978.000
2018-01-19,468.103,474.103,454.223,465.383,50925.000
2018-01-22,467.013,489.203,467.013,488.843,67126.000
2018-01-23,493.013,495.203,483.803,488.983,49549.000
2018-01-24,491.643,491.663,473.803,479.663,43298.000
2018-01-25,476.203,491.203,466.203,484.363,50040.000
2018-01-26,482.443,492.603,479.203,492.423,43978.000
2018-01-29,493.963,494.873,450.203,451.523,74535.000
2018-01-30,451.203,463.973,445.223,457.283,51911.000
2018-01-31,454.203,486.913,454.203,479.743,60402.000
2018-02-01,482.203,482.503,468.123,472.933,50582.000
2018-02-02,467.423,468.433,440.203,455.603,75420.000
2018-02-05,442.423,445.163,420.803,433.433,98995.000
2018-02-06,418.203,437.803,418.203,424.063,88168.000
2018-02-07,435.203,439.083,397.213,398.633,88289.000
2018-02-08,397.403,433.203,397.403,416.193,83409.000
2018-02-09,395.203,405.093,373.203,398.633,105578.000
2018-02-12,406.203,420.703,400.403,412.683,64179.000
2018-02-13,420.223,430.023,419.703,427.183,53389.000
2018-02-14,435.203,435.203,427.423,433.653,30652.000
2018-02-22,442.503,459.203,438.443,457.653,50764.000
2018-02-23,462.203,471.763,452.203,457.683,38158.000
2018-02-26,462.083,467.253,448.223,458.713,43658.000
2018-02-27,464.203,471.203,452.423,453.183,42601.000
2018-02-28,447.203,457.503,434.203,440.823,48330.000
2018-03-01,443.203,462.053,438.973,457.173,44794.000
2018-03-02,453.203,458.763,445.203,451.613,25991.000
2018-03-05,453.383,457.203,432.233,435.313,37234.000
2018-03-06,440.203,442.803,412.333,433.463,64570.000
2018-03-07,430.203,439.203,424.193,425.243,34595.000
2018-03-08,429.203,439.203,423.203,437.963,35349.000
2018-03-09,442.753,447.773,438.703,443.403,30171.000
2018-03-12,444.753,449.123,437.973,439.153,39888.000
2018-03-13,438.203,441.803,425.203,425.553,38577.000
2018-03-14,424.873,443.283,422.423,442.083,37355.000
2018-03-15,443.223,462.203,443.223,461.673,56148.000
2018-03-16,462.803,469.183,454.083,455.053,35855.000
2018-03-19,459.173,469.193,454.203,468.683,38666.000
2018-03-20,465.203,467.203,455.203,462.933,28877.000
2018-03-21,465.313,468.313,455.203,457.203,26742.000
2018-03-22,459.203,463.203,439.213,441.283,37486.000
2018-03-23,416.203,438.693,415.283,426.263,52546.000
2018-03-26,423.203,430.263,417.083,428.693,46256.000
2018-03-27,438.203,441.083,419.203,429.943,47548.000
2018-03-28,415.173,418.203,384.203,397.253,113539.000
2018-03-29,397.403,413.053,373.613,404.303,79081.000
2018-03-30,401.203,408.703,395.083,398.823,36540.000
2018-04-02,395.203,406.203,389.313,395.263,32039.000
2018-04-03,393.203,402.203,390.593,393.113,40235.000
2018-04-04,397.203,415.633,395.583,409.213,56891.000
2018-04-09,412.303,420.633,405.353,413.503,30833.000
2018-04-10,420.003,423.703,413.663,423.223,32043.000
2018-04-11,425.203,429.983,418.223,420.563,25723.000
2018-04-12,419.203,422.083,407.423,409.403,30713.000
2018-04-13,413.703,416.203,400.283,402.063,27549.000
2018-04-16,395.783,402.053,392.203,396.583,32939.000
2018-04-17,400.203,400.583,380.803,381.403,35172.000
2018-04-18,386.203,386.203,360.203,370.843,62616.000
2018-04-19,375.053,395.203,371.863,395.163,44207.000
2018-04-20,396.203,409.203,383.433,385.463,41511.000
2018-04-23,381.213,395.533,381.213,389.213,32659.000
2018-04-24,391.203,408.703,390.203,405.083,47282.000
2018-04-25,404.203,407.203,398.223,406.173,25252.000
2018-04-26,407.203,407.483,388.203,393.433,35047.000
2018-04-27,400.453,403.563,370.203,377.733,57915.000
2018-05-02,375.203,384.193,360.263,383.033,70259.000
2018-05-03,381.203,388.883,373.203,386.083,36326.000
2018-05-04,386.183,390.033,375.773,378.073,37375.000
2018-05-07,375.153,417.083,372.973,413.373,85591.000
2018-05-08,413.233,427.333,413.233,424.033,62497.000
2018-05-09,424.283,427.503,412.323,417.153,32331.000
2018-05-10,418.703,431.203,418.703,429.393,39293.000
2018-05-11,433.893,445.703,430.903,433.223,39141.000
2018-05-14,439.203,458.203,439.203,457.613,51014.000
2018-05-15,461.203,461.643,449.203,458.263,38055.000
2018-05-16,455.203,460.863,448.483,449.723,30795.000
2018-05-17,450.323,452.703,439.203,442.583,28517.000
2018-05-18,439.193,456.203,436.393,454.523,29255.000
2018-05-21,459.203,462.503,447.683,450.023,29059.000
2018-05-22,450.423,455.043,445.223,454.773,16998.000
2018-05-23,455.203,455.203,438.783,438.983,28268.000
2018-05-24,435.203,443.863,428.203,430.603,30416.000
2018-05-25,427.203,442.203,427.203,432.063,26511.000
2018-05-28,433.203,455.863,430.323,455.603,42805.000
2018-05-29,454.003,465.203,446.483,446.633,40820.000
2018-05-30,442.423,452.503,435.253,441.073,37147.000
2018-05-31,445.453,466.823,445.443,466.333,71852.000
2018-06-01,466.333,470.183,453.963,460.313,36177.000
2018-06-04,467.553,498.103,461.083,497.173,73805.000
2018-06-05,501.703,509.903,492.433,503.253,52629.000
2018-06-06,503.203,516.153,497.503,500.953,48969.000
2018-06-07,505.183,510.753,494.103,496.173,39167.000
2018-06-08,495.203,501.103,485.203,493.153,34958.000
2018-06-11,491.253,501.203,483.533,490.933,36547.000
2018-06-12,493.203,518.703,491.703,514.393,55287.000
2018-06-13,515.203,517.823,504.083,505.533,35244.000
2018-06-14,505.203,509.003,490.383,501.333,36159.000
2018-06-15,499.402,504.782,495.302,499.532,31707.000
2018-06-19,495.202,495.202,463.202,464.202,60195.000
2018-06-20,467.202,491.202,467.202,489.792,45838.000
2018-06-21,491.422,505.092,484.972,485.522,39182.000
2018-06-22,480.202,493.202,476.202,492.732,28854.000
2018-06-25,492.202,505.172,491.102,491.762,32934.000
2018-06-26,491.512,496.082,473.202,481.002,46577.000
2018-06-27,478.202,483.202,447.202,448.642,57298.000
2018-06-28,440.202,445.202,423.202,437.132,50833.000
2018-06-29,438.502,458.502,431.202,457.662,32929.000
2018-07-02,460.722,465.532,429.202,437.752,37558.000
2018-07-03,435.962,441.982,404.432,421.122,82837.000
2018-07-04,418.202,426.202,414.202,417.112,37990.000
2018-07-05,426.202,442.402,426.202,428.592,47123.000
2018-07-06,433.202,447.132,425.462,440.322,44156.000
2018-07-09,446.232,456.062,445.932,453.442,40572.000
2018-07-10,455.202,457.702,439.532,451.962,29010.000
2018-07-11,436.202,450.202,428.422,445.782,24278.000
2018-07-12,444.202,467.372,444.202,463.742,40170.000
2018-07-13,468.502,474.302,461.322,473.192,28907.000
2018-07-16,478.502,490.312,477.232,480.882,32474.000
2018-07-17,483.202,483.202,462.222,468.632,27806.000
2018-07-18,468.632,475.892,461.202,463.642,24521.000
2018-07-19,465.202,470.152,461.222,467.152,18078.000
2018-07-20,467.702,469.332,454.202,467.332,30548.000
2018-07-23,462.202,467.352,446.212,458.272,35969.000
2018-07-24,458.882,473.502,449.202,471.602,41808.000
2018-07-25,473.152,476.082,466.212,470.012,21743.000
2018-07-26,475.102,475.102,460.432,461.822,23067.000
2018-07-27,462.202,470.502,456.202,464.762,20913.000
2018-07-30,465.102,466.862,441.202,445.412,42171.000
2018-07-31,446.502,454.082,445.412,452.642,20683.000
2018-08-01,457.602,458.502,440.312,441.142,25237.000
2018-08-02,442.172,442.172,414.082,422.042,55001.000
2018-08-03,421.202,421.202,402.402,405.192,47336.000
2018-08-06,403.202,410.202,388.452,395.882,45248.000
2018-08-07,398.502,414.032,388.222,412.482,39085.000
2018-08-08,413.222,415.202,398.072,402.422,29685.000
2018-08-09,397.202,420.702,396.322,418.082,34485.000
2018-08-10,418.082,420.972,410.402,413.382,23817.000
2018-08-13,409.202,409.202,392.882,405.422,34570.000
2018-08-14,405.422,410.702,399.712,406.332,21696.000
2018-08-15,406.002,406.202,387.202,389.002,34997.000
2018-08-16,378.202,394.702,366.202,374.642,59939.000
2018-08-17,383.702,383.702,356.212,361.062,46574.000
2018-08-20,358.652,371.752,343.062,370.992,48852.000
2018-08-21,373.202,398.502,373.202,397.692,52249.000
2018-08-22,397.202,399.402,389.202,393.902,20675.000
2018-08-23,397.902,404.702,391.382,396.412,27357.000
2018-08-24,395.202,395.202,382.662,386.502,26090.000
2018-08-27,388.202,413.502,388.202,413.502,48016.000
2018-08-28,419.202,419.982,404.752,407.202,32488.000
2018-08-29,408.202,415.082,405.302,412.052,27404.000
2018-08-30,414.412,418.802,405.212,406.602,33788.000
2018-08-31,402.452,403.202,382.702,385.392,58980.000
2018-09-03,378.202,393.872,377.002,392.412,30179.000
2018-09-04,393.002,402.202,387.802,401.242,21540.000
2018-09-05,401.202,403.192,383.202,383.992,28983.000
2018-09-06,378.202,385.462,366.202,370.202,42370.000
2018-09-07,371.702,384.232,371.342,377.172,29240.000
2018-09-10,378.402,380.012,366.902,371.002,21202.000
2018-09-11,371.772,377.172,366.832,372.202,19496.000
2018-09-12,369.202,371.072,354.212,356.202,41157.000
2018-09-13,364.202,368.202,346.202,358.182,47713.000
2018-09-14,360.182,375.982,354.732,369.102,40900.000
2018-09-17,371.202,379.162,367.262,372.012,29112.000
2018-09-18,369.202,394.202,368.422,392.902,37858.000
2018-09-19,392.782,412.202,392.202,407.622,48221.000
2018-09-20,411.402,413.102,403.562,404.752,27519.000
2018-09-21,408.202,426.212,406.212,426.212,42617.000
2018-09-25,421.202,431.972,419.462,423.222,30639.000
2018-09-26,428.302,458.882,428.192,451.132,72287.000
2018-09-27,453.702,454.202,441.602,450.202,40508.000
2018-09-28,452.902,459.402,445.082,456.202,35089.000
2018-10-08,441.612,445.202,412.352,412.352,82745.000
2018-10-09,413.102,424.912,412.102,421.202,40222.000
2018-10-10,423.462,424.202,395.892,397.122,63098.000
2018-10-11,361.212,395.142,361.212,371.192,91581.000
2018-10-12,377.202,398.882,376.782,394.202,54472.000
2018-10-15,395.692,398.152,386.232,393.102,35607.000
2018-10-16,392.182,405.732,388.212,393.342,26393.000
2018-10-17,401.202,403.502,376.102,391.922,43077.000
2018-10-18,386.202,386.202,371.172,372.142,52156.000
2018-10-19,364.202,401.202,361.282,396.202,76199.000
2018-10-22,401.202,428.222,401.202,419.202,73108.000
2018-10-23,415.202,415.202,361.202,367.942,123112.000
2018-10-24,354.312,376.202,346.202,363.192,76112.000
2018-10-25,346.202,348.702,334.782,345.202,75568.000
2018-10-26,345.202,351.202,334.182,336.302,55327.000
2018-10-29,275.292,275.292,275.292,275.292,49076.000
2018-10-30,236.202,269.202,235.222,250.202,204396.000
2018-10-31,253.202,281.202,248.202,275.102,96884.000
2018-11-01,281.202,311.702,277.452,289.202,98106.000
2018-11-02,311.202,326.202,298.442,326.102,89156.000
2018-11-05,319.202,319.202,297.972,302.002,75517.000
2018-11-06,300.202,300.362,284.212,292.202,45566.000
2018-11-07,295.202,301.152,288.212,292.602,38107.000
2018-11-08,300.202,303.202,294.202,296.542,33763.000
2018-11-09,293.422,295.202,288.202,288.202,24336.000
2018-11-12,279.202,280.402,263.002,278.202,67824.000
2018-11-13,272.322,296.202,269.202,296.202,66429.000
2018-11-14,296.162,296.162,278.752,281.302,41766.000
2018-11-15,285.002,291.002,281.702,285.902,30833.000
2018-11-16,287.202,292.202,284.232,286.202,28938.000
2018-11-19,286.502,298.202,285.312,295.222,36179.000
2018-11-20,291.202,294.202,286.202,287.802,26943.000
2018-11-21,280.202,295.102,279.882,290.902,27107.000
2018-11-22,291.352,293.532,284.202,290.702,21213.000
2018-11-23,290.202,293.502,283.102,283.102,20126.000
2018-11-26,284.202,286.402,278.202,278.312,19120.000
2018-11-27,278.202,281.192,272.702,274.302,20233.000
2018-11-28,277.052,285.392,271.702,283.202,27737.000
2018-11-29,292.232,296.002,275.212,277.802,45069.000
2018-11-30,283.202,295.092,279.202,291.202,49010.000
2018-12-03,315.202,331.202,310.972,327.402,83414.000
2018-12-04,329.192,330.462,321.202,328.432,31473.000
2018-12-05,323.702,342.702,321.202,336.302,41588.000
2018-12-06,326.202,332.182,316.562,318.002,37758.000
2018-12-07,321.802,325.062,310.902,313.202,26841.000
2018-12-10,302.202,313.702,300.382,303.432,24640.000
2018-12-11,303.202,312.752,303.202,309.192,16316.000
2018-12-12,314.992,315.402,309.002,315.202,19921.000
2018-12-13,316.202,333.082,315.802,327.952,40399.000
2018-12-14,324.212,326.002,318.202,319.162,24554.000
2018-12-17,318.772,322.172,311.212,316.722,24895.000
2018-12-18,312.082,317.742,311.202,317.142,19222.000
2018-12-19,315.202,317.192,302.232,304.002,25715.000
2018-12-20,302.422,307.702,295.092,300.702,26940.000
2018-12-21,297.202,299.652,288.412,293.612,30640.000
2018-12-24,289.702,297.112,284.202,294.202,19109.000
2018-12-25,288.422,293.702,279.812,291.992,26592.000
2018-12-26,290.012,294.602,284.202,286.282,17866.000
2018-12-27,296.202,298.052,288.422,289.202,29493.000
2018-12-28,289.502,322.602,286.202,316.212,63678.000
2019-01-02,336.182,338.202,321.212,325.182,62286.000
2019-01-03,326.172,327.862,312.002,316.202,30977.000
2019-01-04,313.482,333.872,308.222,328.202,37683.000
2019-01-07,334.202,338.202,328.422,331.692,34750.000
2019-01-08,331.702,338.202,326.482,330.992,28838.000
2019-01-09,336.192,352.362,335.242,342.322,49892.000
2019-01-10,343.332,351.082,336.452,344.972,29043.000
2019-01-11,351.202,363.202,344.952,362.082,38884.000
2019-01-14,359.202,362.092,347.752,350.802,25648.000
2019-01-15,354.062,387.702,351.202,386.182,55764.000
2019-01-16,384.202,391.852,379.802,387.302,42083.000
2019-01-17,389.202,395.902,382.002,385.452,30284.000
2019-01-18,391.202,416.402,387.702,409.812,68609.000
2019-01-21,416.202,425.082,408.082,413.182,47051.000
2019-01-22,412.202,412.202,391.422,397.202,42122.000
2019-01-23,393.422,400.702,389.332,391.862,33624.000
2019-01-24,396.502,404.032,390.882,398.702,29155.000
2019-01-25,402.082,411.102,396.132,405.902,28986.000
2019-01-28,410.202,420.182,402.232,403.202,36102.000
2019-01-29,403.702,414.202,394.202,411.202,30342.000
2019-01-30,411.192,412.422,402.202,402.202,22699.000
2019-01-31,406.202,415.802,403.762,415.802,36696.000
2019-02-01,423.242,425.202,415.812,418.872,30520.000
2019-02-11,421.202,455.702,414.382,451.502,58140.000
2019-02-12,449.202,451.692,441.402,444.122,35091.000
2019-02-13,449.202,462.362,443.422,461.452,35677.000
2019-02-14,457.402,469.862,456.342,463.362,32258.000
2019-02-15,461.082,461.082,449.222,450.982,23237.000
2019-02-18,457.202,471.152,457.202,466.202,37745.000
2019-02-19,467.162,468.702,452.862,456.962,29501.000
2019-02-20,461.202,461.202,442.262,448.202,37882.000
2019-02-21,446.202,456.682,443.202,446.452,29850.000
2019-02-22,443.202,454.692,440.302,452.212,25908.000
2019-02-25,456.952,470.642,444.192,468.532,82622.000
2019-02-26,474.002,475.382,452.202,453.552,57964.000
2019-02-27,459.202,484.222,457.202,466.902,65942.000
2019-02-28,464.102,489.622,463.152,481.212,56986.000
2019-03-01,487.702,516.202,487.202,515.502,63840.000
2019-03-04,521.202,524.532,503.422,508.062,84585.000
2019-03-05,511.202,515.752,502.082,505.982,44830.000
2019-03-06,501.202,505.702,492.082,494.202,46731.000
2019-03-07,488.422,488.422,471.762,474.802,60180.000
2019-03-08,464.102,473.032,459.852,463.702,52275.000
2019-03-11,466.242,493.152,466.242,484.742,53057.000
2019-03-12,490.022,490.032,465.202,471.212,52510.000
2019-03-13,471.702,486.952,471.702,480.202,40561.000
2019-03-14,483.202,511.202,480.202,504.202,62172.000
2019-03-15,502.202,513.702,491.052,503.502,52400.000
2019-03-18,505.002,540.732,503.202,536.292,81318.000
2019-03-19,529.202,534.122,518.502,518.812,40634.000
2019-03-20,516.202,528.502,511.202,519.002,31117.000
2019-03-21,514.202,519.002,507.702,511.952,32573.000
2019-03-22,514.422,526.182,511.202,520.202,30517.000
2019-03-25,512.202,514.202,499.502,501.802,37270.000
2019-03-26,506.202,512.142,490.302,499.202,37595.000
2019-03-27,507.202,520.082,501.202,514.702,42807.000
2019-03-28,519.632,540.682,511.882,533.002,57566.000
2019-03-29,561.202,592.882,556.372,580.192,90933.000
2019-04-01,586.202,595.152,577.202,585.202,60934.000
2019-04-02,586.192,586.192,562.262,576.202,53227.000
2019-04-03,566.322,577.942,560.412,570.702,43056.000
2019-04-04,566.202,592.002,562.402,591.202,55772.000
2019-04-08,626.202,634.202,616.322,626.402,66251.000
2019-04-09,629.202,634.402,618.712,631.202,47989.000
2019-04-10,629.202,678.102,626.202,674.192,67814.000
2019-04-11,674.202,676.202,631.752,651.402,61102.000
2019-04-12,635.202,646.192,626.212,640.202,48612.000
2019-04-15,657.202,665.202,633.202,633.202,45522.000
2019-04-16,631.102,666.102,627.422,666.102,46423.000
2019-04-17,664.202,681.712,651.202,678.202,40761.000
2019-04-18,671.612,680.882,662.422,671.702,19598.000
2019-04-19,670.162,687.152,657.512,678.762,32379.000
2019-04-22,685.702,705.092,666.812,675.402,40627.000
2019-04-23,677.202,707.422,675.402,701.152,48852.000
2019-04-24,706.082,716.202,677.422,696.202,45227.000
2019-04-25,694.992,700.192,677.422,678.572,39801.000
2019-04-26,672.502,686.082,671.202,671.202,43277.000
2019-04-29,671.202,715.202,661.202,698.172,52572.000
2019-04-30,694.202,711.162,689.312,700.202,35943.000
2019-05-06,651.702,661.202,619.202,632.202,135099.000
2019-05-07,619.482,640.142,596.422,616.202,100837.000
2019-05-08,586.202,628.002,586.202,610.602,81882.000
2019-05-09,601.202,606.072,568.702,585.012,91545.000
2019-05-10,601.862,636.982,594.392,633.322,79907.000
2019-05-13,625.062,637.182,610.202,618.202,46637.000
2019-05-14,611.202,632.202,599.202,612.772,59983.000
2019-05-15,616.442,659.202,616.442,653.202,63124.000
2019-05-16,645.202,658.202,631.202,656.112,44540.000
2019-05-17,653.222,658.502,626.302,632.992,49841.000
2019-05-20,626.202,626.202,597.202,611.162,44407.000
2019-05-21,611.202,636.202,598.222,621.202,42385.000
2019-05-22,621.182,630.202,606.202,614.202,32041.000
2019-05-23,607.202,610.182,582.422,587.202,58058.000
2019-05-24,591.202,611.202,590.642,604.702,44034.000
2019-05-27,605.302,609.192,586.252,605.202,39161.000
2019-05-28,604.192,633.692,601.222,614.202,74772.000
2019-05-29,614.212,651.152,614.212,638.112,65646.000
2019-05-30,636.202,646.192,617.422,631.502,40247.000
2019-05-31,626.732,633.192,616.202,616.202,35793.000
2019-06-03,618.202,627.552,612.482,618.202,34479.000
2019-06-04,621.202,621.632,597.202,601.502,39689.000
2019-06-05,610.202,612.462,596.202,597.802,34067.000
2019-06-06,601.822,601.972,584.202,588.332,34786.000
2019-06-10,584.182,605.152,566.202,597.282,55502.000
2019-06-11,602.202,641.812,601.202,637.092,80106.000
2019-06-12,632.422,637.192,620.202,632.902,37747.000
2019-06-13,636.202,638.502,623.202,636.202,32917.000
2019-06-14,637.202,658.502,636.222,639.202,42455.000
2019-06-17,633.202,653.142,632.222,637.802,32769.000
2019-06-18,643.202,646.202,628.802,643.202,29441.000
2019-06-19,666.202,672.902,658.212,658.212,53726.000
2019-06-20,658.702,701.702,658.402,701.202,67271.000
2019-06-21,696.172,710.692,690.702,702.502,45926.000
2019-06-24,704.502,725.892,701.202,713.302,45779.000
2019-06-25,718.202,725.202,693.202,709.182,51295.000
2019-06-26,711.202,711.202,697.422,706.062,29588.000
2019-06-27,711.202,727.202,707.322,722.552,47978.000
2019-06-28,726.731,729.621,712.071,724.741,31088.000
2019-07-01,745.261,776.341,740.961,772.601,52337.000
2019-07-02,765.741,770.241,756.741,765.741,39061.000
2019-07-03,760.741,763.741,722.241,728.641,67139.000
2019-07-04,726.541,731.541,711.961,721.941,46216.000
2019-07-05,726.741,746.741,717.041,740.561,50032.000
2019-07-08,735.791,738.641,715.741,725.601,33613.000
2019-07-09,720.041,729.741,709.091,716.801,31723.000
2019-07-10,721.671,731.321,717.741,723.261,28166.000
2019-07-11,730.701,739.121,716.741,722.241,30514.000
2019-07-12,722.041,732.241,720.751,726.831,28173.000
2019-07-15,708.541,720.841,691.871,716.671,59870.000
2019-07-16,716.191,723.041,705.741,708.741,33245.000
2019-07-17,708.741,713.731,702.871,704.241,25468.000
2019-07-18,702.241,703.741,687.921,688.241,39252.000
2019-07-19,695.741,701.541,688.741,696.611,28014.000
2019-07-22,700.741,704.741,690.991,697.761,28125.000
2019-07-23,703.041,703.331,684.601,694.721,32483.000
2019-07-24,699.051,700.641,685.431,687.101,46771.000
2019-07-25,686.711,704.101,678.891,703.741,38255.000
2019-07-26,702.711,711.741,699.291,705.771,26467.000
2019-07-29,702.771,720.241,700.751,717.151,26981.000
2019-07-30,717.241,723.741,711.741,719.671,19537.000
2019-07-31,715.741,722.511,707.331,713.341,22526.000
2019-08-01,717.251,717.741,693.761,700.041,35089.000
2019-08-02,684.741,698.721,683.741,695.191,39719.000
2019-08-05,685.741,694.741,680.741,683.171,36774.000
2019-08-06,671.741,688.741,664.541,687.041,43991.000
2019-08-07,690.241,696.271,685.741,685.741,26869.000
2019-08-08,694.241,714.741,692.741,712.421,38808.000
2019-08-09,719.241,721.691,699.731,702.771,28461.000
2019-08-12,751.051,760.841,735.751,759.371,81498.000
2019-08-13,756.901,766.741,751.421,758.691,30329.000
2019-08-14,770.761,792.641,770.761,784.071,41410.000
2019-08-15,768.741,787.221,768.741,785.641,27237.000
2019-08-16,790.581,816.321,781.741,795.341,36086.000
2019-08-19,801.741,810.721,789.791,796.621,32867.000
2019-08-20,795.741,814.421,790.741,810.741,28602.000
2019-08-21,810.841,817.711,802.401,806.741,25066.000
2019-08-22,813.731,844.741,810.741,844.741,37590.000
2019-08-23,845.741,874.301,836.361,870.841,40192.000
2019-08-26,853.741,868.741,837.421,843.691,48497.000
2019-08-27,857.741,872.051,849.741,849.741,52164.000
2019-08-28,849.741,863.931,823.751,840.851,47009.000
2019-08-29,845.741,858.921,833.241,853.841,29330.000
2019-08-30,865.741,886.741,863.741,882.741,44890.000
2019-09-02,880.731,885.721,869.741,879.501,28234.000
2019-09-03,880.741,891.761,869.301,880.741,29485.000
2019-09-04,881.541,883.651,860.851,865.751,33600.000
2019-09-05,869.741,885.641,868.741,884.741,32930.000
2019-09-06,885.241,886.891,871.741,883.231,26176.000
2019-09-09,885.741,888.741,875.741,877.261,29379.000
2019-09-10,875.041,875.741,860.751,864.591,26227.000
2019-09-11,859.961,860.711,808.741,810.261,81716.000
2019-09-12,806.741,850.721,806.741,839.741,41211.000
2019-09-16,823.741,844.691,823.741,839.741,31371.000
2019-09-17,834.741,847.401,827.741,834.751,25196.000
2019-09-18,849.241,890.741,848.921,889.641,69314.000
2019-09-19,888.741,890.741,877.841,885.741,24479.000
2019-09-20,891.741,900.741,888.331,898.161,37626.000
2019-09-23,897.741,897.741,871.741,889.741,30026.000
2019-09-24,895.741,925.641,892.741,924.741,36269.000
2019-09-25,920.741,929.611,911.241,914.741,24024.000
2019-09-26,915.681,924.091,899.551,907.741,26081.000
2019-09-27,904.741,923.741,893.741,915.491,22826.000
2019-09-30,903.741,910.171,890.741,890.741,30825.000
2019-10-08,893.741,920.741,892.751,907.841,31045.000
2019-10-09,906.941,906.941,875.791,887.551,35788.000
2019-10-10,867.741,899.671,849.761,895.741,41173.000
2019-10-11,897.741,915.741,892.951,915.341,28689.000
2019-10-14,926.741,928.401,910.741,920.741,27187.000
2019-10-15,920.741,956.421,917.771,951.741,40034.000
2019-10-16,908.741,928.241,900.741,910.741,59150.000
2019-10-17,916.741,927.401,903.241,924.071,30508.000
2019-10-18,919.741,930.731,912.431,916.531,28291.000
2019-10-21,912.601,919.641,904.041,909.241,25274.000
2019-10-22,918.741,922.241,904.631,911.541,19309.000
2019-10-23,908.741,918.741,896.851,899.651,23080.000
2019-10-24,905.691,906.741,887.901,891.011,26178.000
2019-10-25,894.041,913.241,883.771,912.091,25998.000
2019-10-28,906.751,921.751,905.741,919.031,22485.000
2019-10-29,921.851,940.701,918.511,933.741,27803.000
2019-10-30,930.741,933.441,916.741,924.541,21254.000
2019-10-31,936.741,938.741,916.891,920.751,25909.000
2019-11-01,921.741,932.691,913.241,925.741,22811.000
2019-11-04,930.741,950.731,929.741,940.331,26737.000
2019-11-05,940.241,945.741,932.741,939.741,22254.000
2019-11-06,937.741,944.741,929.621,933.741,19737.000
2019-11-07,937.251,942.621,929.741,942.111,16167.000
2019-11-08,945.741,956.391,942.251,945.741,24512.000
2019-11-11,942.241,946.941,934.251,939.741,17342.000
2019-11-12,944.741,950.341,938.951,942.341,19150.000
2019-11-13,947.741,968.541,940.741,964.741,31977.000
2019-11-14,967.741,980.741,962.741,970.741,23521.000
2019-11-15,970.741,973.651,962.241,965.641,16340.000
2019-11-18,965.861,970.191,958.741,968.021,18037.000
2019-11-19,968.741,982.351,965.761,973.061,20623.000
2019-11-20,970.741,980.251,968.801,974.491,15280.000
2019-11-21,971.741,976.251,961.801,972.041,19187.000
2019-11-22,963.741,969.741,925.741,934.741,47054.000
2019-11-25,928.791,934.741,912.801,922.801,38281.000
2019-11-26,927.421,939.341,923.741,925.741,40239.000
2019-11-27,933.541,937.361,925.251,930.691,19848.000
2019-11-28,935.711,938.251,909.761,916.541,28844.000
2019-11-29,906.241,906.241,853.631,869.741,82397.000
2019-12-02,858.941,880.761,858.941,873.741,30784.000
2019-12-03,873.741,873.741,858.481,858.741,27340.000
2019-12-04,880.741,885.401,858.741,863.071,35283.000
2019-12-05,865.741,872.751,858.741,870.541,21338.000
2019-12-06,876.711,910.741,870.841,910.741,39506.000
2019-12-09,915.741,916.741,896.841,899.441,21824.000
2019-12-10,900.341,905.741,891.741,905.141,15086.000
2019-12-11,908.741,911.491,896.291,899.721,14567.000
2019-12-12,896.741,900.681,870.821,877.741,29409.000
2019-12-13,886.741,905.741,886.741,903.741,30000.000
2019-12-16,903.741,903.741,878.681,888.661,30936.000
2019-12-17,890.441,914.341,883.771,910.721,42616.000
2019-12-18,914.741,915.941,904.741,908.741,19640.000
2019-12-19,903.741,903.741,892.741,898.141,19552.000
2019-12-20,902.921,902.921,882.241,887.041,23563.000
2019-12-23,879.741,903.241,876.741,890.041,25919.000
2019-12-24,893.741,895.741,885.741,888.741,11823.000
2019-12-25,883.741,883.741,870.751,874.441,24305.000
2019-12-26,872.741,882.721,860.731,875.841,22877.000
2019-12-27,890.741,912.741,890.741,903.741,47066.000
2019-12-30,910.941,936.241,910.941,926.541,40760.000
2019-12-31,923.741,928.741,917.251,923.741,22588.000
2020-01-02,868.741,885.801,856.741,870.741,148099.000
2020-01-03,857.741,857.741,817.641,819.301,130318.000
2020-01-06,811.601,833.641,808.041,818.731,63414.000
2020-01-07,818.241,839.741,817.141,835.271,47853.000
2020-01-08,825.791,836.241,823.321,828.881,25008.000
2020-01-09,834.741,846.131,830.741,843.441,37405.000
2020-01-10,849.741,856.731,843.241,853.241,35975.000
2020-01-13,853.241,869.941,852.741,865.011,38515.000
2020-01-14,864.941,865.631,843.741,848.141,35144.000
2020-01-15,849.751,862.341,845.741,852.871,26029.000
2020-01-16,859.611,859.611,843.321,847.741,23191.000
2020-01-17,850.741,853.521,841.751,848.241,23472.000
2020-01-20,852.601,852.601,822.741,831.741,35391.000
2020-01-21,821.741,827.741,813.041,816.041,32874.000
2020-01-22,810.741,824.741,796.121,816.251,36200.000
2020-01-23,816.741,816.741,777.741,793.541,53468.000
2020-02-03,725.741,751.421,720.741,744.661,123442.000
2020-02-04,755.741,797.741,751.751,778.751,62624.000
2020-02-05,790.741,794.741,773.771,790.731,47418.000
2020-02-06,800.171,815.741,792.761,811.741,47171.000
2020-02-07,810.751,817.741,801.761,816.741,31278.000
2020-02-10,802.741,815.341,797.941,807.231,30533.000
2020-02-11,803.741,840.421,803.541,838.741,47917.000
2020-02-12,829.741,839.531,826.621,838.011,28125.000
2020-02-13,838.741,854.631,828.751,831.741,30357.000
2020-02-14,831.191,834.251,823.851,828.741,23287.000
2020-02-17,823.241,836.931,823.141,834.561,27028.000
2020-02-18,830.751,837.621,823.741,824.741,26664.000
2020-02-19,825.741,842.241,818.741,837.241,37051.000
2020-02-20,837.441,864.741,836.151,858.741,46802.000
2020-02-21,852.201,864.281,850.751,853.621,28940.000
2020-02-24,846.241,850.741,826.241,827.921,38650.000
2020-02-25,818.741,822.831,808.621,815.551,38385.000
2020-02-26,802.741,824.741,795.741,814.441,43560.000
2020-02-27,816.741,835.731,816.741,828.131,34498.000
2020-02-28,811.041,822.741,790.711,797.741,49946.000
2020-03-02,790.851,837.291,790.751,826.751,47663.000
2020-03-03,838.741,859.621,838.741,853.741,50250.000
2020-03-04,865.741,879.741,856.981,869.661,53792.000
2020-03-05,877.051,915.731,871.301,911.741,62426.000
2020-03-06,903.741,916.741,892.721,896.241,30641.000
2020-03-09,875.741,875.741,852.051,854.751,43404.000
2020-03-10,853.741,908.741,853.741,896.741,58062.000
2020-03-11,896.241,910.321,881.741,899.261,35548.000
2020-03-12,881.961,893.741,865.841,879.241,36631.000
2020-03-13,830.741,869.721,820.741,852.771,75885.000
2020-03-16,844.721,848.691,802.741,807.741,51233.000
2020-03-17,795.741,818.741,751.861,785.841,79359.000
2020-03-18,780.741,800.741,748.731,748.731,73460.000
2020-03-19,734.731,755.741,700.841,736.741,102265.000
2020-03-20,751.741,783.741,751.741,776.021,60139.000
2020-03-23,740.741,776.021,732.261,759.741,48472.000
2020-03-24,783.741,799.621,775.741,796.741,46651.000
2020-03-25,828.721,832.101,814.941,820.841,37049.000
2020-03-26,814.071,831.941,802.741,805.661,30049.000
2020-03-27,825.741,832.741,815.751,816.241,36261.000
2020-03-30,800.991,817.741,797.741,812.741,30687.000
2020-03-31,822.741,855.741,822.541,851.741,47984.000
2020-04-01,857.741,869.741,843.741,843.741,33205.000
2020-04-02,844.741,885.741,844.621,885.741,45206.000
2020-04-03,879.771,888.701,872.721,880.531,27618.000
2020-04-07,902.691,907.241,889.631,900.691,43488.000
2020-04-08,892.741,907.051,892.741,900.501,24224.000
2020-04-09,906.741,909.741,888.701,899.241,22817.000
2020-04-10,898.621,922.241,894.241,905.741,27804.000
2020-04-13,905.741,910.721,889.241,903.041,15981.000
2020-04-14,916.741,932.291,906.741,925.841,36800.000
2020-04-15,932.741,944.731,927.841,930.341,29332.000
2020-04-16,933.711,937.841,924.841,937.841,21728.000
2020-04-17,950.741,975.301,945.751,966.741,38246.000
2020-04-20,961.741,972.241,957.541,968.041,24239.000
2020-04-21,961.761,964.731,933.741,940.741,29224.000
2020-04-22,946.741,990.241,942.961,985.241,44035.000
2020-04-23,990.741,1006.421,988.511,993.001,26899.000
2020-04-24,988.741,1000.631,975.921,991.301,19122.000
2020-04-27,997.741,1018.911,991.701,1016.741,25904.000
2020-04-28,1026.051,1040.681,1012.621,1019.871,34662.000
2020-04-29,1018.541,1028.841,998.741,1015.641,23444.000
2020-04-30,1011.741,1025.751,999.621,1006.441,24661.000
2020-05-06,991.741,1040.741,990.741,1040.741,35835.000
2020-05-07,1040.141,1055.731,1033.741,1052.741,27935.000
2020-05-08,1057.741,1078.741,1049.251,1055.351,29079.000
2020-05-11,1060.741,1075.741,1054.411,1063.751,23671.000
2020-05-12,1058.741,1075.731,1056.741,1073.741,19722.000
2020-05-13,1073.741,1078.731,1063.621,1076.691,22014.000
2020-05-14,1070.741,1075.621,1065.851,1067.331,18575.000
2020-05-15,1069.741,1074.241,1042.621,1053.741,26398.000
2020-05-18,1046.741,1092.241,1045.871,1086.951,34362.000
2020-05-19,1104.741,1104.741,1078.741,1086.851,24787.000
2020-05-20,1086.851,1099.921,1077.551,1091.741,21183.000
2020-05-21,1095.741,1112.701,1093.601,1106.841,23052.000
2020-05-22,1106.741,1106.841,1063.621,1068.941,34427.000
2020-05-25,1070.741,1107.321,1061.741,1103.641,31561.000
2020-05-26,1110.621,1110.691,1095.741,1098.741,22470.000
2020-05-27,1099.741,1100.741,1073.741,1078.741,26777.000
2020-05-28,1078.711,1087.681,1061.871,1084.741,26486.000
2020-05-29,1072.841,1110.721,1072.841,1107.341,30444.000
2020-06-01,1121.741,1160.841,1121.741,1160.241,35480.000
2020-06-02,1156.751,1168.641,1147.401,1151.451,25960.000
2020-06-03,1155.741,1158.241,1136.511,1140.041,23557.000
2020-06-04,1136.741,1151.741,1136.741,1148.731,18037.000
2020-06-05,1145.991,1169.621,1141.821,1165.741,18347.000
2020-06-08,1165.741,1175.741,1142.751,1146.841,29300.000
2020-06-09,1148.741,1165.741,1141.421,1157.291,22612.000
2020-06-10,1165.741,1174.071,1157.741,1164.401,22701.000
2020-06-11,1151.751,1158.731,1137.731,1141.201,30712.000
2020-06-12,1127.911,1157.111,1124.051,1157.111,28427.000
2020-06-15,1142.741,1152.341,1121.741,1123.741,34615.000
2020-06-16,1139.241,1154.741,1133.871,1144.621,29207.000
2020-06-17,1152.601,1152.641,1135.761,1145.741,19453.000
2020-06-18,1145.641,1153.941,1140.841,1153.741,21010.000
2020-06-19,1160.741,1185.941,1155.841,1180.581,38958.000
2020-06-22,1175.841,1184.631,1173.941,1179.741,23247.000
2020-06-23,1175.741,1222.741,1174.261,1215.241,33934.000
2020-06-24,1221.366,1223.476,1202.766,1217.776,25139.000
2020-06-29,1205.766,1223.766,1194.776,1220.936,28081.000
2020-06-30,1220.886,1226.746,1212.886,1220.646,22446.000
2020-07-01,1225.766,1263.866,1221.786,1252.036,38682.000
2020-07-02,1256.766,1308.666,1252.766,1301.766,45884.000
2020-07-03,1307.766,1310.266,1274.646,1299.556,35126.000
2020-07-06,1295.766,1373.766,1289.576,1357.766,51822.000
2020-07-07,1360.856,1502.586,1358.766,1445.766,66664.000
2020-07-08,1437.766,1476.766,1417.766,1439.106,53170.000
2020-07-09,1448.766,1469.766,1439.766,1463.766,35033.000
2020-07-10,1446.766,1494.366,1446.706,1471.616,37100.000
2020-07-13,1472.446,1544.766,1472.446,1539.756,60727.000
2020-07-14,1539.756,1539.796,1506.166,1519.766,46094.000
2020-07-15,1502.646,1540.366,1502.476,1510.296,40713.000
2020-07-16,1487.676,1487.676,1357.766,1371.766,102242.000
2020-07-17,1377.766,1430.356,1377.766,1405.816,65902.000
2020-07-20,1410.266,1421.756,1346.646,1394.726,45280.000
2020-07-21,1404.406,1460.566,1388.756,1425.766,41970.000
2020-07-22,1415.766,1467.766,1415.766,1435.846,39201.000
2020-07-23,1429.766,1448.766,1407.766,1433.766,34321.000
2020-07-24,1412.616,1423.766,1342.766,1353.066,78752.000
2020-07-27,1373.776,1387.566,1357.766,1380.316,38788.000
2020-07-28,1387.766,1437.766,1387.766,1427.766,54912.000
2020-07-29,1447.766,1447.766,1390.766,1429.766,50748.000
2020-07-30,1428.966,1458.356,1428.266,1437.766,38373.000
2020-07-31,1442.766,1462.766,1403.766,1435.946,40685.000
2020-08-03,1444.646,1454.346,1417.766,1425.766,34661.000
2020-08-04,1432.766,1440.756,1417.766,1427.756,31941.000
2020-08-05,1419.856,1430.856,1401.076,1425.766,25522.000
2020-08-06,1427.766,1431.796,1387.766,1395.726,32649.000
2020-08-07,1402.536,1407.436,1356.266,1388.766,34242.000
2020-08-10,1385.736,1402.726,1365.876,1391.756,23624.000
2020-08-11,1397.766,1424.196,1397.766,1400.276,35818.000
2020-08-12,1390.766,1398.766,1363.016,1384.716,27934.000
2020-08-13,1387.766,1396.646,1366.766,1392.766,20541.000
2020-08-14,1397.666,1423.466,1388.766,1418.766,37653.000
2020-08-17,1431.766,1462.116,1427.766,1447.766,43572.000
2020-08-18,1455.146,1477.766,1448.766,1462.766,30423.000
2020-08-19,1457.766,1474.766,1440.756,1444.766,26915.000
2020-08-20,1431.766,1436.766,1413.766,1421.766,22382.000
2020-08-21,1430.766,1455.766,1428.766,1433.766,25082.000
2020-08-24,1457.766,1465.766,1448.776,1454.116,30933.000
2020-08-25,1462.566,1504.546,1456.396,1484.766,41872.000
2020-08-26,1491.766,1502.766,1472.786,1484.766,26216.000
2020-08-27,1489.756,1491.746,1462.766,1488.766,22636.000
2020-08-28,1488.766,1521.766,1479.266,1514.766,42300.000
2020-08-31,1528.346,1573.766,1528.346,1544.266,47810.000
2020-09-01,1549.766,1559.766,1532.776,1559.746,31640.000
2020-09-02,1582.766,1585.766,1527.766,1552.766,32009.000
2020-09-03,1552.766,1569.766,1537.466,1550.766,30437.000
2020-09-04,1523.766,1534.756,1503.766,1527.766,30858.000
2020-09-07,1517.766,1535.756,1461.736,1481.266,31112.000
2020-09-08,1489.766,1495.566,1434.836,1469.166,34472.000
2020-09-09,1457.436,1468.766,1437.806,1445.766,25964.000
2020-09-10,1461.506,1477.766,1457.766,1463.566,24778.000
2020-09-11,1445.766,1493.766,1445.766,1490.766,31088.000
2020-09-14,1502.766,1526.766,1488.346,1523.766,31056.000
2020-09-15,1527.756,1527.756,1505.516,1517.766,20821.000
2020-09-16,1517.766,1522.576,1476.766,1482.866,22516.000
2020-09-17,1457.766,1457.766,1415.766,1428.286,63680.000
2020-09-18,1422.766,1452.766,1392.776,1452.766,47201.000
2020-09-21,1450.526,1450.526,1424.426,1424.566,22444.000
2020-09-22,1407.766,1444.746,1407.766,1423.456,23265.000
2020-09-23,1392.766,1423.776,1378.786,1407.746,35726.000
2020-09-24,1393.736,1416.646,1384.566,1387.086,30051.000
2020-09-25,1387.766,1407.766,1382.766,1392.876,22583.000
2020-09-28,1392.956,1426.266,1392.956,1418.766,24232.000
2020-09-29,1427.096,1427.166,1410.066,1410.066,17431.000
2020-09-30,1417.766,1449.666,1417.766,1426.266,27088.000
2020-10-09,1449.766,1464.186,1445.766,1453.766,34240.000
2020-10-12,1457.766,1508.376,1457.766,1508.376,43729.000
2020-10-13,1508.386,1508.386,1492.766,1496.766,22944.000
2020-10-14,1497.766,1504.746,1483.766,1486.766,20481.000
2020-10-15,1478.896,1492.766,1478.766,1482.766,16204.000
2020-10-16,1482.766,1492.346,1460.766,1469.766,17377.000
2020-10-19,1482.766,1491.746,1449.666,1456.766,19226.000
2020-10-20,1457.756,1492.736,1452.766,1491.766,27735.000
2020-10-21,1491.866,1499.916,1480.766,1491.096,18901.000
2020-10-22,1487.766,1502.766,1473.276,1500.266,22481.000
2020-10-23,1498.546,1505.356,1471.766,1473.096,19292.000
2020-10-26,1376.766,1420.686,1357.766,1400.766,66015.000
2020-10-27,1400.766,1401.766,1373.886,1382.766,43944.000
2020-10-28,1383.766,1434.766,1382.846,1422.576,34637.000
2020-10-29,1412.606,1465.766,1404.766,1433.766,39374.000
2020-10-30,1435.766,1453.766,1422.766,1427.786,26055.000
2020-11-02,1432.766,1452.766,1429.766,1431.776,21066.000
2020-11-03,1442.756,1463.666,1433.266,1452.766,23497.000
2020-11-04,1457.766,1461.766,1442.766,1457.346,16444.000
2020-11-05,1474.766,1490.246,1469.866,1479.666,23524.000
2020-11-06,1488.316,1489.356,1447.766,1458.386,23052.000
2020-11-09,1459.146,1508.446,1458.386,1500.336,41470.000
2020-11-10,1510.686,1522.246,1493.766,1502.766,30189.000
2020-11-11,1502.766,1535.266,1488.766,1489.116,34851.000
2020-11-12,1487.776,1507.766,1480.036,1492.556,23473.000
2020-11-13,1481.766,1486.646,1448.766,1462.766,28155.000
2020-11-16,1468.766,1487.816,1455.026,1487.816,30613.000
2020-11-17,1497.766,1500.116,1458.836,1473.566,25224.000
2020-11-18,1472.766,1478.296,1440.926,1451.416,35179.000
2020-11-19,1442.266,1482.766,1438.366,1477.956,27816.000
2020-11-20,1477.766,1493.766,1470.416,1477.726,21875.000
2020-11-23,1528.776,1567.666,1528.776,1547.976,66637.000
2020-11-24,1527.756,1540.266,1509.236,1521.266,32465.000
2020-11-25,1519.266,1526.646,1481.766,1484.646,28226.000
2020-11-26,1483.766,1497.756,1482.946,1492.156,23228.000
2020-11-27,1490.426,1497.796,1475.766,1495.666,21569.000
2020-11-30,1492.766,1496.666,1471.676,1471.676,31940.000
2020-12-01,1483.766,1496.756,1477.776,1494.766,28196.000
2020-12-02,1503.766,1506.766,1488.766,1495.776,23572.000
2020-12-03,1495.776,1513.426,1489.866,1506.766,29506.000
2020-12-04,1509.766,1557.866,1509.766,1550.876,62491.000
2020-12-07,1560.466,1598.156,1558.316,1570.166,58331.000
2020-12-08,1572.766,1632.766,1570.766,1607.766,61454.000
2020-12-09,1623.716,1623.766,1596.766,1597.766,31152.000
2020-12-10,1597.766,1607.536,1585.766,1590.666,32654.000
2020-12-11,1592.546,1595.086,1562.576,1577.766,30776.000
2020-12-14,1585.536,1587.746,1572.766,1586.766,33052.000
2020-12-15,1591.266,1594.986,1562.766,1573.776,29605.000
2020-12-16,1588.266,1603.436,1577.976,1597.766,32150.000
2020-12-17,1603.266,1625.766,1597.766,1623.276,36031.000
2020-12-18,1609.576,1626.776,1598.846,1602.766,27077.000
2020-12-21,1597.766,1608.996,1595.366,1600.266,30697.000
2020-12-22,1607.736,1656.756,1600.276,1638.766,40651.000
2020-12-23,1655.756,1663.966,1578.786,1599.416,47706.000
2020-12-24,1575.766,1616.646,1552.786,1588.106,37857.000
2020-12-25,1560.756,1604.766,1557.766,1587.766,23088.000
2020-12-28,1584.366,1646.566,1583.816,1630.766,30080.000
2020-12-29,1630.766,1644.566,1612.766,1624.766,22868.000
2020-12-30,1627.766,1690.766,1627.756,1690.766,34452.000
2020-12-31,1698.766,1756.746,1696.766,1755.766,38860.000
2021-01-04,1757.746,1762.756,1741.576,1754.766,43514.000
2021-01-05,1747.766,1817.216,1740.226,1817.216,52116.000
2021-01-06,1822.566,1882.766,1793.796,1857.766,47410.000
2021-01-07,1854.766,1897.766,1832.766,1897.766,37931.000
2021-01-08,1899.766,1908.646,1820.786,1847.766,53862.000
2021-01-11,1847.766,1908.266,1816.366,1857.496,51080.000
2021-01-12,1845.766,1918.666,1842.766,1918.666,41059.000
2021-01-13,1921.766,1931.096,1892.766,1921.766,34390.000
2021-01-14,1913.766,1920.766,1873.876,1891.766,36152.000
2021-01-15,1872.766,1892.116,1786.766,1839.766,59509.000
2021-01-18,1818.826,1849.246,1798.036,1820.766,39144.000
2021-01-19,1830.876,1854.066,1764.616,1767.176,46345.000
2021-01-20,1765.766,1813.256,1740.266,1798.396,45082.000
2021-01-21,1805.766,1847.786,1798.766,1827.766,38310.000
2021-01-22,1826.766,1857.766,1817.866,1837.716,29248.000
2021-01-25,1840.766,1937.266,1840.766,1932.766,55957.000
2021-01-26,1942.766,1944.766,1882.876,1899.656,31747.000
2021-01-27,1899.656,1899.656,1842.766,1846.766,37120.000
2021-01-28,1837.766,1867.426,1817.786,1845.766,35129.000
2021-01-29,1858.956,1907.246,1847.986,1873.946,33701.000
2021-02-01,1887.766,1917.766,1852.766,1867.086,29341.000
2021-02-02,1869.986,1907.756,1859.866,1902.766,34582.000
2021-02-03,1907.766,1956.036,1897.766,1947.676,38714.000
2021-02-04,1948.766,2087.766,1948.766,2078.616,63851.000
2021-02-05,2082.766,2122.366,2048.766,2070.766,39729.000
2021-02-08,2094.766,2136.646,2070.766,2126.566,35786.000
2021-02-09,2126.566,2214.196,2107.766,2214.196,33297.000
2021-02-10,2242.766,2358.966,2242.766,2358.766,61371.000
2021-02-18,2345.746,2385.646,2222.766,2228.766,65912.000
2021-02-19,2208.926,2254.426,2139.366,2217.766,59385.000
2021-02-22,2212.766,2212.766,2035.986,2045.786,78935.000
2021-02-23,2022.906,2102.656,2022.766,2064.766,57455.000
2021-02-24,2065.756,2075.766,1918.266,1946.766,82116.000
2021-02-25,1966.766,1982.266,1878.976,1907.766,59726.000
2021-02-26,1857.766,1937.716,1825.066,1880.546,66525.000
2021-03-01,1936.766,1936.766,1877.766,1915.766,44916.000
2021-03-02,1937.766,1937.766,1790.766,1815.766,70765.000
2021-03-03,1797.766,1907.536,1790.766,1897.766,54215.000
2021-03-04,1852.766,1853.766,1767.866,1790.766,65088.000
2021-03-05,1757.766,1852.766,1745.766,1817.876,63779.000
2021-03-08,1832.726,1842.766,1717.766,1717.766,63100.000
2021-03-09,1712.766,1757.766,1657.946,1694.756,82266.000
2021-03-10,1734.766,1757.636,1724.766,1727.776,51172.000
2021-03-11,1732.766,1837.756,1719.246,1805.766,56769.000
2021-03-12,1827.766,1834.766,1759.776,1783.766,40323.000
2021-03-15,1807.766,1827.566,1708.916,1733.216,62485.000
2021-03-16,1732.696,1777.756,1722.766,1768.266,34649.000
2021-03-17,1757.766,1807.766,1733.776,1788.126,31375.000
2021-03-18,1792.766,1844.126,1792.766,1827.466,33865.000
2021-03-19,1792.766,1800.766,1749.996,1767.766,35781.000
2021-03-22,1757.866,1783.856,1713.316,1747.756,36914.000
2021-03-23,1756.646,1766.566,1727.766,1753.766,27446.000
2021-03-24,1738.766,1770.766,1738.766,1746.766,29357.000
2021-03-25,1727.776,1746.646,1704.566,1728.766,31575.000
2021-03-26,1742.766,1779.766,1715.766,1770.766,50016.000
2021-03-29,1800.966,1854.116,1783.916,1791.866,56992.000
2021-03-30,1797.766,1843.766,1792.846,1813.816,32627.000
2021-03-31,1802.866,1803.786,1757.766,1766.766,37154.000
2021-04-01,1778.766,1804.566,1758.986,1802.266,26588.000
2021-04-02,1813.766,1922.766,1813.766,1919.766,52028.000
2021-04-06,1918.766,1919.746,1860.066,1883.796,32742.000
2021-04-07,1861.826,1875.066,1807.766,1818.766,40201.000
2021-04-08,1804.796,1836.766,1801.766,1827.766,28548.000
2021-04-09,1799.766,1811.766,1762.776,1777.766,28809.000
2021-04-12,1768.766,1787.766,1749.466,1766.656,31943.000
2021-04-13,1777.766,1807.566,1766.766,1778.766,28992.000
2021-04-14,1792.766,1805.766,1773.766,1804.766,24115.000
2021-04-15,1788.666,1804.666,1747.766,1773.366,34366.000
2021-04-16,1782.846,1825.766,1769.766,1812.746,30294.000
2021-04-19,1812.766,1856.126,1790.766,1845.766,31754.000
2021-04-20,1828.866,1886.766,1827.766,1852.566,28290.000
2021-04-21,1833.766,1855.566,1822.866,1837.766,26150.000
2021-04-22,1847.666,1856.766,1809.266,1813.266,26850.000
2021-04-23,1813.736,1877.646,1810.266,1866.706,33463.000
2021-04-26,1889.766,1892.766,1831.366,1835.586,34045.000
2021-04-27,1844.846,1853.016,1822.856,1852.206,22108.000
2021-04-28,1767.766,1805.266,1760.766,1799.766,81343.000
2021-04-29,1804.806,1807.706,1771.766,1784.126,41284.000
2021-04-30,1783.766,1793.766,1761.476,1764.546,38401.000
2021-05-06,1757.766,1764.606,1710.766,1716.766,53546.000
2021-05-07,1722.766,1725.746,1658.766,1660.766,52493.000
2021-05-10,1657.766,1666.766,1623.776,1636.796,46003.000
2021-05-11,1633.766,1723.766,1631.066,1716.766,42494.000
2021-05-12,1706.846,1756.766,1706.766,1741.766,32699.000
2021-05-13,1723.516,1742.816,1710.766,1729.266,25078.000
2021-05-14,1739.766,1788.266,1733.766,1767.616,35611.000
2021-05-17,1782.866,1842.966,1782.866,1815.726,44524.000
2021-05-18,1822.766,1834.766,1802.826,1817.076,17504.000
2021-05-19,1816.766,1832.576,1797.766,1806.766,22410.000
2021-05-20,1831.766,1831.866,1803.126,1816.646,21857.000
2021-05-21,1812.846,1837.646,1794.786,1799.866,24248.000
2021-05-24,1808.766,1837.826,1788.766,1829.056,32548.000
2021-05-25,1842.766,1957.866,1842.766,1952.266,67757.000
2021-05-26,1965.746,1999.566,1950.846,1977.766,38604.000
2021-05-27,1968.786,2077.766,1958.866,2002.766,45373.000
2021-05-28,1998.736,2007.766,1963.276,1987.766,25807.000
2021-05-31,1973.266,1976.116,1929.766,1975.766,31739.000
2021-06-01,1979.766,2006.716,1963.766,1998.716,30616.000
2021-06-02,2007.766,2021.766,1965.946,1979.766,22863.000
2021-06-03,1977.766,2018.106,1967.846,1979.986,23450.000
2021-06-04,1972.766,2045.766,1971.806,2009.266,31422.000
2021-06-07,2022.766,2036.766,1997.776,2028.766,25466.000
2021-06-08,2017.766,2037.756,1918.916,1948.766,47314.000
2021-06-09,1949.766,1971.766,1917.876,1957.266,25502.000
2021-06-10,1952.766,2009.136,1947.846,1996.246,25567.000
2021-06-11,1996.766,2001.766,1936.576,1936.576,33971.000
2021-06-15,1952.866,1966.646,1905.766,1950.766,29361.000
2021-06-16,1949.766,1952.766,1905.766,1915.766,27593.000
2021-06-17,1913.416,1945.766,1902.126,1914.676,21068.000
2021-06-18,1904.766,1914.266,1822.766,1848.706,54028.000
2021-06-21,1842.766,1857.456,1807.766,1839.406,35488.000
2021-06-22,1849.766,1855.766,1811.656,1832.736,33228.000
2021-06-23,1837.766,1840.766,1791.916,1795.766,37079.000
2021-06-24,1797.776,1837.766,1778.766,1825.816,31474.000
2021-06-25,1827.019,1886.059,1819.659,1869.059,35875.000
2021-06-28,1877.059,1895.059,1850.059,1880.069,27452.000
2021-06-29,1885.059,1892.059,1828.059,1839.059,33031.000
2021-06-30,1842.059,1851.059,1823.359,1833.759,21916.000
2021-07-01,1837.029,1887.059,1808.659,1882.059,33701.000
2021-07-02,1852.059,1852.059,1788.559,1790.059,46275.000
2021-07-05,1777.059,1796.939,1762.059,1771.059,34421.000
2021-07-06,1772.059,1791.059,1737.069,1789.959,35283.000
2021-07-07,1787.059,1805.939,1776.069,1781.059,28122.000
2021-07-08,1777.159,1781.059,1745.059,1762.059,35517.000
2021-07-09,1741.579,1762.969,1722.059,1749.169,30908.000
2021-07-12,1752.609,1775.839,1717.559,1738.059,39010.000
2021-07-13,1745.059,1782.559,1742.059,1759.959,29925.000
2021-07-14,1751.059,1751.559,1722.059,1739.059,30771.000
2021-07-15,1732.079,1790.059,1727.659,1775.049,42190.000
2021-07-16,1757.059,1773.659,1727.059,1732.959,35408.000
2021-07-19,1732.949,1763.059,1718.059,1752.059,30052.000
2021-07-20,1752.059,1765.989,1738.469,1757.059,23475.000
2021-07-21,1766.059,1783.059,1739.069,1746.059,29780.000
2021-07-22,1737.059,1750.959,1716.019,1717.069,39090.000
2021-07-23,1714.879,1714.879,1672.149,1677.059,47585.000
2021-07-26,1656.059,1656.059,1557.059,1581.169,98619.000
2021-07-27,1580.059,1587.059,1480.059,1489.949,86577.000
2021-07-28,1480.059,1565.259,1459.179,1545.959,85369.000
2021-07-29,1587.069,1600.059,1511.399,1526.849,63864.000
2021-07-30,1502.059,1502.059,1434.819,1456.049,77736.000
2021-08-02,1441.059,1533.039,1397.779,1532.059,97401.000
2021-08-03,1507.059,1546.049,1465.859,1526.359,54375.000
2021-08-04,1511.119,1537.059,1495.059,1501.059,38175.000
2021-08-05,1469.939,1522.059,1453.419,1476.059,48060.000
2021-08-06,1466.059,1471.069,1423.659,1448.059,45686.000
2021-08-09,1428.059,1486.059,1427.059,1470.859,47698.000
2021-08-10,1477.059,1579.939,1452.059,1576.059,83285.000
2021-08-11,1557.069,1562.069,1527.069,1527.559,38663.000
2021-08-12,1509.059,1526.059,1463.249,1467.059,47551.000
2021-08-13,1467.059,1490.059,1456.059,1477.099,37905.000
2021-08-16,1473.059,1490.659,1462.139,1476.259,28057.000
2021-08-17,1477.059,1477.059,1405.939,1412.059,61201.000
2021-08-18,1401.719,1420.049,1377.059,1397.059,59970.000
2021-08-19,1399.279,1420.259,1377.059,1397.029,41292.000
2021-08-20,1332.229,1374.609,1302.559,1325.059,114545.000
2021-08-23,1314.939,1376.059,1313.829,1347.249,71597.000
2021-08-24,1352.059,1419.609,1342.829,1402.239,72594.000
2021-08-25,1424.699,1457.929,1420.059,1442.079,54239.000
2021-08-26,1442.049,1442.049,1371.779,1372.059,54020.000
2021-08-27,1366.059,1402.059,1361.159,1373.089,36095.000
2021-08-30,1382.059,1390.059,1323.009,1363.059,51588.000
2021-08-31,1366.859,1393.409,1332.159,1335.059,43677.000
2021-09-01,1336.059,1412.049,1308.159,1399.069,77316.000
2021-09-02,1410.049,1420.059,1377.949,1395.859,42837.000
2021-09-03,1387.079,1436.849,1359.059,1435.279,52835.000
2021-09-06,1426.059,1485.219,1403.209,1447.729,55338.000
2021-09-07,1438.089,1461.539,1428.059,1446.059,31211.000
2021-09-08,1437.059,1448.239,1405.139,1410.159,33064.000
2021-09-09,1403.059,1422.059,1401.069,1411.139,19950.000
2021-09-10,1411.139,1445.859,1410.059,1439.639,33388.000
2021-09-13,1442.059,1461.059,1417.159,1431.059,27720.000
2021-09-14,1436.059,1460.059,1430.059,1434.059,33761.000
2021-09-15,1427.059,1437.059,1387.059,1392.799,41570.000
2021-09-16,1380.059,1421.059,1362.059,1415.129,45968.000
2021-09-17,1397.059,1482.659,1397.059,1463.059,55130.000
2021-09-22,1435.889,1465.059,1412.059,1414.749,31743.000
2021-09-23,1415.059,1432.939,1402.139,1412.059,30342.000
2021-09-24,1405.059,1497.039,1405.059,1471.059,69537.000
2021-09-27,1527.059,1640.459,1527.059,1632.059,126869.000
2021-09-28,1625.059,1637.059,1572.059,1599.119,49221.000
2021-09-29,1586.059,1622.069,1562.959,1597.059,43291.000
2021-09-30,1595.239,1627.279,1580.459,1607.059,40539.000
2021-10-08,1599.479,1655.059,1584.289,1616.659,47452.000
2021-10-11,1616.569,1666.959,1608.069,1644.179,37676.000
2021-10-12,1643.059,1654.059,1619.479,1648.049,30606.000
2021-10-13,1647.059,1727.009,1639.059,1706.959,50143.000
2021-10-14,1705.989,1718.859,1673.059,1688.059,26623.000
2021-10-15,1667.159,1707.049,1667.159,1694.029,28561.000
2021-10-18,1665.059,1665.059,1564.059,1577.059,69652.000
2021-10-19,1577.059,1615.859,1576.939,1589.239,40315.000
2021-10-20,1610.059,1626.859,1583.069,1618.059,28663.000
2021-10-21,1618.159,1637.059,1606.059,1621.059,23019.000
2021-10-22,1632.059,1698.069,1631.059,1678.059,35963.000
2021-10-25,1657.059,1662.069,1635.059,1650.089,32461.000
2021-10-26,1641.089,1656.049,1621.059,1638.109,21130.000
2021-10-27,1629.359,1635.359,1577.159,1596.059,34647.000
2021-10-28,1602.259,1620.839,1579.059,1602.549,29491.000
2021-10-29,1602.059,1625.059,1590.059,1603.139,28776.000
2021-11-01,1557.059,1603.359,1537.059,1580.059,41690.000
2021-11-02,1573.759,1621.279,1565.059,1581.699,32500.000
2021-11-03,1577.059,1587.039,1538.249,1542.059,27829.000
2021-11-04,1554.999,1593.059,1546.479,1581.259,31130.000
2021-11-05,1581.269,1622.049,1581.269,1596.999,27077.000
2021-11-08,1597.059,1607.859,1579.109,1597.159,17706.000
2021-11-09,1597.039,1604.929,1559.059,1567.069,27352.000
2021-11-10,1567.069,1572.059,1512.059,1531.049,35349.000
2021-11-11,1529.989,1546.659,1518.559,1546.659,22652.000
2021-11-12,1555.059,1562.109,1543.719,1550.839,17607.000
2021-11-15,1550.739,1561.059,1527.059,1538.199,24947.000
2021-11-16,1545.059,1595.059,1542.059,1585.059,33526.000
2021-11-17,1582.059,1597.559,1567.069,1572.059,24505.000
2021-11-18,1558.279,1584.059,1547.059,1569.059,19521.000
2021-11-19,1571.249,1626.059,1565.259,1605.469,31156.000
2021-11-22,1626.059,1686.059,1625.059,1631.329,42573.000
2021-11-23,1629.059,1694.059,1629.059,1673.489,45782.000
2021-11-24,1677.059,1743.059,1674.059,1718.059,54512.000
2021-11-25,1730.059,1763.259,1723.309,1733.089,39753.000
2021-11-26,1741.889,1744.059,1702.059,1718.069,32656.000
2021-11-29,1737.059,1767.059,1728.139,1762.059,42399.000
2021-11-30,1762.459,1766.959,1704.559,1707.829,36925.000
2021-12-01,1727.059,1737.009,1696.079,1710.049,26254.000
2021-12-02,1717.059,1719.209,1696.659,1711.059,20422.000
2021-12-03,1709.059,1765.679,1708.109,1748.939,35818.000
2021-12-06,1760.059,1767.059,1727.059,1744.359,31064.000
2021-12-07,1757.799,1764.929,1723.789,1732.929,36980.000
2021-12-08,1741.939,1822.059,1727.059,1820.059,61048.000
2021-12-09,1831.999,1893.979,1822.059,1863.609,64239.000
2021-12-10,1837.059,1872.839,1833.059,1867.059,43148.000
2021-12-13,1931.059,1957.059,1895.059,1895.259,65807.000
2021-12-14,1895.259,1944.959,1877.059,1927.059,40449.000
2021-12-15,1919.209,1942.009,1902.079,1912.059,30078.000
2021-12-16,1892.059,1921.109,1863.289,1896.049,37211.000
2021-12-17,1877.559,1885.059,1813.059,1827.759,48403.000
2021-12-20,1827.759,1862.719,1818.059,1836.019,32258.000
2021-12-21,1822.059,1846.189,1789.889,1815.259,26286.000
2021-12-22,1817.059,1840.059,1817.059,1825.059,17431.000
2021-12-23,1830.059,1897.059,1802.059,1897.059,39099.000
2021-12-24,1925.939,1994.019,1925.939,1971.149,56130.000
2021-12-27,1945.059,1945.059,1889.059,1908.879,37556.000
2021-12-28,1910.059,1932.559,1893.659,1915.239,27651.000
2021-12-29,1927.059,1931.309,1818.059,1818.059,54049.000
2021-12-30,1818.059,1866.039,1805.059,1852.059,35261.000
2021-12-31,1847.059,1850.039,1805.059,1827.059,29665.000
2022-01-04,1832.059,1846.009,1791.059,1828.289,33843.000
2022-01-05,1822.059,1842.059,1795.059,1801.059,28396.000
2022-01-06,1799.069,1813.059,1715.569,1759.279,51795.000
2022-01-07,1752.059,1765.939,1716.379,1719.059,29817.000
2022-01-10,1705.069,1754.059,1694.609,1743.059,29627.000
2022-01-11,1725.059,1742.059,1708.229,1717.609,22277.000
2022-01-12,1725.059,1755.859,1725.059,1744.059,27474.000
2022-01-13,1741.879,1745.049,1642.619,1654.449,56747.000
2022-01-14,1654.449,1670.059,1640.059,1644.059,29322.000
2022-01-17,1645.059,1655.359,1612.399,1638.669,27354.000
2022-01-18,1638.739,1685.909,1629.059,1669.329,31216.000
2022-01-19,1696.059,1696.059,1665.939,1689.059,26371.000
2022-01-20,1693.059,1757.049,1693.059,1746.579,34014.000
2022-01-21,1737.059,1770.549,1728.069,1762.049,30813.000
2022-01-24,1732.059,1761.059,1708.499,1727.259,23986.000
2022-01-25,1720.059,1743.059,1708.059,1720.059,25510.000
2022-01-26,1719.099,1746.059,1696.059,1732.059,23905.000
2022-01-27,1778.069,1787.879,1729.059,1742.059,42665.000
2022-01-28,1732.059,1745.059,1657.069,1664.059,41020.000
2022-02-07,1678.049,1690.619,1627.059,1645.019,35150.000
2022-02-08,1645.939,1649.929,1567.059,1616.059,41713.000
2022-02-09,1616.149,1685.059,1604.029,1673.039,33885.000
2022-02-10,1677.059,1682.959,1634.449,1650.059,23032.000
2022-02-11,1634.059,1677.849,1618.059,1627.029,33746.000
2022-02-14,1617.059,1654.059,1614.369,1645.729,20196.000
2022-02-15,1645.859,1688.059,1636.059,1667.679,27106.000
2022-02-16,1677.059,1684.059,1665.059,1669.609,14587.000
2022-02-17,1677.669,1688.539,1658.059,1664.049,18214.000
2022-02-18,1654.689,1685.039,1642.719,1684.059,19385.000
2022-02-21,1677.059,1683.959,1646.009,1654.049,20816.000
2022-02-22,1637.069,1638.059,1577.079,1584.929,52299.000
2022-02-23,1588.469,1611.059,1577.139,1604.069,28112.000
2022-02-24,1585.059,1591.049,1525.159,1541.169,65359.000
2022-02-25,1552.059,1585.339,1552.059,1576.119,38979.000
2022-02-28,1564.119,1574.059,1544.059,1567.459,28923.000
2022-03-01,1579.059,1640.629,1579.059,1635.539,47379.000
2022-03-02,1617.059,1628.049,1602.059,1621.939,20074.000
2022-03-03,1622.859,1627.309,1571.059,1577.059,31547.000
2022-03-04,1549.059,1569.949,1532.159,1557.559,31047.000
2022-03-07,1537.259,1545.059,1480.859,1484.059,49156.000
2022-03-08,1537.039,1563.719,1509.059,1530.259,57215.000
2022-03-09,1541.159,1582.059,1498.169,1556.239,56434.000
2022-03-10,1585.059,1598.059,1568.059,1571.489,36462.000
2022-03-11,1543.059,1554.059,1495.139,1546.069,47727.000
2022-03-14,1507.059,1527.059,1477.059,1477.059,49007.000
2022-03-15,1427.059,1462.059,1380.059,1380.059,89056.000
2022-03-16,1411.059,1460.959,1370.059,1452.009,77593.000
2022-03-17,1497.059,1532.059,1488.719,1497.209,68352.000
2022-03-18,1495.059,1522.059,1469.339,1484.849,38349.000
2022-03-21,1501.059,1502.709,1472.069,1481.359,27877.000
2022-03-22,1500.939,1500.939,1463.389,1472.059,21054.000
2022-03-23,1482.059,1547.059,1474.059,1529.249,58067.000
2022-03-24,1515.059,1517.059,1494.409,1497.989,25815.000
2022-03-25,1489.059,1511.059,1462.059,1467.059,29709.000
2022-03-28,1402.059,1441.859,1381.059,1437.859,57542.000
2022-03-29,1438.559,1468.559,1438.559,1444.059,25935.000
2022-03-30,1475.059,1507.159,1472.059,1507.159,42433.000
2022-03-31,1497.059,1515.659,1485.859,1496.059,25174.000
2022-04-01,1506.999,1570.059,1498.749,1557.069,44862.000
2022-04-06,1530.059,1565.789,1530.059,1542.059,27820.000
2022-04-07,1535.059,1562.059,1527.159,1542.059,20196.000
2022-04-08,1545.059,1565.759,1543.599,1561.059,22941.000
2022-04-11,1547.059,1547.059,1483.089,1497.059,43864.000
2022-04-12,1506.059,1565.029,1485.059,1559.059,41630.000
2022-04-13,1544.059,1572.059,1528.139,1546.059,31148.000
2022-04-14,1565.059,1612.959,1557.259,1586.059,37650.000
2022-04-15,1579.259,1595.059,1572.949,1583.049,21041.000
2022-04-18,1558.189,1575.059,1545.059,1567.879,19793.000
2022-04-19,1577.059,1610.049,1552.559,1567.359,24205.000
2022-04-20,1578.749,1597.059,1545.739,1574.059,24156.000
2022-04-21,1567.259,1583.059,1547.059,1557.039,28953.000
2022-04-22,1540.059,1564.939,1537.239,1550.059,27900.000
2022-04-25,1527.059,1553.559,1479.059,1485.059,53658.000
2022-04-26,1480.389,1526.039,1477.059,1509.539,44564.000
2022-04-27,1544.179,1587.059,1544.179,1571.979,57402.000
2022-04-28,1570.059,1622.059,1563.559,1612.059,44010.000
2022-04-29,1613.059,1626.059,1588.039,1605.439,34885.000
2022-05-05,1607.059,1647.059,1606.039,1614.059,33661.000
2022-05-06,1592.049,1596.059,1558.059,1570.059,28596.000
2022-05-09,1557.059,1557.059,1515.059,1529.059,30352.000
2022-05-10,1497.059,1562.019,1482.069,1543.249,40119.000
2022-05-11,1532.059,1565.539,1529.059,1545.059,30313.000
2022-05-12,1530.059,1555.059,1527.059,1539.729,22038.000
2022-05-13,1557.059,1574.999,1543.059,1555.299,20731.000
2022-05-16,1574.059,1574.059,1519.729,1535.059,27765.000
2022-05-17,1546.939,1552.059,1532.059,1545.059,20145.000
2022-05-18,1550.719,1550.979,1520.079,1538.059,24850.000
2022-05-19,1522.059,1534.059,1516.059,1533.059,19776.000
2022-05-20,1537.049,1578.209,1529.059,1577.069,41950.000
2022-05-23,1577.059,1580.949,1549.059,1558.059,22157.000
2022-05-24,1563.059,1564.059,1532.559,1537.059,27342.000
2022-05-25,1542.329,1549.059,1524.059,1532.569,22389.000
2022-05-26,1538.059,1538.059,1507.059,1519.859,28053.000
2022-05-27,1537.049,1557.059,1530.069,1532.219,25120.000
2022-05-30,1543.059,1567.609,1543.059,1555.469,34466.000
2022-05-31,1551.829,1591.959,1544.039,1581.089,40751.000
2022-06-01,1579.059,1591.839,1556.059,1565.309,21760.000
2022-06-02,1565.029,1572.859,1557.059,1563.059,16915.000
2022-06-06,1567.059,1572.059,1535.059,1565.059,36741.000
2022-06-07,1561.199,1602.059,1547.369,1594.959,35049.000
2022-06-08,1602.059,1659.059,1602.059,1642.659,44354.000
2022-06-09,1649.059,1665.409,1626.059,1630.059,26329.000
2022-06-10,1622.069,1684.059,1612.059,1677.659,47345.000
2022-06-13,1667.059,1669.059,1625.139,1633.059,36755.000
2022-06-14,1611.059,1652.479,1609.059,1648.059,29416.000
2022-06-15,1647.059,1682.059,1640.049,1652.159,33664.000
2022-06-16,1671.649,1684.689,1652.389,1654.059,26887.000
2022-06-17,1655.149,1729.059,1655.149,1728.059,50542.000
2022-06-20,1727.059,1747.059,1707.059,1719.079,34975.000
2022-06-21,1726.059,1744.049,1705.059,1722.799,23717.000
2022-06-22,1732.059,1735.059,1709.059,1713.059,19647.000
2022-06-23,1719.759,1742.099,1717.059,1734.159,26844.000
2022-06-24,1747.059,1797.059,1742.059,1786.069,39635.000
2022-06-27,1796.999,1826.999,1777.359,1787.609,40115.000
2022-06-28,1796.799,1818.059,1778.059,1813.059,25246.000
2022-06-29,1805.059,1819.059,1788.069,1807.059,30360.000
2022-06-30,1798.734,1875.734,1798.724,1843.734,38982.000
2022-07-01,1853.734,1866.504,1813.944,1827.784,21596.000
2022-07-04,1818.744,1823.024,1799.744,1816.734,25076.000
2022-07-05,1824.014,1853.184,1808.734,1831.744,26329.000
2022-07-06,1830.734,1837.734,1784.734,1800.734,32752.000
2022-07-07,1803.734,1808.084,1783.744,1788.734,20932.000
2022-07-08,1803.734,1813.624,1794.894,1797.734,15644.000
2022-07-11,1788.934,1793.504,1749.234,1762.334,23949.000
2022-07-12,1763.734,1771.534,1728.794,1747.144,23447.000
2022-07-13,1743.734,1770.734,1739.404,1757.624,19854.000
2022-07-14,1758.734,1775.534,1739.734,1751.734,20527.000
2022-07-15,1743.844,1798.414,1743.244,1748.234,33416.000
2022-07-18,1751.094,1757.734,1720.734,1750.394,24221.000
2022-07-19,1743.734,1750.384,1724.734,1741.834,21956.000
2022-07-20,1757.484,1768.734,1743.734,1748.834,18705.000
2022-07-21,1741.834,1754.634,1733.244,1737.734,14061.000
2022-07-22,1747.954,1760.734,1733.734,1745.734,25114.000
2022-07-25,1748.244,1751.034,1729.734,1743.384,16912.000
2022-07-26,1751.724,1763.704,1745.754,1748.944,20685.000
2022-07-27,1740.734,1746.734,1715.734,1718.334,21490.000
2022-07-28,1719.834,1736.734,1691.394,1696.734,34870.000
2022-07-29,1693.834,1717.724,1676.834,1697.174,37032.000
2022-08-01,1688.744,1706.734,1679.914,1689.034,21037.000
2022-08-02,1678.734,1686.714,1656.744,1678.714,28221.000
2022-08-03,1688.724,1702.734,1675.734,1683.734,24598.000
2022-08-04,1688.734,1721.834,1678.864,1714.744,30357.000
2022-08-05,1726.534,1733.734,1703.634,1722.694,20086.000
2022-08-08,1713.884,1731.614,1706.244,1710.264,16799.000
2022-08-09,1710.264,1717.724,1703.734,1708.734,13875.000
2022-08-10,1708.714,1716.734,1663.314,1674.734,27927.000
2022-08-11,1684.734,1705.734,1676.744,1705.634,26061.000
2022-08-12,1705.634,1728.734,1698.734,1726.734,20260.000
2022-08-15,1719.194,1738.234,1714.284,1718.624,19323.000
2022-08-16,1722.674,1732.524,1714.734,1716.574,14836.000
2022-08-17,1728.734,1728.734,1693.734,1716.734,18361.000
2022-08-18,1706.734,1711.814,1679.804,1694.234,23168.000
2022-08-19,1696.734,1707.084,1686.734,1693.744,13544.000
2022-08-22,1683.744,1705.734,1680.114,1692.714,15427.000
2022-08-23,1697.334,1697.334,1665.734,1668.744,23756.000
2022-08-24,1668.724,1673.964,1649.734,1652.934,18728.000
2022-08-25,1657.734,1686.734,1652.934,1683.734,21925.000
2022-08-26,1698.734,1710.734,1684.734,1696.734,23142.000
2022-08-29,1681.734,1698.704,1672.734,1677.554,13570.000
2022-08-30,1681.084,1683.734,1652.934,1668.734,18235.000
2022-08-31,1658.834,1724.294,1658.744,1722.734,44692.000
2022-09-01,1710.884,1714.734,1679.624,1679.624,26845.000
2022-09-02,1688.674,1691.694,1664.904,1673.734,19391.000
2022-09-05,1661.374,1667.734,1618.734,1633.734,36822.000
2022-09-06,1634.094,1646.934,1623.734,1643.734,20830.000
2022-09-07,1633.764,1636.394,1609.744,1616.744,28306.000
2022-09-08,1618.734,1630.734,1613.734,1613.734,16591.000
2022-09-09,1623.734,1650.734,1614.734,1643.524,27090.000
2022-09-13,1678.734,1687.114,1656.964,1677.734,28693.000
2022-09-14,1662.744,1678.734,1661.734,1667.734,16042.000
2022-09-15,1668.734,1691.854,1668.694,1678.734,20810.000
2022-09-16,1670.534,1684.334,1653.844,1657.734,24121.000
2022-09-19,1653.734,1687.324,1651.614,1670.374,18584.000
2022-09-20,1668.714,1683.334,1657.284,1676.734,14116.000
2022-09-21,1675.404,1681.734,1646.734,1646.734,20995.000
2022-09-22,1638.734,1639.754,1615.584,1619.544,22704.000
2022-09-23,1619.544,1653.734,1619.544,1633.164,28288.000
2022-09-26,1618.734,1686.734,1618.714,1661.734,35135.000
2022-09-27,1667.594,1695.734,1649.844,1686.734,28820.000
2022-09-28,1679.234,1698.134,1672.744,1681.734,21446.000
2022-09-29,1696.714,1700.914,1669.864,1679.084,21590.000
2022-09-30,1697.354,1700.724,1664.734,1671.234,21289.000
2022-10-10,1688.734,1689.734,1578.934,1584.734,48584.000
2022-10-11,1587.734,1604.734,1558.734,1578.724,32047.000
2022-10-12,1572.394,1577.734,1506.734,1558.734,48195.000
2022-10-13,1519.194,1533.734,1495.734,1498.724,63969.000
2022-10-14,1508.734,1553.734,1500.674,1536.344,46520.000
2022-10-17,1524.734,1526.724,1496.534,1517.234,33550.000
2022-10-18,1523.734,1528.734,1499.734,1504.564,28083.000
2022-10-19,1500.714,1500.714,1446.734,1446.734,60121.000
2022-10-20,1419.734,1467.164,1409.734,1442.234,42778.000
2022-10-21,1438.734,1446.534,1408.734,1422.734,38907.000
2022-10-24,1368.734,1387.734,1286.744,1300.014,132098.000
2022-10-25,1278.154,1313.734,1270.734,1278.484,81362.000
2022-10-26,1287.534,1313.724,1258.734,1262.814,81781.000
2022-10-27,1278.734,1286.714,1182.584,1199.734,107106.000
2022-10-28,1189.504,1204.734,1157.444,1158.734,93143.000
2022-10-31,1148.734,1180.744,1131.734,1148.734,71847.000
2022-11-01,1157.734,1268.134,1157.734,1260.744,118766.000
2022-11-02,1258.734,1304.734,1234.734,1270.694,79777.000
2022-11-03,1242.304,1261.234,1226.834,1238.234,45160.000
2022-11-04,1236.694,1326.504,1236.694,1315.304,80008.000
2022-11-07,1292.784,1317.214,1285.324,1305.844,42698.000
2022-11-08,1306.734,1316.724,1267.694,1283.614,39325.000
2022-11-09,1282.684,1287.614,1248.734,1258.634,36090.000
2022-11-10,1242.734,1283.734,1233.884,1273.734,37720.000
2022-11-11,1326.734,1343.184,1293.714,1326.884,73947.000
2022-11-14,1342.234,1362.264,1326.734,1331.734,57370.000
2022-11-15,1330.734,1397.704,1319.734,1386.734,56318.000
2022-11-16,1379.734,1396.734,1366.734,1383.984,26848.000
2022-11-17,1389.234,1395.034,1351.614,1365.734,30580.000
2022-11-18,1374.734,1382.734,1354.734,1365.864,23609.000
2022-11-21,1340.084,1340.084,1297.264,1318.714,39096.000
2022-11-22,1316.174,1358.474,1314.844,1338.684,29901.000
2022-11-23,1326.734,1355.734,1319.774,1347.734,22177.000
2022-11-24,1357.734,1367.614,1312.714,1318.724,27687.000
2022-11-25,1319.244,1330.734,1308.734,1320.744,18621.000
2022-11-28,1283.514,1313.734,1249.734,1308.614,47723.000
2022-11-29,1368.294,1398.734,1349.734,1397.734,73420.000
2022-11-30,1385.854,1402.734,1383.734,1397.734,31497.000
2022-12-01,1458.734,1478.734,1429.524,1429.534,51358.000
2022-12-02,1433.734,1451.724,1419.934,1432.614,23884.000
2022-12-05,1466.734,1477.734,1447.734,1463.634,36127.000
2022-12-06,1453.734,1525.634,1450.734,1486.734,44147.000
2022-12-07,1476.544,1518.734,1468.764,1482.734,35526.000
2022-12-08,1480.734,1493.734,1463.734,1485.754,19730.000
2022-12-09,1490.734,1528.734,1480.734,1528.734,39215.000
2022-12-12,1514.594,1564.734,1513.734,1537.754,34755.000
2022-12-13,1535.734,1559.424,1528.734,1548.734,21385.000
2022-12-14,1541.734,1579.534,1541.734,1569.604,29098.000
2022-12-15,1603.734,1614.734,1578.734,1585.724,30634.000
2022-12-16,1571.984,1589.734,1541.734,1585.604,33303.000
2022-12-19,1597.534,1597.534,1558.904,1571.734,24987.000
2022-12-20,1564.064,1564.064,1481.184,1513.734,46198.000
2022-12-21,1522.734,1537.734,1516.384,1537.734,22816.000
2022-12-22,1555.434,1581.734,1543.734,1566.734,23175.000
2022-12-23,1551.134,1580.734,1543.734,1569.734,17319.000
2022-12-26,1569.734,1569.734,1533.754,1540.794,21384.000
2022-12-27,1558.644,1567.794,1546.144,1553.644,17905.000
2022-12-28,1566.524,1567.644,1528.654,1553.644,21438.000
2022-12-29,1537.644,1547.634,1521.694,1539.644,22418.000
2022-12-30,1556.644,1573.634,1547.644,1547.644,25333.000
2023-01-03,1551.844,1559.074,1526.654,1550.654,26034.000
2023-01-04,1550.644,1559.344,1536.644,1545.654,20416.000
2023-01-05,1557.644,1621.644,1553.644,1621.644,47943.000
2023-01-06,1626.764,1632.544,1607.644,1624.414,24904.000
2023-01-09,1655.644,1670.624,1628.464,1661.844,30977.000
2023-01-10,1659.704,1685.144,1651.144,1675.094,22732.000
2023-01-11,1676.644,1680.644,1657.484,1665.594,22720.000
2023-01-12,1668.644,1676.644,1653.644,1654.644,17193.000
2023-01-13,1664.824,1708.644,1660.644,1707.644,31940.000
2023-01-16,1706.644,1755.644,1701.644,1733.544,36848.000
2023-01-17,1733.804,1743.644,1715.644,1728.644,21299.000
2023-01-18,1734.644,1745.944,1710.644,1713.644,21063.000
2023-01-19,1713.144,1713.164,1686.644,1700.854,23439.000
2023-01-20,1709.834,1718.894,1678.644,1680.654,25609.000
2023-01-30,1729.644,1729.644,1700.644,1708.644,35923.000
2023-01-31,1717.144,1720.594,1653.714,1666.404,32991.000
2023-02-01,1675.624,1679.644,1632.044,1665.614,33974.000
2023-02-02,1669.024,1679.644,1646.644,1656.754,29759.000
2023-02-03,1640.644,1646.644,1616.324,1638.644,34945.000
2023-02-06,1600.644,1615.644,1580.644,1615.644,42661.000
2023-02-07,1628.724,1629.444,1608.374,1617.644,24322.000
2023-02-08,1620.654,1626.614,1595.644,1604.644,16676.000
2023-02-09,1598.644,1650.394,1595.654,1638.644,29754.000
2023-02-10,1630.744,1639.134,1621.694,1630.644,17985.000
2023-02-13,1630.644,1695.144,1630.644,1676.994,38147.000
2023-02-14,1677.104,1678.044,1655.644,1664.434,19566.000
2023-02-15,1664.424,1675.944,1656.454,1661.644,18177.000
2023-02-16,1661.984,1707.644,1648.644,1682.464,33246.000
2023-02-17,1670.804,1693.644,1640.694,1641.424,26443.000
2023-02-20,1641.644,1699.444,1637.844,1695.644,29669.000
2023-02-21,1694.644,1694.644,1671.644,1687.644,18751.000
2023-02-22,1675.654,1684.544,1652.444,1656.644,21869.000
2023-02-23,1660.644,1669.444,1625.894,1638.644,21881.000
2023-02-24,1630.754,1630.834,1602.824,1608.644,24635.000
2023-02-27,1599.144,1635.644,1595.664,1631.054,22065.000
2023-02-28,1639.644,1642.654,1603.944,1634.384,23952.000
2023-03-01,1633.644,1668.644,1623.874,1659.174,24458.000
2023-03-02,1649.644,1659.634,1641.744,1648.644,13144.000
2023-03-03,1660.414,1662.254,1623.124,1638.684,16198.000
2023-03-06,1638.824,1639.144,1617.414,1627.784,20646.000
2023-03-07,1626.624,1637.244,1608.644,1608.944,22785.000
2023-03-08,1600.664,1606.584,1581.764,1591.064,22764.000
2023-03-09,1588.644,1605.644,1560.644,1590.664,27612.000
2023-03-10,1572.214,1601.644,1570.644,1570.644,21161.000
2023-03-13,1571.644,1595.644,1569.644,1582.644,20560.000
2023-03-14,1584.424,1600.524,1559.144,1586.644,23705.000
2023-03-15,1599.014,1605.524,1570.764,1571.564,19213.000
2023-03-16,1560.644,1590.644,1559.654,1572.634,17646.000
2023-03-17,1590.644,1596.534,1556.644,1562.644,27023.000
2023-03-20,1571.644,1575.644,1548.644,1550.244,20491.000
2023-03-21,1555.644,1606.494,1544.614,1595.644,31142.000
2023-03-22,1600.644,1613.644,1586.194,1593.994,15330.000
2023-03-23,1586.644,1611.754,1585.654,1595.504,17356.000
2023-03-24,1589.724,1604.244,1586.644,1599.264,12770.000
2023-03-27,1599.244,1599.244,1576.644,1588.434,15296.000
2023-03-28,1590.644,1610.644,1585.664,1602.444,17261.000
2023-03-29,1619.644,1620.644,1605.714,1610.644,15393.000
2023-03-30,1613.644,1625.644,1599.644,1620.644,19257.000
2023-03-31,1645.644,1668.644,1639.644,1640.644,27446.000
2023-04-03,1645.644,1648.414,1620.724,1622.714,21417.000
2023-04-04,1632.644,1635.814,1607.644,1635.234,20066.000
2023-04-06,1625.644,1636.544,1608.864,1617.604,14874.000
2023-04-07,1615.644,1626.654,1608.984,1611.634,13525.000
2023-04-10,1611.524,1611.524,1564.644,1592.344,29418.000
2023-04-11,1613.644,1613.644,1564.644,1566.144,29209.000
2023-04-12,1567.904,1570.644,1513.464,1514.744,51105.000
2023-04-13,1510.644,1544.234,1504.654,1543.644,29543.000
2023-04-14,1546.644,1553.644,1525.444,1534.064,21232.000
2023-04-17,1560.644,1573.644,1548.644,1573.644,30467.000
2023-04-18,1573.644,1589.644,1566.664,1578.644,18314.000
2023-04-19,1582.644,1586.144,1570.644,1579.644,14601.000
2023-04-20,1580.754,1585.644,1549.644,1562.524,19885.000
2023-04-21,1566.644,1568.724,1541.924,1546.114,18518.000
2023-04-24,1541.644,1542.644,1521.644,1525.644,20231.000
2023-04-25,1526.644,1556.624,1522.644,1551.024,20583.000
2023-04-26,1564.644,1581.644,1540.644,1564.554,27892.000
2023-04-27,1568.644,1590.644,1550.644,1578.564,25605.000
2023-04-28,1583.654,1603.414,1574.614,1581.164,26225.000
2023-05-04,1589.644,1598.314,1556.644,1570.544,27466.000
2023-05-05,1586.644,1586.644,1557.034,1570.644,20714.000
2023-05-08,1588.964,1589.644,1537.814,1541.164,33171.000
2023-05-09,1535.644,1560.624,1527.714,1542.644,29378.000
2023-05-10,1535.834,1556.644,1535.644,1545.644,20773.000
2023-05-11,1551.644,1555.644,1535.644,1537.714,15246.000
2023-05-12,1535.644,1550.524,1525.654,1527.044,19460.000
2023-05-15,1522.644,1537.644,1511.844,1536.944,25740.000
2023-05-16,1534.634,1540.634,1517.644,1523.934,22224.000
2023-05-17,1528.644,1533.644,1519.654,1521.644,16777.000
2023-05-18,1525.634,1526.044,1510.644,1511.644,19219.000
2023-05-19,1491.644,1524.974,1476.194,1520.144,26741.000
2023-05-22,1510.654,1572.644,1510.644,1566.644,41284.000
2023-05-23,1574.634,1574.644,1545.194,1545.194,16894.000
2023-05-24,1552.974,1554.194,1530.754,1531.544,18479.000
2023-05-25,1526.634,1530.644,1510.644,1521.644,22466.000
2023-05-26,1522.644,1525.644,1495.654,1511.204,18291.000
2023-05-29,1517.644,1518.994,1498.644,1509.644,17771.000
2023-05-30,1509.644,1519.534,1479.204,1488.934,26453.000
2023-05-31,1481.654,1486.364,1447.314,1449.544,36957.000
2023-06-01,1438.644,1495.634,1438.644,1456.564,28645.000
2023-06-02,1465.644,1493.794,1456.754,1491.244,25058.000
2023-06-05,1486.804,1503.524,1483.644,1485.644,16201.000
2023-06-06,1490.644,1504.644,1472.194,1487.634,19914.000
2023-06-07,1493.634,1499.444,1470.644,1471.544,17890.000
2023-06-08,1476.474,1495.644,1470.654,1488.644,14703.000
2023-06-09,1492.634,1498.614,1486.644,1486.644,17580.000
2023-06-12,1486.664,1528.644,1482.164,1516.644,27029.000
2023-06-13,1514.524,1525.254,1505.644,1519.644,14663.000
2023-06-14,1539.644,1554.884,1526.854,1547.524,31506.000
2023-06-15,1550.984,1576.294,1543.644,1575.644,25223.000
2023-06-16,1577.644,1620.644,1570.744,1618.334,37918.000
2023-06-19,1610.644,1618.594,1558.644,1564.644,31700.000
2023-06-20,1560.644,1585.644,1555.644,1564.104,20947.000
2023-06-21,1560.644,1577.244,1555.644,1556.474,17721.000
2023-06-26,1540.754,1550.644,1515.644,1529.644,23993.000
2023-06-27,1530.634,1540.344,1520.734,1531.694,15174.000
2023-06-28,1533.824,1554.644,1531.644,1549.024,18574.000
2023-06-29,1551.644,1555.634,1533.654,1534.354,14231.000
2023-06-30,1546.555,1555.545,1533.035,1537.555,20459.000
2023-07-03,1545.555,1571.835,1538.555,1570.655,19139.000
2023-07-04,1570.755,1580.995,1564.635,1577.155,12472.000
2023-07-05,1576.555,1578.525,1546.555,1561.935,14745.000
2023-07-06,1555.715,1579.555,1546.555,1549.535,15141.000
2023-07-07,1547.555,1555.545,1536.555,1536.585,15167.000
2023-07-10,1551.555,1561.515,1546.555,1547.455,13477.000
2023-07-11,1556.555,1561.725,1548.655,1556.555,12583.000
2023-07-12,1559.595,1569.555,1557.885,1560.355,13285.000
2023-07-13,1568.545,1591.965,1565.565,1584.955,25807.000
2023-07-14,1602.555,1605.055,1587.755,1599.555,18550.000
2023-07-17,1597.555,1597.555,1573.155,1576.525,14336.000
2023-07-18,1580.135,1581.065,1567.555,1569.355,14738.000
2023-07-19,1561.565,1574.555,1560.355,1569.555,12483.000
2023-07-20,1574.545,1595.535,1568.555,1570.555,16693.000
2023-07-21,1578.435,1619.055,1572.555,1617.855,39377.000
2023-07-24,1597.075,1617.705,1597.075,1617.705,19713.000
2023-07-25,1646.555,1675.435,1646.545,1675.105,43086.000
2023-07-26,1675.105,1682.545,1661.635,1675.105,19611.000
2023-07-27,1682.555,1701.345,1675.255,1684.585,20340.000
2023-07-28,1678.555,1746.555,1674.565,1743.555,39018.000
2023-07-31,1754.555,1781.555,1720.555,1727.135,45379.000
2023-08-01,1724.565,1753.505,1724.445,1735.555,19231.000
2023-08-02,1729.955,1736.555,1713.355,1726.555,18509.000
2023-08-03,1716.555,1736.555,1697.055,1725.025,21543.000
2023-08-04,1734.375,1753.075,1728.555,1740.025,24574.000
2023-08-07,1727.505,1744.555,1717.585,1734.485,23892.000
2023-08-08,1726.585,1740.265,1710.635,1736.555,17736.000
2023-08-09,1736.555,1751.555,1729.515,1736.835,18523.000
2023-08-10,1728.555,1735.555,1708.855,1721.555,18436.000
2023-08-11,1731.555,1731.955,1680.435,1680.555,26786.000
2023-08-14,1656.555,1671.535,1642.555,1649.555,23731.000
2023-08-15,1655.555,1664.555,1647.565,1659.535,14818.000
2023-08-16,1654.135,1669.905,1652.555,1666.555,13184.000
2023-08-17,1652.635,1680.555,1648.105,1674.605,17290.000
2023-08-18,1678.545,1681.545,1649.145,1649.145,17023.000
2023-08-21,1639.555,1660.545,1636.625,1637.555,18912.000
2023-08-22,1647.545,1649.115,1617.575,1634.555,26650.000
2023-08-23,1643.555,1646.555,1616.635,1620.555,19912.000
2023-08-24,1626.175,1674.555,1621.555,1662.855,26055.000
2023-08-25,1655.345,1684.325,1652.565,1671.535,18831.000
2023-08-28,1745.135,1745.135,1678.435,1681.525,41052.000
2023-08-29,1674.555,1715.635,1674.555,1697.885,28950.000
2023-08-30,1714.455,1714.555,1690.215,1702.555,19812.000
2023-08-31,1706.555,1706.555,1687.565,1693.555,14820.000
2023-09-01,1699.385,1712.025,1692.585,1697.605,13145.000
2023-09-04,1709.155,1726.495,1700.085,1712.555,23871.000
2023-09-05,1714.555,1714.555,1703.355,1705.255,15659.000
2023-09-06,1704.555,1713.215,1695.565,1707.555,11121.000
2023-09-07,1699.155,1703.445,1677.745,1684.555,16982.000
2023-09-08,1681.495,1681.495,1661.505,1665.055,12212.000
2023-09-11,1654.555,1686.555,1654.555,1668.725,15926.000
2023-09-12,1673.155,1673.535,1662.575,1666.515,12168.000
2023-09-13,1676.475,1676.475,1646.605,1666.465,19501.000
2023-09-14,1669.085,1673.535,1652.555,1665.245,17505.000
2023-09-15,1665.555,1666.335,1627.855,1628.545,28431.000
2023-09-18,1622.865,1676.055,1619.555,1675.755,32559.000
2023-09-19,1668.755,1675.555,1654.555,1673.495,14990.000
2023-09-20,1668.555,1676.555,1664.605,1670.555,12502.000
2023-09-21,1664.565,1668.555,1644.945,1644.945,19489.000
2023-09-22,1652.185,1696.515,1638.965,1695.555,34390.000
2023-09-25,1694.055,1694.555,1673.145,1678.935,13979.000
2023-09-26,1674.555,1681.435,1659.655,1662.555,15762.000
2023-09-27,1661.555,1680.055,1649.355,1660.555,20880.000
2023-09-28,1671.535,1671.535,1644.355,1645.105,20538.000
2023-10-09,1643.495,1643.495,1611.455,1623.555,29763.000
2023-10-10,1629.445,1645.535,1614.555,1616.555,20284.000
2023-10-11,1631.205,1631.205,1614.555,1625.055,21945.000
2023-10-12,1644.455,1644.785,1623.755,1632.555,14865.000
2023-10-13,1617.435,1624.565,1584.745,1597.555,25028.000
2023-10-16,1597.535,1602.555,1569.005,1576.455,20790.000
2023-10-17,1585.555,1585.995,1562.555,1572.555,14945.000
2023-10-18,1565.355,1588.555,1563.735,1574.555,20318.000
2023-10-19,1546.555,1546.585,1472.585,1476.555,73492.000
2023-10-20,1476.555,1501.555,1462.805,1491.555,45376.000
2023-10-23,1476.525,1506.555,1468.155,1490.535,25234.000
2023-10-24,1494.555,1499.915,1467.765,1489.505,29861.000
2023-10-25,1516.665,1544.555,1513.575,1524.055,36179.000
2023-10-26,1513.555,1534.555,1508.565,1518.785,22386.000
2023-10-27,1510.555,1538.435,1507.155,1523.265,34262.000
2023-10-30,1515.555,1535.435,1515.555,1527.555,24086.000
2023-10-31,1526.555,1536.555,1514.405,1531.135,19859.000
2023-11-01,1696.555,1696.555,1620.345,1627.545,93143.000
2023-11-02,1641.555,1641.555,1622.615,1626.055,27908.000
2023-11-03,1626.555,1661.445,1620.555,1657.795,30176.000
2023-11-06,1666.555,1670.345,1647.675,1658.555,25524.000
2023-11-07,1651.555,1656.555,1630.635,1637.725,19582.000
2023-11-08,1630.605,1650.355,1629.425,1644.895,14546.000
2023-11-09,1636.665,1645.555,1629.555,1640.665,12800.000
2023-11-10,1627.105,1634.555,1619.655,1622.395,16466.000
2023-11-13,1618.835,1631.435,1603.535,1610.555,18370.000
2023-11-14,1610.555,1621.545,1606.565,1611.825,12817.000
2023-11-15,1625.555,1629.445,1613.555,1619.485,18435.000
2023-11-16,1620.555,1622.555,1606.605,1606.605,12558.000
2023-11-17,1598.555,1605.555,1584.455,1599.975,21714.000
2023-11-20,1601.555,1616.055,1583.215,1609.055,18608.000
2023-11-21,1629.975,1644.555,1616.655,1636.555,30098.000
2023-11-22,1629.855,1640.905,1627.095,1628.065,12665.000
2023-11-23,1624.855,1634.555,1617.555,1632.555,11550.000
2023-11-24,1635.555,1635.555,1621.555,1623.555,13085.000
2023-11-27,1619.855,1619.855,1601.555,1609.555,16261.000
2023-11-28,1607.555,1620.435,1604.555,1615.595,14520.000
2023-11-29,1614.555,1622.555,1604.555,1621.265,17149.000
2023-11-30,1623.275,1641.315,1617.635,1638.055,21353.000
2023-12-01,1635.865,1636.255,1594.555,1606.835,33051.000
2023-12-04,1606.835,1608.385,1591.835,1597.265,18440.000
2023-12-05,1595.335,1595.435,1554.575,1555.555,29903.000
2023-12-06,1549.185,1566.025,1547.685,1549.555,23851.000
2023-12-07,1550.555,1555.635,1533.855,1546.555,25042.000
2023-12-08,1546.555,1555.395,1538.775,1551.475,26288.000
2023-12-11,1536.555,1550.555,1503.555,1544.555,36831.000
2023-12-12,1534.155,1556.545,1530.555,1556.545,21011.000
2023-12-13,1551.775,1552.275,1503.635,1506.555,38789.000
2023-12-14,1512.515,1516.425,1481.575,1482.455,40672.000
2023-12-15,1494.785,1524.325,1490.565,1491.555,37093.000
2023-12-18,1486.555,1509.885,1481.555,1508.555,19897.000
2023-12-19,1511.555,1526.425,1491.645,1521.555,22207.000
2023-12-20,1523.661,1525.661,1508.661,1515.451,23092.000
2023-12-21,1505.671,1537.981,1505.671,1535.661,29012.000
2023-12-22,1535.361,1544.761,1523.671,1536.311,21667.000
2023-12-25,1536.661,1544.261,1533.661,1537.661,12471.000
2023-12-26,1538.161,1540.561,1523.161,1535.661,14771.000
2023-12-27,1533.661,1542.811,1526.661,1532.721,16056.000
2023-12-28,1536.651,1593.651,1532.721,1590.651,38338.000
2023-12-29,1585.661,1615.241,1585.661,1591.661,27539.000
2024-01-02,1580.661,1583.851,1543.761,1550.671,32156.000
2024-01-03,1546.771,1560.881,1541.991,1559.661,20229.000
2024-01-04,1558.661,1558.661,1528.591,1534.661,21551.000
2024-01-05,1526.991,1544.321,1517.771,1529.021,20243.000
2024-01-08,1526.661,1527.661,1505.671,1509.651,25586.000
2024-01-09,1506.671,1517.981,1500.731,1506.661,24412.000
2024-01-10,1506.761,1525.121,1503.661,1507.161,17351.000
2024-01-11,1505.761,1523.601,1503.721,1512.231,16441.000
2024-01-12,1505.631,1516.921,1505.061,1508.721,11603.000
2024-01-15,1500.661,1520.631,1500.111,1505.661,17854.000
2024-01-16,1504.161,1512.661,1490.601,1505.091,25903.000
2024-01-17,1495.661,1501.141,1442.661,1442.661,51633.000
2024-01-18,1439.661,1478.461,1421.211,1476.531,60440.000
2024-01-19,1474.531,1503.671,1466.541,1500.661,46378.000
2024-01-22,1494.661,1508.661,1484.541,1507.661,46946.000
2024-01-23,1497.671,1505.611,1474.661,1484.661,34835.000
2024-01-24,1494.661,1499.501,1469.221,1491.661,33216.000
2024-01-25,1492.481,1506.661,1487.661,1503.661,31206.000
2024-01-26,1496.021,1509.761,1488.661,1502.981,26955.000
2024-01-29,1505.961,1526.241,1505.951,1515.661,31421.000
2024-01-30,1515.641,1515.641,1475.661,1478.661,30866.000
2024-01-31,1478.661,1485.631,1463.791,1470.571,29649.000
2024-02-01,1471.161,1489.551,1466.661,1475.691,26485.000
2024-02-02,1480.661,1493.441,1446.661,1461.661,39382.000
2024-02-05,1461.661,1503.101,1460.911,1495.671,53130.000
2024-02-06,1495.671,1551.141,1491.761,1541.661,52472.000
2024-02-07,1546.691,1580.251,1527.271,1576.651,52601.000
2024-02-08,1585.671,1590.661,1550.661,1571.661,46757.000
2024-02-19,1603.531,1603.591,1553.661,1561.091,36977.000
2024-02-20,1563.021,1563.021,1522.221,1535.661,34470.000
2024-02-21,1531.681,1596.661,1527.661,1583.321,46154.000
2024-02-22,1573.161,1588.671,1566.191,1584.041,22794.000
2024-02-23,1576.771,1590.041,1565.681,1579.751,27306.000
2024-02-26,1573.661,1574.401,1550.681,1560.641,27318.000
2024-02-27,1548.661,1558.581,1543.661,1555.161,22080.000
2024-02-28,1554.581,1562.231,1539.671,1547.211,31867.000
2024-02-29,1547.211,1562.161,1544.861,1560.661,24758.000
2024-03-01,1555.661,1560.631,1542.341,1550.721,26868.000
2024-03-04,1544.661,1546.651,1535.711,1541.961,26485.000
2024-03-05,1536.471,1562.661,1532.341,1560.761,36238.000
2024-03-06,1556.661,1560.661,1543.681,1546.211,22142.000
2024-03-07,1545.661,1555.461,1543.661,1549.291,21599.000
2024-03-08,1546.221,1552.341,1535.711,1537.091,22156.000
2024-03-11,1540.661,1564.541,1538.841,1560.151,29895.000
2024-03-12,1559.601,1614.761,1556.161,1610.661,54227.000
2024-03-13,1605.631,1613.661,1585.761,1593.111,26500.000
2024-03-14,1584.661,1600.501,1577.161,1582.291,19405.000
2024-03-15,1578.161,1598.061,1577.661,1583.151,17834.000
2024-03-18,1580.661,1585.511,1564.661,1573.921,26055.000
2024-03-19,1568.661,1585.601,1558.771,1573.681,23948.000
2024-03-20,1569.021,1579.341,1565.891,1575.261,15249.000
2024-03-21,1573.761,1584.661,1570.161,1574.661,16596.000
2024-03-22,1570.691,1574.651,1553.661,1567.011,25456.000
2024-03-25,1564.201,1564.431,1546.241,1554.671,24473.000
2024-03-26,1553.121,1578.461,1553.121,1574.951,28069.000
2024-03-27,1570.661,1577.661,1564.661,1566.661,18113.000
2024-03-28,1560.661,1583.661,1558.861,1567.301,24642.000
2024-03-29,1567.301,1576.651,1563.761,1568.561,13457.000
2024-04-01,1575.651,1599.661,1574.361,1586.991,27131.000
2024-04-02,1587.661,1590.651,1570.711,1579.651,25449.000
2024-04-03,1599.661,1605.101,1575.681,1580.771,29046.000
2024-04-08,1560.661,1561.661,1528.261,1532.321,59167.000
2024-04-09,1526.331,1538.661,1524.111,1527.881,25590.000
2024-04-10,1527.931,1530.651,1510.661,1513.641,27631.000
2024-04-11,1505.771,1515.661,1500.351,1513.661,22766.000
2024-04-12,1516.661,1529.661,1499.691,1499.691,26744.000
2024-04-15,1500.671,1541.271,1500.641,1538.641,35818.000
2024-04-16,1531.151,1545.221,1524.661,1535.661,26266.000
2024-04-17,1533.661,1540.861,1523.661,1532.661,24819.000
2024-04-18,1524.671,1548.641,1523.841,1536.441,26568.000
2024-04-19,1526.441,1534.161,1506.941,1512.301,23500.000
2024-04-22,1519.661,1544.541,1510.661,1540.721,29951.000
2024-04-23,1540.661,1560.661,1540.661,1557.941,24980.000
2024-04-24,1562.641,1565.571,1548.991,1559.261,17086.000
2024-04-25,1555.991,1561.261,1547.911,1558.701,14476.000
2024-04-26,1559.661,1579.661,1559.641,1575.091,30996.000
2024-04-29,1562.611,1593.661,1559.481,1569.661,41332.000
2024-04-30,1570.671,1595.541,1570.661,1570.661,30760.000
2024-05-06,1599.631,1630.661,1592.661,1625.861,59909.000
2024-05-07,1631.451,1643.461,1622.341,1635.661,24925.000
2024-05-08,1635.351,1635.631,1621.331,1629.631,14769.000
2024-05-09,1623.661,1630.641,1615.661,1621.661,22387.000
2024-05-10,1626.761,1633.541,1599.651,1604.641,26207.000
2024-05-13,1597.681,1598.321,1566.881,1571.661,37662.000
2024-05-14,1571.651,1578.931,1565.671,1567.641,21274.000
2024-05-15,1568.241,1573.661,1564.251,1565.661,15739.000
2024-05-16,1570.661,1575.541,1555.661,1570.161,29680.000
2024-05-17,1565.671,1582.241,1565.661,1580.661,28924.000
2024-05-20,1583.651,1598.651,1573.771,1574.661,31426.000
2024-05-21,1573.661,1575.391,1563.821,1570.661,16293.000
2024-05-22,1568.661,1575.621,1556.661,1563.371,20286.000
2024-05-23,1565.661,1572.041,1555.741,1557.671,18885.000
2024-05-24,1558.661,1560.661,1542.661,1542.741,20217.000
2024-05-27,1543.661,1553.111,1533.671,1535.781,25098.000
2024-05-28,1536.061,1540.831,1528.661,1530.301,23521.000
2024-05-29,1531.661,1545.661,1530.661,1539.661,19651.000
2024-05-30,1540.661,1541.041,1514.661,1514.661,32208.000
2024-05-31,1516.161,1529.161,1514.111,1514.111,21857.000
2024-06-03,1515.661,1516.581,1500.771,1505.051,30261.000
2024-06-04,1506.161,1521.661,1502.211,1518.861,20841.000
2024-06-05,1517.661,1524.341,1508.691,1509.661,19056.000
2024-06-06,1509.321,1517.651,1501.571,1505.471,25610.000
2024-06-07,1511.791,1511.841,1484.671,1484.841,33525.000
2024-06-11,1468.651,1470.661,1432.661,1434.661,70247.000
2024-06-12,1435.661,1455.661,1435.661,1437.341,33171.000
2024-06-13,1442.431,1442.551,1418.811,1420.671,36186.000
2024-06-14,1420.661,1429.621,1386.121,1420.661,59514.000
2024-06-17,1397.951,1414.431,1376.671,1407.161,48318.000
2024-06-18,1396.551,1420.201,1382.341,1387.161,41258.000
2024-06-19,1394.527,1400.537,1378.637,1397.537,41262.000
2024-06-20,1396.537,1412.547,1394.537,1396.637,24711.000
2024-06-21,1397.037,1401.517,1366.757,1367.537,43320.000
2024-06-24,1319.537,1385.527,1310.547,1373.087,63840.000
2024-06-25,1373.537,1399.527,1373.537,1383.187,42098.000
2024-06-26,1376.537,1397.607,1374.337,1385.757,29570.000
2024-06-27,1388.537,1390.507,1364.537,1387.027,32822.000
2024-06-28,1376.537,1391.027,1360.537,1363.927,38582.000
2024-07-01,1365.417,1369.527,1324.537,1336.917,32161.000
2024-07-02,1329.537,1394.537,1329.537,1387.237,51853.000
2024-07-03,1395.537,1409.547,1384.557,1396.537,31573.000
2024-07-04,1401.537,1408.537,1377.667,1382.277,24380.000
2024-07-05,1375.537,1389.717,1346.537,1349.537,38829.000
2024-07-08,1339.537,1354.307,1315.677,1316.537,39527.000
2024-07-09,1316.537,1351.427,1306.637,1334.567,33621.000
2024-07-10,1335.787,1362.417,1331.537,1334.127,23763.000
2024-07-11,1346.507,1365.537,1336.747,1358.627,29020.000
2024-07-12,1369.547,1382.937,1361.987,1375.357,23386.000
2024-07-15,1366.537,1384.537,1366.537,1371.437,19176.000
2024-07-16,1372.537,1378.537,1361.587,1372.537,20316.000
2024-07-17,1372.637,1399.537,1366.557,1397.937,34311.000
2024-07-18,1396.037,1411.537,1389.067,1394.047,28870.000
2024-07-19,1387.347,1425.717,1380.547,1422.157,38943.000
2024-07-22,1421.567,1426.517,1388.187,1395.537,28543.000
2024-07-23,1395.537,1397.537,1351.537,1351.537,30944.000
2024-07-24,1346.737,1360.237,1331.537,1336.557,24123.000
2024-07-25,1336.557,1344.537,1316.547,1327.027,28347.000
2024-07-26,1327.027,1334.257,1307.437,1318.727,32354.000
2024-07-29,1311.537,1318.527,1294.537,1294.557,30869.000
2024-07-30,1282.517,1286.807,1257.837,1276.527,51779.000
2024-07-31,1269.637,1323.807,1269.637,1317.817,43272.000
2024-08-01,1314.537,1316.537,1281.237,1282.697,32038.000
2024-08-02,1270.137,1293.507,1270.137,1281.987,21928.000
2024-08-05,1285.417,1322.537,1282.057,1306.547,37736.000
2024-08-06,1318.537,1320.537,1290.547,1301.237,27444.000
2024-08-07,1302.037,1318.527,1294.837,1312.037,20622.000
2024-08-08,1307.537,1344.717,1305.537,1327.227,25131.000
2024-08-09,1356.567,1365.537,1333.337,1333.337,30138.000
2024-08-12,1326.537,1339.537,1323.117,1332.637,13632.000
2024-08-13,1329.537,1331.537,1308.547,1319.547,16308.000
2024-08-14,1319.547,1321.437,1308.557,1309.837,13414.000
2024-08-15,1301.567,1332.527,1300.487,1323.427,23039.000
2024-08-16,1323.327,1332.457,1313.547,1327.737,16455.000
2024-08-19,1328.537,1355.417,1321.537,1321.977,20433.000
2024-08-20,1326.437,1326.467,1310.537,1319.257,18591.000
2024-08-21,1316.537,1324.517,1312.227,1314.117,15092.000
2024-08-22,1312.537,1316.537,1296.547,1306.587,19527.000
2024-08-23,1304.537,1320.037,1302.657,1311.527,15320.000
2024-08-26,1313.537,1320.397,1299.687,1308.537,15628.000
2024-08-27,1308.537,1309.537,1297.647,1300.607,13657.000
2024-08-28,1300.607,1302.537,1271.537,1285.537,31664.000
2024-08-29,1276.537,1314.537,1276.537,1309.837,27472.000
2024-08-30,1309.537,1354.607,1301.537,1339.727,38739.000
2024-09-02,1326.537,1334.537,1291.537,1291.537,34135.000
2024-09-03,1294.537,1311.517,1289.557,1306.537,17888.000
2024-09-04,1298.537,1315.727,1296.277,1296.537,14211.000
2024-09-05,1297.037,1303.537,1293.537,1301.417,14503.000
2024-09-06,1301.537,1302.537,1294.537,1294.537,10321.000
2024-09-09,1276.547,1290.247,1266.617,1271.537,28638.000
2024-09-10,1266.557,1289.537,1266.557,1274.537,19803.000
2024-09-11,1272.137,1282.417,1261.537,1276.537,20996.000
2024-09-12,1276.537,1281.537,1231.447,1231.597,47948.000
2024-09-13,1227.537,1228.537,1193.837,1200.667,56005.000
2024-09-18,1196.537,1196.547,1163.197,1163.437,46185.000
2024-09-19,1158.537,1189.417,1142.367,1157.537,59988.000
2024-09-20,1158.037,1170.437,1146.567,1160.457,39982.000
2024-09-23,1164.537,1190.037,1157.197,1158.077,45550.000
2024-09-24,1181.627,1269.537,1161.627,1269.137,100413.000
2024-09-25,1296.587,1323.537,1293.247,1295.537,73954.000
2024-09-26,1296.497,1426.407,1292.537,1425.537,97278.000
2024-09-27,1496.537,1525.737,1461.897,1525.737,87922.000
2024-09-30,1588.537,1656.417,1548.537,1644.537,157293.000
2024-10-08,1806.537,1806.537,1576.717,1619.537,194709.000
2024-10-09,1596.537,1596.537,1486.537,1491.687,120197.000
2024-10-10,1518.797,1564.617,1487.537,1536.537,74603.000
2024-10-11,1511.937,1536.497,1486.537,1501.527,41915.000
2024-10-14,1509.537,1517.167,1477.707,1498.527,44812.000
2024-10-15,1495.537,1497.527,1449.547,1450.787,43571.000
2024-10-16,1437.417,1446.337,1406.537,1419.037,46664.000
2024-10-17,1433.537,1434.197,1389.947,1391.137,39460.000
2024-10-18,1389.537,1464.377,1375.497,1437.537,68619.000
2024-10-21,1437.747,1446.507,1417.747,1425.337,42008.000
2024-10-22,1423.097,1456.717,1420.737,1439.537,36269.000
2024-10-23,1440.647,1473.487,1428.537,1464.037,40088.000
2024-10-24,1457.537,1471.537,1441.547,1448.737,23923.000
2024-10-25,1443.537,1471.327,1442.547,1455.387,27745.000
2024-10-28,1456.537,1461.537,1418.767,1461.537,39121.000
2024-10-29,1456.537,1476.537,1426.537,1428.157,41166.000
2024-10-30,1421.537,1447.727,1419.947,1428.537,32006.000
2024-10-31,1428.687,1436.537,1416.537,1424.327,29957.000
2024-11-01,1417.537,1441.667,1417.337,1430.287,32284.000
2024-11-04,1441.467,1446.537,1424.597,1444.737,29093.000
2024-11-05,1436.537,1474.237,1432.547,1473.527,45640.000
2024-11-06,1471.537,1485.527,1457.757,1467.537,37631.000
2024-11-07,1458.997,1550.037,1458.837,1545.677,74739.000
2024-11-08,1557.427,1563.647,1497.547,1506.507,60771.000
2024-11-11,1486.537,1506.487,1463.727,1494.547,43854.000
2024-11-12,1485.537,1519.537,1470.487,1473.737,49223.000
2024-11-13,1464.537,1483.197,1457.817,1475.037,29125.000
2024-11-14,1466.537,1490.987,1462.187,1470.337,29248.000
2024-11-15,1465.537,1480.337,1449.537,1455.537,33761.000
2024-11-18,1458.537,1472.527,1451.537,1455.537,27092.000
2024-11-19,1461.537,1465.907,1421.537,1438.457,33266.000
2024-11-20,1439.537,1450.507,1427.837,1441.347,21345.000
2024-11-21,1440.407,1445.527,1428.537,1441.667,18262.000
2024-11-22,1437.687,1444.307,1404.357,1404.357,33436.000
2024-11-25,1407.537,1428.537,1393.207,1395.107,33186.000
2024-11-26,1395.107,1415.417,1385.417,1405.537,25745.000
2024-11-27,1405.537,1418.687,1401.537,1415.587,25934.000
2024-11-28,1418.537,1421.527,1398.537,1414.537,23952.000
2024-11-29,1413.537,1451.537,1409.747,1422.277,36088.000
2024-12-02,1422.537,1426.527,1411.637,1421.537,26820.000
2024-12-03,1420.537,1425.437,1412.617,1423.277,24807.000
2024-12-04,1416.607,1420.197,1406.537,1416.537,23924.000
2024-12-05,1407.397,1414.397,1406.537,1407.537,16141.000
2024-12-06,1409.537,1435.437,1404.607,1417.547,32040.000
2024-12-09,1418.557,1426.257,1409.737,1415.337,19800.000
2024-12-10,1466.537,1476.267,1441.717,1443.127,60312.000
2024-12-11,1436.537,1451.537,1427.517,1432.137,29671.000
2024-12-12,1428.557,1462.537,1425.537,1462.337,41937.000
2024-12-13,1446.547,1451.527,1415.417,1415.537,49512.000
2024-12-16,1417.537,1425.537,1407.247,1423.737,32537.000
2024-12-17,1422.527,1465.537,1417.547,1454.537,54172.000
2024-12-18,1454.507,1473.537,1443.637,1468.037,41162.000
2024-12-19,1461.677,1464.467,1446.867,1447.547,24809.000
2024-12-20,1451.549,1462.219,1440.439,1442.419,28158.000
2024-12-23,1443.419,1458.419,1437.419,1446.869,21603.000
2024-12-24,1445.419,1464.419,1442.009,1459.239,22105.000
2024-12-25,1459.219,1459.219,1446.519,1450.419,17123.000
2024-12-26,1454.419,1459.199,1443.419,1448.209,18287.000
2024-12-27,1449.319,1456.419,1439.919,1449.389,20759.000
2024-12-30,1454.389,1464.379,1445.419,1445.419,25130.000
2024-12-31,1445.819,1465.419,1442.429,1444.419,39354.000
2025-01-02,1444.419,1444.909,1400.419,1408.419,50029.000
2025-01-03,1414.919,1415.409,1387.429,1395.419,32628.000
2025-01-06,1373.419,1383.079,1353.219,1360.419,44255.000
2025-01-07,1365.079,1372.309,1359.419,1360.619,24221.000
2025-01-08,1360.419,1372.239,1347.079,1362.919,35258.000
2025-01-09,1369.409,1384.999,1353.399,1364.419,29706.000
2025-01-10,1367.519,1372.369,1356.419,1356.419,21872.000
2025-01-13,1345.419,1364.859,1342.429,1364.399,21083.000
2025-01-14,1365.369,1399.099,1362.419,1392.919,30957.000
2025-01-15,1387.419,1395.019,1380.429,1391.689,18399.000
2025-01-16,1394.419,1403.079,1362.419,1366.799,26342.000
2025-01-17,1366.809,1381.419,1366.799,1375.169,18309.000
2025-01-20,1381.419,1410.209,1380.419,1395.219,31410.000
2025-01-21,1401.419,1402.419,1385.419,1388.569,16856.000
2025-01-22,1383.689,1388.369,1358.419,1361.419,28294.000
2025-01-23,1370.389,1388.419,1358.419,1363.419,27125.000
2025-01-24,1362.419,1368.209,1350.729,1356.419,31360.000
2025-01-27,1357.419,1364.389,1347.439,1355.409,29356.000
2025-02-05,1360.419,1363.419,1322.629,1324.219,40757.000
2025-02-06,1320.429,1342.409,1320.429,1333.259,27356.000
2025-02-07,1334.099,1363.099,1323.829,1356.419,37242.000
2025-02-10,1358.419,1360.419,1347.509,1351.929,20840.000
2025-02-11,1355.369,1356.379,1336.319,1338.419,23573.000
2025-02-12,1338.419,1365.419,1337.299,1363.419,25476.000
2025-02-13,1363.439,1395.669,1354.929,1385.479,43385.000
2025-02-14,1385.479,1397.419,1378.639,1395.419,27100.000
2025-02-17,1401.419,1415.399,1387.519,1392.039,32471.000
2025-02-18,1390.419,1413.409,1382.499,1395.419,27800.000
2025-02-19,1395.469,1414.859,1385.319,1411.419,32393.000
2025-02-20,1403.419,1412.389,1393.809,1394.419,23750.000
2025-02-21,1400.419,1417.149,1393.429,1408.629,36418.000
2025-02-24,1408.419,1419.939,1394.419,1399.489,34744.000
2025-02-25,1390.429,1393.809,1372.419,1374.419,28387.000
2025-02-26,1375.869,1385.379,1365.419,1380.429,26366.000
2025-02-27,1380.439,1410.319,1374.419,1405.979,49762.000
2025-02-28,1405.919,1448.799,1402.419,1421.209,56129.000
2025-03-03,1423.019,1441.409,1401.919,1407.439,31596.000
2025-03-04,1405.419,1406.419,1385.629,1390.529,25211.000
2025-03-05,1392.419,1394.419,1380.519,1386.789,24605.000
2025-03-06,1394.419,1430.619,1392.499,1426.399,42168.000
2025-03-07,1423.419,1448.779,1423.419,1441.419,37991.000
2025-03-10,1440.229,1447.299,1426.559,1443.319,31369.000
2025-03-11,1437.419,1469.099,1432.419,1469.099,39776.000
2025-03-12,1467.379,1470.099,1446.769,1462.999,29604.000
2025-03-13,1464.419,1475.919,1451.299,1458.189,25724.000
2025-03-14,1468.079,1548.429,1461.419,1548.429,92913.000
2025-03-17,1577.419,1578.409,1547.299,1558.279,54689.000
2025-03-18,1565.459,1572.419,1542.119,1544.419,31613.000
2025-03-19,1544.709,1568.419,1543.419,1556.129,27390.000
2025-03-20,1556.129,1558.019,1515.489,1524.419,36737.000
2025-03-21,1519.419,1532.619,1489.249,1494.169,33614.000
2025-03-24,1490.419,1510.079,1482.799,1503.419,25566.000
2025-03-25,1508.419,1513.219,1487.079,1495.919,17674.000
2025-03-26,1493.189,1502.999,1491.419,1496.419,14324.000
2025-03-27,1496.419,1518.669,1493.799,1509.419,17956.000
2025-03-28,1511.349,1513.419,1496.419,1505.629,16228.000
2025-03-31,1501.399,1507.379,1480.479,1481.419,21085.000
2025-04-01,1484.419,1490.309,1472.629,1476.439,18556.000
2025-04-02,1478.419,1488.219,1465.919,1469.439,21674.000
2025-04-03,1450.419,1506.419,1449.429,1489.299,35481.000
2025-04-07,1440.429,1457.269,1382.419,1420.419,101953.000
2025-04-08,1433.419,1465.419,1415.419,1465.419,73876.000
2025-04-09,1445.439,1477.219,1440.969,1461.459,55630.000
2025-04-10,1471.409,1475.419,1448.419,1469.419,38620.000
2025-04-11,1500.389,1500.389,1465.419,1489.399,32634.000
2025-04-14,1481.389,1486.419,1471.949,1472.409,21711.000
2025-04-15,1472.419,1485.419,1465.419,1478.419,21489.000
2025-04-16,1472.419,1496.419,1457.419,1479.589,31156.000
2025-04-17,1474.419,1496.919,1470.409,1490.419,23846.000
2025-04-18,1486.419,1495.419,1476.419,1486.359,20298.000
2025-04-21,1485.919,1485.919,1471.419,1471.419,18057.000
2025-04-22,1470.419,1476.719,1463.629,1469.219,18432.000
2025-04-23,1479.419,1479.639,1465.419,1472.419,18669.000
2025-04-24,1472.419,1481.099,1469.399,1472.669,14872.000
2025-04-25,1477.519,1481.619,1470.419,1470.419,14765.000
2025-04-28,1472.419,1475.419,1467.019,1470.419,14660.000
2025-04-29,1470.419,1472.959,1452.439,1464.419,18922.000
2025-04-30,1470.409,1487.079,1466.719,1467.419,25754.000
2025-05-06,1479.419,1479.419,1464.749,1470.619,18300.000
2025-05-07,1490.419,1490.419,1470.619,1475.419,27462.000
2025-05-08,1473.419,1513.199,1470.249,1498.609,33481.000
2025-05-09,1499.409,1517.869,1495.469,1511.599,23672.000
2025-05-12,1518.419,1539.349,1517.029,1524.919,24735.000
2025-05-13,1529.339,1529.339,1505.529,1510.719,21258.000
2025-05-14,1510.419,1565.419,1508.599,1555.409,39460.000
2025-05-15,1555.219,1564.009,1544.549,1552.429,24733.000
2025-05-16,1554.409,1557.409,1534.549,1534.549,22935.000
2025-05-19,1516.419,1520.419,1494.299,1499.399,38063.000
2025-05-20,1500.419,1515.219,1495.519,1506.419,19522.000
2025-05-21,1505.419,1516.359,1501.389,1501.389,19795.000
2025-05-22,1501.409,1505.409,1490.519,1500.419,15090.000
2025-05-23,1495.619,1508.319,1492.079,1493.019,21537.000
2025-05-26,1490.419,1495.049,1465.419,1470.919,27087.000
2025-05-27,1471.419,1479.019,1463.929,1464.319,17752.000
2025-05-28,1464.409,1466.879,1453.419,1457.419,16266.000
2025-05-29,1460.419,1475.419,1452.419,1460.419,21860.000
2025-05-30,1460.569,1465.419,1435.659,1442.419,31239.000
2025-06-03,1428.429,1439.419,1425.439,1429.419,28979.000
2025-06-04,1430.919,1443.419,1429.639,1430.379,23008.000
2025-06-05,1434.419,1436.419,1422.619,1434.419,23214.000
2025-06-06,1434.219,1439.389,1423.419,1426.809,25023.000
2025-06-09,1425.439,1429.119,1406.099,1406.529,44959.000
2025-06-10,1406.419,1412.419,1395.219,1395.429,30492.000
2025-06-11,1397.219,1414.419,1396.519,1400.419,30893.000
2025-06-12,1400.419,1404.289,1374.519,1379.419,49904.000
2025-06-13,1364.829,1370.389,1345.479,1347.369,59113.000
2025-06-16,1321.619,1345.459,1321.599,1342.709,42888.000
2025-06-17,1340.419,1347.419,1332.599,1347.419,27232.000
2025-06-18,1360.419,1363.859,1341.429,1345.419,30761.000
2025-06-19,1346.419,1354.089,1337.599,1346.419,24501.000
2025-06-20,1343.999,1361.559,1340.619,1349.079,34816.000
2025-06-23,1340.419,1353.419,1325.599,1340.419,26723.000
2025-06-24,1343.769,1372.099,1343.769,1357.619,36312.000
2025-06-25,1359.529,1369.619,1340.929,1356.279,41050.000
2025-06-26,1363.019,1376.019,1358.099,1368.019,34860.000
2025-06-27,1368.029,1371.019,1351.109,1351.109,38250.000
2025-06-30,1351.519,1361.249,1350.019,1357.539,30457.000
2025-07-01,1357.019,1359.959,1351.329,1353.119,19878.000
2025-07-02,1357.519,1362.819,1348.019,1357.619,26218.000
2025-07-03,1360.019,1370.709,1356.019,1363.619,24413.000
2025-07-04,1363.719,1379.909,1358.029,1370.239,28767.000
2025-07-07,1370.299,1371.519,1358.029,1358.719,23855.000
2025-07-08,1358.729,1368.019,1358.719,1364.129,18674.000
2025-07-09,1363.019,1377.989,1362.189,1366.899,27745.000
2025-07-10,1366.989,1384.199,1358.419,1374.519,38725.000
2025-07-11,1371.179,1406.019,1371.179,1375.019,57243.000
2025-07-14,1378.019,1382.999,1369.619,1371.619,27781.000
2025-07-15,1368.999,1370.949,1356.339,1359.019,35406.000
2025-07-16,1358.029,1365.509,1357.969,1359.049,21286.000
2025-07-17,1361.999,1371.029,1360.899,1364.369,23106.000
2025-07-18,1368.019,1385.829,1364.399,1385.019,41823.000
2025-07-21,1385.009,1394.819,1383.019,1391.019,26203.000
2025-07-22,1392.019,1414.619,1388.699,1412.999,42119.000
2025-07-23,1417.019,1443.019,1416.969,1423.519,45045.000
2025-07-24,1424.019,1447.019,1423.019,1439.519,38804.000
2025-07-25,1439.419,1439.419,1401.019,1403.019,41911.000
2025-07-28,1401.019,1403.009,1384.319,1386.679,38586.000
2025-07-29,1387.619,1396.809,1383.029,1387.019,26304.000
2025-07-30,1392.019,1405.179,1385.019,1397.459,31868.000
2025-07-31,1391.019,1392.889,1366.019,1369.689,51798.000
2025-08-01,1369.889,1373.979,1362.019,1365.019,29636.000
2025-08-04,1363.019,1367.819,1362.019,1367.019,18688.000
2025-08-05,1369.019,1377.959,1365.129,1375.759,25342.000
2025-08-06,1377.019,1377.019,1367.319,1371.899,23699.000
2025-08-07,1371.899,1375.719,1368.079,1370.369,28001.000
2025-08-08,1371.069,1374.519,1366.019,1368.989,18655.000
2025-08-11,1371.519,1400.009,1371.019,1393.019,47159.000
2025-08-12,1397.019,1413.089,1384.019,1385.059,42019.000
2025-08-13,1373.019,1381.699,1368.019,1368.069,65528.000
2025-08-14,1368.959,1395.529,1368.959,1375.009,48129.000
2025-08-15,1374.029,1376.679,1368.239,1370.099,47582.000
2025-08-18,1375.009,1384.659,1371.119,1376.519,47378.000
2025-08-19,1381.519,1394.679,1380.019,1386.019,46372.000
2025-08-20,1386.019,1400.819,1378.039,1398.019,45805.000
2025-08-21,1401.469,1403.009,1391.669,1396.269,30891.000
2025-08-22,1396.899,1412.019,1392.789,1411.969,44971.000
2025-08-25,1418.029,1444.019,1414.019,1438.349,65325.000
2025-08-26,1438.339,1442.249,1428.029,1429.629,39602.000
2025-08-27,1429.899,1432.949,1396.019,1396.019,56006.000
2025-08-28,1395.989,1404.119,1386.789,1394.119,39282.000
2025-08-29,1401.019,1430.599,1400.019,1428.019,62256.000
2025-09-01,1430.219,1436.019,1413.719,1424.119,45123.000
2025-09-02,1426.679,1457.019,1426.019,1439.319,56688.000
2025-09-03,1439.019,1451.519,1414.019,1428.569,45045.000
2025-09-04,1420.019,1427.319,1408.489,1420.679,47747.000
2025-09-05,1419.019,1434.989,1412.019,1431.019,37388.000
2025-09-08,1431.019,1454.459,1425.519,1449.249,51383.000
2025-09-09,1453.019,1457.969,1441.439,1453.019,35743.000
2025-09-10,1454.679,1477.969,1444.019,1470.029,49663.000
2025-09-11,1470.029,1474.039,1456.519,1471.519,37239.000
2025-09-12,1474.019,1486.039,1458.549,1464.019,33722.000
2025-09-15,1463.889,1465.499,1449.519,1463.119,25827.000
2025-09-16,1463.119,1469.009,1444.229,1447.999,32718.000
2025-09-17,1448.009,1458.299,1438.029,1441.019,30331.000
2025-09-18,1440.019,1445.819,1411.519,1415.979,49721.000
2025-09-19,1416.009,1423.519,1405.029,1415.989,32637.000
2025-09-22,1413.109,1415.989,1398.029,1401.369,34947.000
2025-09-23,1398.519,1405.519,1388.019,1395.439,38663.000
2025-09-24,1382.089,1404.799,1382.089,1390.019,30744.000
2025-09-25,1390.849,1393.229,1384.019,1387.019,33870.000
2025-09-26,1389.199,1395.129,1376.029,1383.019,45121.000
2025-09-29,1387.399,1418.009,1383.019,1408.879,53684.000
2025-09-30,1408.019,1408.779,1388.019,1392.009,39364.000
2025-10-09,1384.019,1387.399,1368.019,1384.799,54918.000
2025-10-10,1385.619,1387.959,1375.519,1378.019,36001.000
2025-10-13,1363.719,1370.869,1363.139,1367.219,46069.000
2025-10-14,1378.009,1412.019,1378.009,1399.039,66672.000
2025-10-15,1398.999,1411.019,1393.099,1410.019,42785.000
2025-10-16,1409.939,1432.969,1406.899,1432.929,45730.000
2025-10-17,1431.119,1436.019,1402.049,1403.019,38086.000
2025-10-20,1403.019,1417.519,1402.899,1405.949,25950.000
2025-10-21,1407.019,1417.959,1403.519,1410.279,25443.000
2025-10-22,1410.099,1413.749,1404.019,1406.719,18195.000
2025-10-23,1403.019,1416.819,1395.219,1415.999,29322.000
2025-10-24,1415.969,1426.899,1397.359,1398.019,38226.000
2025-10-27,1388.019,1400.509,1384.009,1388.429,37102.000
2025-10-28,1390.019,1399.219,1389.119,1393.019,27124.000
2025-10-29,1388.039,1394.569,1378.059,1379.919,33937.000
2025-10-30,1369.829,1384.649,1369.829,1374.759,47456.000
2025-10-31,1370.019,1383.999,1368.129,1378.029,35694.000
2025-11-03,1379.019,1396.019,1368.119,1383.019,34548.000
2025-11-04,1383.119,1383.799,1371.799,1377.019,26566.000
2025-11-05,1373.909,1379.009,1368.029,1368.099,34475.000
2025-11-06,1378.019,1389.469,1378.009,1383.149,38348.000
2025-11-07,1383.129,1387.799,1379.129,1381.349,18861.000
2025-11-10,1383.019,1411.709,1382.999,1410.319,49452.000
2025-11-11,1410.019,1410.199,1395.019,1407.009,26692.000
2025-11-12,1407.999,1426.379,1407.229,1413.169,32992.000
2025-11-13,1410.139,1421.599,1406.019,1418.399,31179.000
2025-11-14,1418.019,1426.969,1404.319,1404.619,27473.000
2025-11-17,1402.019,1421.019,1393.809,1419.019,34462.000
2025-11-18,1418.719,1434.089,1417.019,1424.019,34205.000
2025-11-19,1422.019,1427.549,1417.979,1419.029,22045.000
2025-11-20,1420.019,1427.919,1413.049,1415.129,24002.000
2025-11-21,1418.519,1428.019,1404.019,1414.619,42607.000
2025-11-24,1415.019,1419.019,1399.149,1400.019,33607.000
2025-11-25,1406.019,1406.019,1392.519,1392.669,28441.000
2025-11-26,1396.899,1401.509,1391.599,1397.169,20306.000
2025-11-27,1397.519,1398.019,1387.059,1395.319,22287.000
2025-11-28,1394.519,1403.519,1391.019,1398.519,23211.000
2025-12-01,1399.019,1410.289,1390.019,1396.019,27333.000
2025-12-02,1396.019,1399.939,1383.039,1384.049,25047.000
2025-12-03,1383.829,1383.989,1376.019,1377.119,23573.000
2025-12-04,1377.119,1380.519,1366.399,1371.999,29075.000
2025-12-05,1371.999,1381.109,1367.519,1378.029,25402.000
2025-12-08,1377.219,1384.689,1366.019,1366.239,33603.000
2025-12-09,1366.249,1369.019,1348.069,1349.029,42634.000
2025-12-10,1348.019,1350.819,1331.199,1350.819,33133.000
2025-12-11,1354.679,1360.009,1349.569,1360.009,22385.000
2025-12-12,1366.019,1373.019,1361.589,1368.669,37159.000
2025-12-15,1387.609,1388.009,1373.589,1374.019,33359.000
2025-12-16,1374.219,1376.799,1363.019,1370.019,23964.000
2025-12-17,1373.019,1387.959,1365.699,1381.119,31382.000
2025-12-18,1381.519,1386.899,1374.129,1379.019,17830.000
2025-12-19,1381.976,1384.426,1372.986,1381.976,26509.000
2025-12-22,1381.976,1386.116,1378.556,1380.236,20426.000
2025-12-23,1380.236,1384.906,1369.166,1379.836,24507.000
2025-12-24,1376.966,1378.336,1371.976,1372.876,25187.000
2025-12-25,1376.976,1391.456,1373.356,1386.146,23386.000
2025-12-26,1386.146,1391.116,1381.976,1386.106,17803.000
2025-12-29,1386.106,1386.106,1372.976,1373.976,26308.000
2025-12-30,1372.976,1373.876,1357.976,1361.696,33792.000
2025-12-31,1361.976,1365.976,1349.146,1349.156,34766.000
2026-01-05,1356.976,1403.856,1356.976,1397.976,70949.000
2026-01-06,1404.526,1408.946,1388.506,1399.986,39586.000
2026-01-07,1404.856,1406.976,1392.176,1395.336,29684.000
2026-01-08,1395.306,1395.336,1380.116,1384.276,29135.000
2026-01-09,1388.976,1400.576,1387.986,1391.076,29848.000
2026-01-12,1391.076,1402.976,1389.076,1395.206,36083.000
2026-01-13,1398.766,1401.496,1380.966,1382.976,39169.000
2026-01-14,1382.976,1394.226,1368.156,1369.986,51758.000
2026-01-15,1367.996,1374.806,1360.556,1360.866,40907.000
2026-01-16,1366.976,1369.476,1351.976,1353.976,55121.000
2026-01-19,1353.876,1359.466,1346.976,1347.976,42286.000
2026-01-20,1351.476,1353.556,1344.026,1345.526,36484.000
2026-01-21,1345.536,1346.376,1321.976,1323.036,64516.000
2026-01-22,1323.986,1333.736,1309.456,1312.036,59011.000
2026-01-23,1312.076,1319.976,1304.446,1308.976,61949.000
2026-01-26,1312.486,1326.976,1297.096,1313.976,80166.000
2026-01-27,1316.956,1325.676,1309.976,1314.986,48416.000
2026-01-28,1315.016,1318.686,1293.986,1295.666,76218.000
2026-01-29,1306.976,1416.976,1301.036,1409.696,189534.000
2026-01-30,1406.976,1406.976,1372.976,1372.976,94480.000
2026-02-02,1396.976,1430.556,1383.596,1398.976,85724.000
2026-02-03,1416.976,1448.786,1415.006,1446.896,86321.000
2026-02-04,1456.976,1505.246,1445.976,1496.976,109123.000
2026-02-05,1491.976,1536.976,1486.976,1526.976,91623.000
2026-02-06,1526.976,1539.976,1477.856,1486.986,78965.000
2026-02-09,1489.976,1514.856,1485.466,1496.936,51168.000
2026-02-10,1496.946,1496.946,1468.476,1476.776,39576.000
2026-02-11,1476.776,1485.976,1467.976,1476.306,30928.000
2026-02-12,1472.176,1474.796,1445.336,1458.576,46246.000
2026-02-13,1458.576,1479.776,1442.556,1457.276,41679.000
2026-02-24,1492.976,1496.376,1435.576,1438.776,41913.000
2026-02-25,1441.976,1481.636,1439.856,1463.636,36881.000
2026-02-26,1458.576,1461.466,1436.646,1438.186,32958.000
2026-02-27,1438.966,1448.186,1426.996,1426.996,32160.000
2026-03-02,1421.976,1428.976,1408.636,1412.086,35454.000
2026-03-03,1412.076,1424.846,1394.106,1398.166,45891.000
2026-03-04,1386.976,1394.976,1364.066,1373.156,48014.000
2026-03-05,1377.976,1384.936,1366.976,1371.016,30505.000
2026-03-06,1366.976,1379.476,1359.976,1373.976,29154.000
2026-03-09,1361.976,1376.876,1355.176,1368.976,37442.000
2026-03-10,1376.876,1381.466,1369.976,1373.856,24626.000
2026-03-11,1374.966,1377.966,1369.996,1371.976,24457.000
2026-03-12,1366.976,1375.926,1362.986,1363.976,27586.000
2026-03-13,1364.456,1389.596,1363.976,1385.616,33608.000
2026-03-16,1391.976,1437.976,1391.976,1432.156,60086.000
2026-03-17,1439.976,1470.046,1433.166,1456.976,49454.000
2026-03-18,1460.976,1468.476,1435.126,1440.776,35551.000
2026-03-19,1444.936,1444.976,1417.976,1424.846,30319.000
2026-03-20,1424.936,1434.476,1410.976,1416.976,26132.000
2026-03-23,1405.306,1406.976,1372.006,1380.046,47256.000
2026-03-24,1387.976,1389.566,1372.156,1379.306,28562.000
2026-03-25,1382.086,1389.846,1372.986,1382.246,26093.000
2026-03-26,1380.976,1385.876,1372.276,1373.156,23093.000
2026-03-27,1371.976,1397.976,1368.636,1387.996,30087.000
2026-03-30,1378.976,1402.976,1374.496,1391.976,28685.000
2026-03-31,1439.976,1451.906,1420.386,1421.976,61691.000
2026-04-01,1436.466,1441.966,1424.856,1431.416,29125.000
2026-04-02,1431.416,1436.856,1424.076,1431.856,21064.000
2026-04-03,1431.516,1441.936,1426.976,1431.976,20194.000
2026-04-07,1432.026,1441.976,1407.026,1411.996,24152.000
2026-04-08,1431.976,1441.056,1424.106,1436.996,33836.000
2026-04-09,1436.996,1436.996,1419.476,1432.466,20705.000
2026-04-10,1431.116,1431.686,1413.076,1425.936,28866.000
2026-04-13,1415.976,1418.476,1404.976,1415.286,25214.000
2026-04-14,1414.576,1420.576,1406.976,1418.876,24233.000
2026-04-15,1416.956,1442.766,1413.976,1439.476,34553.000
2026-04-16,1439.426,1449.386,1431.976,1434.816,24513.000
2026-04-17,1371.976,1392.976,1371.846,1379.216,96825.000
2026-04-20,1374.976,1385.916,1371.976,1382.866,36451.000
2026-04-21,1382.976,1391.876,1381.976,1383.986,21754.000
2026-04-22,1386.976,1390.976,1376.956,1381.476,26916.000
2026-04-23,1379.976,1391.676,1377.076,1390.976,37701.000
2026-04-24,1385.076,1430.856,1385.076,1430.466,55455.000
2026-04-27,1391.976,1391.976,1374.176,1375.176,72798.000
2026-04-28,1373.976,1381.366,1372.086,1376.976,34004.000
2026-04-29,1376.976,1381.726,1372.256,1373.146,34813.000
2026-04-30,1371.976,1373.146,1351.976,1356.766,52753.000
2026-05-06,1337.076,1350.976,1332.026,1346.976,47806.000
2026-05-07,1346.976,1359.976,1341.986,1343.026,40461.000
2026-05-08,1343.636,1354.746,1341.976,1344.966,33369.000
2026-05-11,1344.866,1344.866,1332.976,1333.306,57135.000
2026-05-12,1333.976,1335.556,1322.476,1326.526,50837.000
2026-05-13,1326.476,1330.576,1309.976,1316.066,56968.000
2026-05-14,1309.976,1341.036,1307.156,1314.146,55244.000
2026-05-15,1307.126,1311.256,1299.086,1304.926,58184.000
2026-05-18,1307.976,1314.656,1291.586,1294.976,49661.000
2026-05-19,1293.876,1301.966,1289.976,1296.276,43255.000
2026-05-20,1292.976,1304.966,1285.976,1286.976,47487.000
2026-05-21,1284.956,1295.496,1282.976,1282.976,38868.000
2026-05-22,1282.926,1283.886,1262.096,1262.176,49157.000
2026-05-25,1258.976,1276.766,1248.976,1257.856,46353.000
2026-05-26,1257.326,1261.866,1241.986,1245.356,45932.000
2026-05-27,1239.996,1290.976,1222.076,1274.976,82728.000
2026-05-28,1261.976,1275.976,1242.976,1247.956,45890.000
2026-05-29,1242.576,1300.976,1241.976,1297.976,76478.000
2026-06-01,1298.976,1298.976,1273.286,1281.576,43845.000
2026-06-02,1277.976,1298.336,1272.976,1279.196,36362.000
2026-06-03,1275.976,1275.976,1247.976,1253.886,52477.000
2026-06-04,1250.966,1260.966,1238.666,1239.976,33506.000
2026-06-05,1249.976,1254.976,1239.716,1244.836,31304.000
2026-06-08,1243.976,1249.976,1231.976,1234.956,30828.000
2026-06-09,1234.966,1234.976,1224.526,1227.976,27860.000
2026-06-10,1224.056,1253.976,1222.186,1247.856,39244.000
2026-06-11,1244.096,1254.856,1238.886,1250.976,25352.000
2026-06-12,1243.156,1266.976,1236.986,1263.886,50495.000
2026-06-15,1264.676,1264.676,1242.076,1243.076,41586.000
2026-06-16,1238.986,1239.856,1226.976,1227.646,34970.000
2026-06-17,1229.976,1231.746,1210.536,1211.976,44803.000
2026-06-18,1206.976,1210.846,1183.196,1186.976,57472.000
2026-06-22,1186.286,1224.776,1176.976,1213.386,58251.000
2026-06-23,1210.976,1235.976,1188.976,1194.426,58004.000
2026-06-24,1194.626,1213.846,1179.486,1179.656,45335.000
2026-06-25,1178.976,1198.976,1171.976,1184.076,48446.000
2026-06-26,1199.000,1199.000,1168.100,1168.630,50066.000
2026-06-29,1169.000,1215.000,1151.010,1194.960,66878.000
2026-06-30,1187.000,1195.670,1176.000,1185.490,39608.000
2026-07-01,1180.100,1196.800,1166.330,1193.010,42474.000
2026-07-02,1193.010,1215.520,1190.510,1203.000,50870.000
2026-07-03,1205.240,1210.140,1185.000,1194.450,34268.000
2026-07-06,1186.000,1215.000,1180.000,1206.910,40970.000
2026-07-07,1200.000,1202.000,1188.110,1188.800,27365.000
2026-07-08,1188.770,1200.980,1177.000,1199.300,25776.000
2026-07-09,1191.000,1191.990,1178.000,1182.190,34096.000
2026-07-10,1182.200,1204.980,1170.280,1204.980,52213.000
2026-07-13,1197.120,1215.000,1190.190,1210.990,41983.000
2026-07-14,1208.990,1226.870,1205.000,1214.880,43527.000
2026-07-15,1203.660,1256.600,1198.660,1251.060,71944.000
2026-07-16,1252.000,1267.970,1245.050,1258.990,47611.000
2026-07-17,1269.010,1269.330,1238.980,1253.000,58417.000
2026-07-20,1270.000,1329.000,1266.000,1327.500,106151.000
2026-07-21,1338.980,1344.700,1296.870,1308.000,77148.000
2026-07-22,1300.000,1308.000,1283.240,1305.000,65181.000
2026-07-23,1299.800,1303.000,1285.430,1292.010,33918.000
2026-07-24,1305.000,1309.210,1286.200,1297.410,35699.000
2026-07-27,1308.000,1308.000,1279.580,1289.500,31990.000
2026-07-28,1299.000,1320.000,1289.520,1320.000,53135.000
2026-07-29,1333.830,1343.480,1312.060,1321.000,62330.000
2026-07-30,1323.000,1362.000,1322.000,1361.760,71873.000
2026-07-31,1330.030,1355.720,1325.770,1350.600,55128.000
2026-08-03,1350.600,1363.350,1346.000,1358.980,36147.000
2026-08-04,1350.060,1350.940,1328.360,1328.360,37450.000
2026-08-05,1328.360,1333.800,1303.500,1306.450,42689.000
2026-08-06,1310.000,1314.400,1300.010,1308.550,25463.000
2026-08-07,1308.660,1315.280,1301.000,1309.220,24976.000
2026-08-10,1325.000,1359.970,1318.080,1348.860,62686.000
2026-08-11,1348.000,1352.650,1338.000,1346.500,27073.000
2026-08-12,1346.500,1356.880,1332.510,1343.000,35060.000
2026-08-13,1338.000,1359.600,1337.000,1355.290,32353.000
2026-08-14,1355.000,1359.000,1338.140,1341.990,29853.000
2026-08-17,1295.000,1301.000,1280.340,1293.090,78430.000
2026-08-18,1291.000,1302.900,1285.170,1297.990,38723.000
2026-08-19,1300.000,1308.880,1290.500,1307.880,37548.000
2026-08-20,1299.800,1306.880,1291.000,1291.500,25332.000
2026-08-21,1291.500,1291.500,1272.010,1272.830,33472.000
2026-08-24,1271.010,1313.800,1270.330,1304.660,48440.000
2026-08-25,1311.890,1317.000,1301.110,1304.000,21111.000
2026-08-26,1300.000,1314.450,1295.000,1302.800,21731.000
2026-08-27,1304.000,1305.000,1288.000,1292.300,24767.000
2026-08-28,1289.000,1297.890,1288.000,1297.400,16126.000
2026-08-31,1297.990,1305.000,1286.000,1299.520,23248.000
2026-09-01,1295.000,1307.990,1286.100,1299.560,32664.000
2026-09-02,1302.800,1303.000,1291.200,1297.500,20308.000
2026-09-03,1297.500,1305.000,1293.020,1298.880,17748.000
2026-09-04,1295.880,1338.860,1295.600,1330.000,45416.000
2026-09-07,1324.000,1333.600,1312.660,1316.010,25250.000
2026-09-08,1318.000,1323.000,1309.050,1309.300,17534.000
2026-09-09,1305.010,1309.300,1286.680,1290.880,32226.000
2026-09-10,1291.000,1294.990,1282.000,1285.130,18900.000
2026-09-11,1285.150,1286.150,1263.010,1275.160,34801.000
2026-09-14,1277.270,1285.530,1270.360,1277.960,16571.000
2026-09-15,1281.000,1284.500,1271.280,1272.750,13762.000
2026-09-16,1273.930,1274.980,1254.100,1258.000,26235.000
2026-09-17,1257.980,1267.600,1254.000,1266.980,17554.000
